<?xml version="1.0" encoding="ISO-8859-1"?>
<!-- Sid Meier's Civilization 4 Beyond the Sword -->
<!-- Modified by the Civ Gold Team -->
<!-- -->
<Civ4GameText xmlns="http://www.firaxis.com">
	<TEXT>
		<Tag>TXT_KEY_LEADER_BAYANCHUR</Tag>
		<English>Bayanchur</English>
		<French>Bayanchur</French>
		<German>Bayanchur</German>
		<Italian>Bayanchur</Italian>
		<Spanish>Bayanchur</Spanish>
	</TEXT>
	<TEXT>
		<Tag>TXT_KEY_LEADER_BAYANCHUR_PEDIA</Tag>
		<English>[H1]Bayanchur Khan[\H1][NEWLINE][BOLD]Emperor of the Uyghur Empire[\BOLD][NEWLINE][BOLD]Lived: [\BOLD] c.720-759 AD [NEWLINE][PARAGRAPH:2][BOLD]Background:[\BOLD][NEWLINE][TAB]Bayanchur Khan belonged to ruling Yaghlaqar ("people of the Sun") tribe of on-uyghur (ten tribes federates), toquz-oghuz (nine tribes federates) Confederation. Under his ruling members of Confederation accepted new common name- "Uyghur", meaning United and consisting of two parts: Uy or Uymak (To ally) and Ghur (Consent), i.e. free people (Erkin Budun) agreed to ally on highly democratic, voluntary, principles and created union to ensure security and prosperity of present and future generations (national idea).[PARAGRAPH:1]The uyghur flag of Bayanchur Khan portrayed a gold wolf's head, a symbol of freedom. The background of the uyghur flag was blue with crescent on it- symbol of Moon Heaven.[PARAGRAPH:1]The new capital was established in Uyghur Empire in 751 A.D. during Bayanchur Khan ruling - Ordu-Baliq (Ordu means "Court", Baliq means "City", i.e. city of court, ruling or governing city) was built with help of invited Chinese and sogdian builders near Orkhon River, it had city walls made of brown bricks, surrounded all city with water canal around of strictly rectangular perimeter, and separate Citadel, also surrounded by walls with two gates and watch towers, where khaqan (Khan) and nobles lived with their families.[PARAGRAPH:1]Soon another city Bai-Baliq ("Rich city") was built on the Selenge River as result of expanding the Uyghur Empire north to Lake Baikal ("Rich lake").[PARAGRAPH:1]Bayanchur Khan died after completion of successful expedition against "wild people" or tribes of Sayan Mountains in 759 A.D., during feast devoted to victory. 14 forts (made of baked bricks) were erected in Tuva valley with permanently stationed garrisons in the foots of Sayan Mountains near the sources of Yenisei ("New sources of water, river") River during that expedition. Its main purpose was a neutralization of the emerged threat from the North- allegation proved to be fatally true in 840 A.D., when Uyghur Empire collapsed.</English>
		<French>[H1]Bayanchur Khan[\H1][NEWLINE][BOLD]Emperor of the Uyghur Empire[\BOLD][NEWLINE][BOLD]Lived: [\BOLD] c.720-759 AD [NEWLINE][PARAGRAPH:2][BOLD]Background:[\BOLD][NEWLINE][TAB]Bayanchur Khan belonged to ruling Yaghlaqar ("people of the Sun") tribe of on-uyghur (ten tribes federates), toquz-oghuz (nine tribes federates) Confederation. Under his ruling members of Confederation accepted new common name- "Uyghur", meaning United and consisting of two parts: Uy or Uymak (To ally) and Ghur (Consent), i.e. free people (Erkin Budun) agreed to ally on highly democratic, voluntary, principles and created union to ensure security and prosperity of present and future generations (national idea).[PARAGRAPH:1]The uyghur flag of Bayanchur Khan portrayed a gold wolf's head, a symbol of freedom. The background of the uyghur flag was blue with crescent on it- symbol of Moon Heaven.[PARAGRAPH:1]The new capital was established in Uyghur Empire in 751 A.D. during Bayanchur Khan ruling - Ordu-Baliq (Ordu means "Court", Baliq means "City", i.e. city of court, ruling or governing city) was built with help of invited Chinese and sogdian builders near Orkhon River, it had city walls made of brown bricks, surrounded all city with water canal around of strictly rectangular perimeter, and separate Citadel, also surrounded by walls with two gates and watch towers, where khaqan (Khan) and nobles lived with their families.[PARAGRAPH:1]Soon another city Bai-Baliq ("Rich city") was built on the Selenge River as result of expanding the Uyghur Empire north to Lake Baikal ("Rich lake").[PARAGRAPH:1]Bayanchur Khan died after completion of successful expedition against "wild people" or tribes of Sayan Mountains in 759 A.D., during feast devoted to victory. 14 forts (made of baked bricks) were erected in Tuva valley with permanently stationed garrisons in the foots of Sayan Mountains near the sources of Yenisei ("New sources of water, river") River during that expedition. Its main purpose was a neutralization of the emerged threat from the North- allegation proved to be fatally true in 840 A.D., when Uyghur Empire collapsed.</French>
		<German>[H1]Bayanchur Khan[\H1][NEWLINE][BOLD]Emperor of the Uyghur Empire[\BOLD][NEWLINE][BOLD]Lived: [\BOLD] c.720-759 AD [NEWLINE][PARAGRAPH:2][BOLD]Background:[\BOLD][NEWLINE][TAB]Bayanchur Khan belonged to ruling Yaghlaqar ("people of the Sun") tribe of on-uyghur (ten tribes federates), toquz-oghuz (nine tribes federates) Confederation. Under his ruling members of Confederation accepted new common name- "Uyghur", meaning United and consisting of two parts: Uy or Uymak (To ally) and Ghur (Consent), i.e. free people (Erkin Budun) agreed to ally on highly democratic, voluntary, principles and created union to ensure security and prosperity of present and future generations (national idea).[PARAGRAPH:1]The uyghur flag of Bayanchur Khan portrayed a gold wolf's head, a symbol of freedom. The background of the uyghur flag was blue with crescent on it- symbol of Moon Heaven.[PARAGRAPH:1]The new capital was established in Uyghur Empire in 751 A.D. during Bayanchur Khan ruling - Ordu-Baliq (Ordu means "Court", Baliq means "City", i.e. city of court, ruling or governing city) was built with help of invited Chinese and sogdian builders near Orkhon River, it had city walls made of brown bricks, surrounded all city with water canal around of strictly rectangular perimeter, and separate Citadel, also surrounded by walls with two gates and watch towers, where khaqan (Khan) and nobles lived with their families.[PARAGRAPH:1]Soon another city Bai-Baliq ("Rich city") was built on the Selenge River as result of expanding the Uyghur Empire north to Lake Baikal ("Rich lake").[PARAGRAPH:1]Bayanchur Khan died after completion of successful expedition against "wild people" or tribes of Sayan Mountains in 759 A.D., during feast devoted to victory. 14 forts (made of baked bricks) were erected in Tuva valley with permanently stationed garrisons in the foots of Sayan Mountains near the sources of Yenisei ("New sources of water, river") River during that expedition. Its main purpose was a neutralization of the emerged threat from the North- allegation proved to be fatally true in 840 A.D., when Uyghur Empire collapsed.</German>
		<Italian>[H1]Bayanchur Khan[\H1][NEWLINE][BOLD]Emperor of the Uyghur Empire[\BOLD][NEWLINE][BOLD]Lived: [\BOLD] c.720-759 AD [NEWLINE][PARAGRAPH:2][BOLD]Background:[\BOLD][NEWLINE][TAB]Bayanchur Khan belonged to ruling Yaghlaqar ("people of the Sun") tribe of on-uyghur (ten tribes federates), toquz-oghuz (nine tribes federates) Confederation. Under his ruling members of Confederation accepted new common name- "Uyghur", meaning United and consisting of two parts: Uy or Uymak (To ally) and Ghur (Consent), i.e. free people (Erkin Budun) agreed to ally on highly democratic, voluntary, principles and created union to ensure security and prosperity of present and future generations (national idea).[PARAGRAPH:1]The uyghur flag of Bayanchur Khan portrayed a gold wolf's head, a symbol of freedom. The background of the uyghur flag was blue with crescent on it- symbol of Moon Heaven.[PARAGRAPH:1]The new capital was established in Uyghur Empire in 751 A.D. during Bayanchur Khan ruling - Ordu-Baliq (Ordu means "Court", Baliq means "City", i.e. city of court, ruling or governing city) was built with help of invited Chinese and sogdian builders near Orkhon River, it had city walls made of brown bricks, surrounded all city with water canal around of strictly rectangular perimeter, and separate Citadel, also surrounded by walls with two gates and watch towers, where khaqan (Khan) and nobles lived with their families.[PARAGRAPH:1]Soon another city Bai-Baliq ("Rich city") was built on the Selenge River as result of expanding the Uyghur Empire north to Lake Baikal ("Rich lake").[PARAGRAPH:1]Bayanchur Khan died after completion of successful expedition against "wild people" or tribes of Sayan Mountains in 759 A.D., during feast devoted to victory. 14 forts (made of baked bricks) were erected in Tuva valley with permanently stationed garrisons in the foots of Sayan Mountains near the sources of Yenisei ("New sources of water, river") River during that expedition. Its main purpose was a neutralization of the emerged threat from the North- allegation proved to be fatally true in 840 A.D., when Uyghur Empire collapsed.</Italian>
		<Spanish>[H1]Bayanchur Khan[\H1][NEWLINE][BOLD]Emperor of the Uyghur Empire[\BOLD][NEWLINE][BOLD]Lived: [\BOLD] c.720-759 AD [NEWLINE][PARAGRAPH:2][BOLD]Background:[\BOLD][NEWLINE][TAB]Bayanchur Khan belonged to ruling Yaghlaqar ("people of the Sun") tribe of on-uyghur (ten tribes federates), toquz-oghuz (nine tribes federates) Confederation. Under his ruling members of Confederation accepted new common name- "Uyghur", meaning United and consisting of two parts: Uy or Uymak (To ally) and Ghur (Consent), i.e. free people (Erkin Budun) agreed to ally on highly democratic, voluntary, principles and created union to ensure security and prosperity of present and future generations (national idea).[PARAGRAPH:1]The uyghur flag of Bayanchur Khan portrayed a gold wolf's head, a symbol of freedom. The background of the uyghur flag was blue with crescent on it- symbol of Moon Heaven.[PARAGRAPH:1]The new capital was established in Uyghur Empire in 751 A.D. during Bayanchur Khan ruling - Ordu-Baliq (Ordu means "Court", Baliq means "City", i.e. city of court, ruling or governing city) was built with help of invited Chinese and sogdian builders near Orkhon River, it had city walls made of brown bricks, surrounded all city with water canal around of strictly rectangular perimeter, and separate Citadel, also surrounded by walls with two gates and watch towers, where khaqan (Khan) and nobles lived with their families.[PARAGRAPH:1]Soon another city Bai-Baliq ("Rich city") was built on the Selenge River as result of expanding the Uyghur Empire north to Lake Baikal ("Rich lake").[PARAGRAPH:1]Bayanchur Khan died after completion of successful expedition against "wild people" or tribes of Sayan Mountains in 759 A.D., during feast devoted to victory. 14 forts (made of baked bricks) were erected in Tuva valley with permanently stationed garrisons in the foots of Sayan Mountains near the sources of Yenisei ("New sources of water, river") River during that expedition. Its main purpose was a neutralization of the emerged threat from the North- allegation proved to be fatally true in 840 A.D., when Uyghur Empire collapsed.</Spanish>
	</TEXT>
	<TEXT>
		<Tag>AI_DIPLO_FIRST_CONTACT_LEADER_BAYANCHUR_1</Tag>
		<English>Greetings! I am [OUR_NAME] of the [OUR_EMPIRE], born with glory on Moon Heaven.</English>
		<French>Salutations ! Je suis [OUR_NAME] du peuple ou�ghour, n� avec la gloire du paradis lunaire.</French>
		<German>Greetings! I am [OUR_NAME] of the [OUR_EMPIRE], born with glory on Moon Heaven.</German>
		<Italian>Greetings! I am [OUR_NAME] of the [OUR_EMPIRE], born with glory on Moon Heaven.</Italian>
		<Spanish>Greetings! I am [OUR_NAME] of the [OUR_EMPIRE], born with glory on Moon Heaven.</Spanish>
	</TEXT>
</Civ4GameText>