<?xml version="1.0" encoding="ISO-8859-1"?>
<!-- Sid Meier's Civilization 4 Beyond the Sword -->
<!-- Modified by the Civ Gold Team -->
<!-- -->
<Civ4GameText xmlns="http://www.firaxis.com">
	<TEXT>
		<Tag>TXT_KEY_CIV_MUTAPA_DESC</Tag>
		<English>Mutapa Empire</English> 
		<French>Empire monomotapa</French>
		<German>Mutapa Empire</German>
		<Italian>Mutapa Empire</Italian>
		<Spanish>Mutapa Empire</Spanish>
	</TEXT>
	<TEXT>
		<Tag>TXT_KEY_CIV_MUTAPA_SHORT_DESC</Tag>
		<English>Mutapa</English>
		<French>Monomatapas</French>
		<German>Mutapa</German>
		<Italian>Mutapa</Italian>
		<Spanish>Mutapa</Spanish>
	</TEXT>
	<TEXT>
		<Tag>TXT_KEY_CIV_MUTAPA_ADJECTIVE</Tag>
		<English>Mutapa</English>
		<French>Monomatapas</French>
		<German>Mutapa</German>
		<Italian>Mutapa</Italian>
		<Spanish>Mutapa</Spanish>
	</TEXT>
	<TEXT>
		<Tag>TXT_KEY_CIV_MUTAPA_PEDIA</Tag>
		<English>[TAB]The Empire of Great Zimbabwe also called Munhu mu tapa or Mwene Mutapa or Manhumutapa or Monomotapa or Mutapa was a medieval kingdom (c.1450-1629) located in Southern Africa covering mainly the modern states of Zimbabwe and Mozambique. Its capital city was the Great Zimbabwe.[PARAGRAPH:2]The empire was established by the Rozvi who are the ancestors of the modern day Shona people. Great Zimbabwe reached its zenith around the 1440s) via the Gold trade. Gold was exported from the empire to the port of Sofala south of the Zambezi delta, where Arab traders waited. The fabrics of Gujarat were traded for gold along the coast. Soon the pressures from European and Arab traders began to change the balance of power in the region.[PARAGRAPH:2]The Portuguese began their attempts to subdue the Shona state as early as 1505 but were confined to the coast for many years, according to Fernand Braudel until 1513.[PARAGRAPH:2]The Monomotapa Empire was being torn apart by rival factions, and the gold from the rivers they controlled was exhausted. The trade in gold was replaced by a trade in slaves. Around this time the Arab states of Zanzibar and Kilwa became prominent powers by providing slaves for Arabia, Persia and India.[PARAGRAPH:2]The empire was finally conquered in 1629 by the Portuguese and never recovered. Remnants of the government established another Mutapa kingdom in Mozambique sometimes called Karanga. The Karanga kings were called Mambos (plural version) and reigned in the region until 1902.[PARAGRAPH:2]The empire had another indirect side effect on the history of Southern Africa. Gold from the empire inspired in Europeans a belief that Munhumutapa held the legendary mines of King Solomon as referenced in the Bible. The belief that the mines were inside the Munhumutapa kingdom in Southern Africa was one of the factors that led to the Dutch East India Company founding the Cape colony, which would eventually lead to the creation of the country of South Africa.</English>
		<French>[TAB]The Empire of Great Zimbabwe also called Munhu mu tapa or Mwene Mutapa or Manhumutapa or Monomotapa or Mutapa was a medieval kingdom (c.1450-1629) located in Southern Africa covering mainly the modern states of Zimbabwe and Mozambique. Its capital city was the Great Zimbabwe.[PARAGRAPH:2]The empire was established by the Rozvi who are the ancestors of the modern day Shona people. Great Zimbabwe reached its zenith around the 1440s) via the Gold trade. Gold was exported from the empire to the port of Sofala south of the Zambezi delta, where Arab traders waited. The fabrics of Gujarat were traded for gold along the coast. Soon the pressures from European and Arab traders began to change the balance of power in the region.[PARAGRAPH:2]The Portuguese began their attempts to subdue the Shona state as early as 1505 but were confined to the coast for many years, according to Fernand Braudel until 1513.[PARAGRAPH:2]The Monomotapa Empire was being torn apart by rival factions, and the gold from the rivers they controlled was exhausted. The trade in gold was replaced by a trade in slaves. Around this time the Arab states of Zanzibar and Kilwa became prominent powers by providing slaves for Arabia, Persia and India.[PARAGRAPH:2]The empire was finally conquered in 1629 by the Portuguese and never recovered. Remnants of the government established another Mutapa kingdom in Mozambique sometimes called Karanga. The Karanga kings were called Mambos (plural version) and reigned in the region until 1902.[PARAGRAPH:2]The empire had another indirect side effect on the history of Southern Africa. Gold from the empire inspired in Europeans a belief that Munhumutapa held the legendary mines of King Solomon as referenced in the Bible. The belief that the mines were inside the Munhumutapa kingdom in Southern Africa was one of the factors that led to the Dutch East India Company founding the Cape colony, which would eventually lead to the creation of the country of South Africa.</French>
		<German>[TAB]The Empire of Great Zimbabwe also called Munhu mu tapa or Mwene Mutapa or Manhumutapa or Monomotapa or Mutapa was a medieval kingdom (c.1450-1629) located in Southern Africa covering mainly the modern states of Zimbabwe and Mozambique. Its capital city was the Great Zimbabwe.[PARAGRAPH:2]The empire was established by the Rozvi who are the ancestors of the modern day Shona people. Great Zimbabwe reached its zenith around the 1440s) via the Gold trade. Gold was exported from the empire to the port of Sofala south of the Zambezi delta, where Arab traders waited. The fabrics of Gujarat were traded for gold along the coast. Soon the pressures from European and Arab traders began to change the balance of power in the region.[PARAGRAPH:2]The Portuguese began their attempts to subdue the Shona state as early as 1505 but were confined to the coast for many years, according to Fernand Braudel until 1513.[PARAGRAPH:2]The Monomotapa Empire was being torn apart by rival factions, and the gold from the rivers they controlled was exhausted. The trade in gold was replaced by a trade in slaves. Around this time the Arab states of Zanzibar and Kilwa became prominent powers by providing slaves for Arabia, Persia and India.[PARAGRAPH:2]The empire was finally conquered in 1629 by the Portuguese and never recovered. Remnants of the government established another Mutapa kingdom in Mozambique sometimes called Karanga. The Karanga kings were called Mambos (plural version) and reigned in the region until 1902.[PARAGRAPH:2]The empire had another indirect side effect on the history of Southern Africa. Gold from the empire inspired in Europeans a belief that Munhumutapa held the legendary mines of King Solomon as referenced in the Bible. The belief that the mines were inside the Munhumutapa kingdom in Southern Africa was one of the factors that led to the Dutch East India Company founding the Cape colony, which would eventually lead to the creation of the country of South Africa.</German>
		<Italian>[TAB]The Empire of Great Zimbabwe also called Munhu mu tapa or Mwene Mutapa or Manhumutapa or Monomotapa or Mutapa was a medieval kingdom (c.1450-1629) located in Southern Africa covering mainly the modern states of Zimbabwe and Mozambique. Its capital city was the Great Zimbabwe.[PARAGRAPH:2]The empire was established by the Rozvi who are the ancestors of the modern day Shona people. Great Zimbabwe reached its zenith around the 1440s) via the Gold trade. Gold was exported from the empire to the port of Sofala south of the Zambezi delta, where Arab traders waited. The fabrics of Gujarat were traded for gold along the coast. Soon the pressures from European and Arab traders began to change the balance of power in the region.[PARAGRAPH:2]The Portuguese began their attempts to subdue the Shona state as early as 1505 but were confined to the coast for many years, according to Fernand Braudel until 1513.[PARAGRAPH:2]The Monomotapa Empire was being torn apart by rival factions, and the gold from the rivers they controlled was exhausted. The trade in gold was replaced by a trade in slaves. Around this time the Arab states of Zanzibar and Kilwa became prominent powers by providing slaves for Arabia, Persia and India.[PARAGRAPH:2]The empire was finally conquered in 1629 by the Portuguese and never recovered. Remnants of the government established another Mutapa kingdom in Mozambique sometimes called Karanga. The Karanga kings were called Mambos (plural version) and reigned in the region until 1902.[PARAGRAPH:2]The empire had another indirect side effect on the history of Southern Africa. Gold from the empire inspired in Europeans a belief that Munhumutapa held the legendary mines of King Solomon as referenced in the Bible. The belief that the mines were inside the Munhumutapa kingdom in Southern Africa was one of the factors that led to the Dutch East India Company founding the Cape colony, which would eventually lead to the creation of the country of South Africa.</Italian>
		<Spanish>[TAB]The Empire of Great Zimbabwe also called Munhu mu tapa or Mwene Mutapa or Manhumutapa or Monomotapa or Mutapa was a medieval kingdom (c.1450-1629) located in Southern Africa covering mainly the modern states of Zimbabwe and Mozambique. Its capital city was the Great Zimbabwe.[PARAGRAPH:2]The empire was established by the Rozvi who are the ancestors of the modern day Shona people. Great Zimbabwe reached its zenith around the 1440s) via the Gold trade. Gold was exported from the empire to the port of Sofala south of the Zambezi delta, where Arab traders waited. The fabrics of Gujarat were traded for gold along the coast. Soon the pressures from European and Arab traders began to change the balance of power in the region.[PARAGRAPH:2]The Portuguese began their attempts to subdue the Shona state as early as 1505 but were confined to the coast for many years, according to Fernand Braudel until 1513.[PARAGRAPH:2]The Monomotapa Empire was being torn apart by rival factions, and the gold from the rivers they controlled was exhausted. The trade in gold was replaced by a trade in slaves. Around this time the Arab states of Zanzibar and Kilwa became prominent powers by providing slaves for Arabia, Persia and India.[PARAGRAPH:2]The empire was finally conquered in 1629 by the Portuguese and never recovered. Remnants of the government established another Mutapa kingdom in Mozambique sometimes called Karanga. The Karanga kings were called Mambos (plural version) and reigned in the region until 1902.[PARAGRAPH:2]The empire had another indirect side effect on the history of Southern Africa. Gold from the empire inspired in Europeans a belief that Munhumutapa held the legendary mines of King Solomon as referenced in the Bible. The belief that the mines were inside the Munhumutapa kingdom in Southern Africa was one of the factors that led to the Dutch East India Company founding the Cape colony, which would eventually lead to the creation of the country of South Africa.</Spanish>
	</TEXT>
	<TEXT>
		<Tag>TXT_KEY_CITY_NAME_GREAT_ZIMBABWE</Tag>
		<English>Great Zimbabwe</English>
		<French>
			<Text>Great Zimbabwe</Text>
			<Gender>Male</Gender>
			<Plural>0</Plural>
		</French>
		<German>
			<Text>Great Zimbabwe</Text>
			<Gender>Male</Gender>
			<Plural>0</Plural>
		</German>
		<Italian>
			<Text>Great Zimbabwe</Text>
			<Gender>Female</Gender>
			<Plural>0</Plural>
		</Italian>
		<Spanish>
			<Text>Great Zimbabwe</Text>
			<Gender>Female</Gender>
			<Plural>0</Plural>
		</Spanish>
	</TEXT>
	<TEXT>
		<Tag>TXT_KEY_CITY_NAME_HARARE</Tag>
		<English>Harare</English>
		<French>
			<Text>Harare</Text>
			<Gender>Male</Gender>
			<Plural>0</Plural>
		</French>
		<German>
			<Text>Harare</Text>
			<Gender>Male</Gender>
			<Plural>0</Plural>
		</German>
		<Italian>
			<Text>Harare</Text>
			<Gender>Female</Gender>
			<Plural>0</Plural>
		</Italian>
		<Spanish>
			<Text>Harare</Text>
			<Gender>Female</Gender>
			<Plural>0</Plural>
		</Spanish>
	</TEXT>
	<TEXT>
		<Tag>TXT_KEY_CITY_NAME_MAPUTO</Tag>
		<English>Maputo</English>
		<French>
			<Text>Maputo</Text>
			<Gender>Male</Gender>
			<Plural>0</Plural>
		</French>
		<German>
			<Text>Maputo</Text>
			<Gender>Male</Gender>
			<Plural>0</Plural>
		</German>
		<Italian>
			<Text>Maputo</Text>
			<Gender>Female</Gender>
			<Plural>0</Plural>
		</Italian>
		<Spanish>
			<Text>Maputo</Text>
			<Gender>Female</Gender>
			<Plural>0</Plural>
		</Spanish>
	</TEXT>
	<TEXT>
		<Tag>TXT_KEY_CITY_NAME_BULAWEYO</Tag>
		<English>Bulaweyo</English>
		<French>
			<Text>Bulaweyo</Text>
			<Gender>Male</Gender>
			<Plural>0</Plural>
		</French>
		<German>
			<Text>Bulaweyo</Text>
			<Gender>Male</Gender>
			<Plural>0</Plural>
		</German>
		<Italian>
			<Text>Bulaweyo</Text>
			<Gender>Female</Gender>
			<Plural>0</Plural>
		</Italian>
		<Spanish>
			<Text>Bulaweyo</Text>
			<Gender>Female</Gender>
			<Plural>0</Plural>
		</Spanish>
	</TEXT>
	<TEXT>
		<Tag>TXT_KEY_CITY_NAME_MATOLA</Tag>
		<English>Matola</English>
		<French>
			<Text>Matola</Text>
			<Gender>Male</Gender>
			<Plural>0</Plural>
		</French>
		<German>
			<Text>Matola</Text>
			<Gender>Male</Gender>
			<Plural>0</Plural>
		</German>
		<Italian>
			<Text>Matola</Text>
			<Gender>Female</Gender>
			<Plural>0</Plural>
		</Italian>
		<Spanish>
			<Text>Matola</Text>
			<Gender>Female</Gender>
			<Plural>0</Plural>
		</Spanish>
	</TEXT>
	<TEXT>
		<Tag>TXT_KEY_CITY_NAME_BEIRA</Tag>
		<English>Beira</English>
		<French>
			<Text>Beira</Text>
			<Gender>Male</Gender>
			<Plural>0</Plural>
		</French>
		<German>
			<Text>Beira</Text>
			<Gender>Male</Gender>
			<Plural>0</Plural>
		</German>
		<Italian>
			<Text>Beira</Text>
			<Gender>Female</Gender>
			<Plural>0</Plural>
		</Italian>
		<Spanish>
			<Text>Beira</Text>
			<Gender>Female</Gender>
			<Plural>0</Plural>
		</Spanish>
	</TEXT>
	<TEXT>
		<Tag>TXT_KEY_CITY_NAME_CHITUNGWIZA</Tag>
		<English>Chitungwiza</English>
		<French>
			<Text>Chitungwiza</Text>
			<Gender>Male</Gender>
			<Plural>0</Plural>
		</French>
		<German>
			<Text>Chitungwiza</Text>
			<Gender>Male</Gender>
			<Plural>0</Plural>
		</German>
		<Italian>
			<Text>Chitungwiza</Text>
			<Gender>Female</Gender>
			<Plural>0</Plural>
		</Italian>
		<Spanish>
			<Text>Chitungwiza</Text>
			<Gender>Female</Gender>
			<Plural>0</Plural>
		</Spanish>
	</TEXT>
	<TEXT>
		<Tag>TXT_KEY_CITY_NAME_NAMPULA</Tag>
		<English>Nampula</English>
		<French>
			<Text>Nampula</Text>
			<Gender>Male</Gender>
			<Plural>0</Plural>
		</French>
		<German>
			<Text>Nampula</Text>
			<Gender>Male</Gender>
			<Plural>0</Plural>
		</German>
		<Italian>
			<Text>Nampula</Text>
			<Gender>Female</Gender>
			<Plural>0</Plural>
		</Italian>
		<Spanish>
			<Text>Nampula</Text>
			<Gender>Female</Gender>
			<Plural>0</Plural>
		</Spanish>
	</TEXT>
	<TEXT>
		<Tag>TXT_KEY_CITY_NAME_CHIMOIO</Tag>
		<English>Chimoio</English>
		<French>
			<Text>Chimoio</Text>
			<Gender>Male</Gender>
			<Plural>0</Plural>
		</French>
		<German>
			<Text>Chimoio</Text>
			<Gender>Male</Gender>
			<Plural>0</Plural>
		</German>
		<Italian>
			<Text>Chimoio</Text>
			<Gender>Female</Gender>
			<Plural>0</Plural>
		</Italian>
		<Spanish>
			<Text>Chimoio</Text>
			<Gender>Female</Gender>
			<Plural>0</Plural>
		</Spanish>
	</TEXT>
	<TEXT>
		<Tag>TXT_KEY_CITY_NAME_MUTARE</Tag>
		<English>Mutare</English>
		<French>
			<Text>Mutare</Text>
			<Gender>Male</Gender>
			<Plural>0</Plural>
		</French>
		<German>
			<Text>Mutare</Text>
			<Gender>Male</Gender>
			<Plural>0</Plural>
		</German>
		<Italian>
			<Text>Mutare</Text>
			<Gender>Female</Gender>
			<Plural>0</Plural>
		</Italian>
		<Spanish>
			<Text>Mutare</Text>
			<Gender>Female</Gender>
			<Plural>0</Plural>
		</Spanish>
	</TEXT>
	<TEXT>
		<Tag>TXT_KEY_CITY_NAME_NACALA</Tag>
		<English>Nacala</English>
		<French>
			<Text>Nacala</Text>
			<Gender>Male</Gender>
			<Plural>0</Plural>
		</French>
		<German>
			<Text>Nacala</Text>
			<Gender>Male</Gender>
			<Plural>0</Plural>
		</German>
		<Italian>
			<Text>Nacala</Text>
			<Gender>Female</Gender>
			<Plural>0</Plural>
		</Italian>
		<Spanish>
			<Text>Nacala</Text>
			<Gender>Female</Gender>
			<Plural>0</Plural>
		</Spanish>
	</TEXT>
	<TEXT>
		<Tag>TXT_KEY_CITY_NAME_QUELIMANE</Tag>
		<English>Quelimane</English>
		<French>
			<Text>Quelimane</Text>
			<Gender>Male</Gender>
			<Plural>0</Plural>
		</French>
		<German>
			<Text>Quelimane</Text>
			<Gender>Male</Gender>
			<Plural>0</Plural>
		</German>
		<Italian>
			<Text>Quelimane</Text>
			<Gender>Female</Gender>
			<Plural>0</Plural>
		</Italian>
		<Spanish>
			<Text>Quelimane</Text>
			<Gender>Female</Gender>
			<Plural>0</Plural>
		</Spanish>
	</TEXT>
	<TEXT>
		<Tag>TXT_KEY_CITY_NAME_GWERU</Tag>
		<English>Gweru</English>
		<French>
			<Text>Gweru</Text>
			<Gender>Male</Gender>
			<Plural>0</Plural>
		</French>
		<German>
			<Text>Gweru</Text>
			<Gender>Male</Gender>
			<Plural>0</Plural>
		</German>
		<Italian>
			<Text>Gweru</Text>
			<Gender>Female</Gender>
			<Plural>0</Plural>
		</Italian>
		<Spanish>
			<Text>Gweru</Text>
			<Gender>Female</Gender>
			<Plural>0</Plural>
		</Spanish>
	</TEXT>
	<TEXT>
		<Tag>TXT_KEY_CITY_NAME_EPWORTH</Tag>
		<English>Epworth</English>
		<French>
			<Text>Epworth</Text>
			<Gender>Male</Gender>
			<Plural>0</Plural>
		</French>
		<German>
			<Text>Epworth</Text>
			<Gender>Male</Gender>
			<Plural>0</Plural>
		</German>
		<Italian>
			<Text>Epworth</Text>
			<Gender>Female</Gender>
			<Plural>0</Plural>
		</Italian>
		<Spanish>
			<Text>Epworth</Text>
			<Gender>Female</Gender>
			<Plural>0</Plural>
		</Spanish>
	</TEXT>
	<TEXT>
		<Tag>TXT_KEY_CITY_NAME_MOCABA</Tag>
		<English>Mocuba</English>
		<French>
			<Text>Mocuba</Text>
			<Gender>Male</Gender>
			<Plural>0</Plural>
		</French>
		<German>
			<Text>Mocuba</Text>
			<Gender>Male</Gender>
			<Plural>0</Plural>
		</German>
		<Italian>
			<Text>Mocuba</Text>
			<Gender>Female</Gender>
			<Plural>0</Plural>
		</Italian>
		<Spanish>
			<Text>Mocuba</Text>
			<Gender>Female</Gender>
			<Plural>0</Plural>
		</Spanish>
	</TEXT>
	<TEXT>
		<Tag>TXT_KEY_CITY_NAME_TETE</Tag>
		<English>Tete</English>
		<French>
			<Text>Tete</Text>
			<Gender>Male</Gender>
			<Plural>0</Plural>
		</French>
		<German>
			<Text>Tete</Text>
			<Gender>Male</Gender>
			<Plural>0</Plural>
		</German>
		<Italian>
			<Text>Tete</Text>
			<Gender>Female</Gender>
			<Plural>0</Plural>
		</Italian>
		<Spanish>
			<Text>Tete</Text>
			<Gender>Female</Gender>
			<Plural>0</Plural>
		</Spanish>
	</TEXT>
	<TEXT>
		<Tag>TXT_KEY_CITY_NAME_XAI_XAI</Tag>
		<English>Xai-Xai</English>
		<French>
			<Text>Xai-Xai</Text>
			<Gender>Male</Gender>
			<Plural>0</Plural>
		</French>
		<German>
			<Text>Xai-Xai</Text>
			<Gender>Male</Gender>
			<Plural>0</Plural>
		</German>
		<Italian>
			<Text>Xai-Xai</Text>
			<Gender>Female</Gender>
			<Plural>0</Plural>
		</Italian>
		<Spanish>
			<Text>Xai-Xai</Text>
			<Gender>Female</Gender>
			<Plural>0</Plural>
		</Spanish>
	</TEXT>
	<TEXT>
		<Tag>TXT_KEY_CITY_NAME_KWEKWE</Tag>
		<English>Kwekwe</English>
		<French>
			<Text>Kwekwe</Text>
			<Gender>Male</Gender>
			<Plural>0</Plural>
		</French>
		<German>
			<Text>Kwekwe</Text>
			<Gender>Male</Gender>
			<Plural>0</Plural>
		</German>
		<Italian>
			<Text>Kwekwe</Text>
			<Gender>Female</Gender>
			<Plural>0</Plural>
		</Italian>
		<Spanish>
			<Text>Kwekwe</Text>
			<Gender>Female</Gender>
			<Plural>0</Plural>
		</Spanish>
	</TEXT>
	<TEXT>
		<Tag>TXT_KEY_CITY_NAME_KADOMA</Tag>
		<English>Kadoma</English>
		<French>
			<Text>Kadoma</Text>
			<Gender>Male</Gender>
			<Plural>0</Plural>
		</French>
		<German>
			<Text>Kadoma</Text>
			<Gender>Male</Gender>
			<Plural>0</Plural>
		</German>
		<Italian>
			<Text>Kadoma</Text>
			<Gender>Female</Gender>
			<Plural>0</Plural>
		</Italian>
		<Spanish>
			<Text>Kadoma</Text>
			<Gender>Female</Gender>
			<Plural>0</Plural>
		</Spanish>
	</TEXT>
	<TEXT>
		<Tag>TXT_KEY_CITY_NAME_GURUE</Tag>
		<English>Gurue</English>
		<French>
			<Text>Gurue</Text>
			<Gender>Male</Gender>
			<Plural>0</Plural>
		</French>
		<German>
			<Text>Gurue</Text>
			<Gender>Male</Gender>
			<Plural>0</Plural>
		</German>
		<Italian>
			<Text>Gurue</Text>
			<Gender>Female</Gender>
			<Plural>0</Plural>
		</Italian>
		<Spanish>
			<Text>Gurue</Text>
			<Gender>Female</Gender>
			<Plural>0</Plural>
		</Spanish>
	</TEXT>
	<TEXT>
		<Tag>TXT_KEY_CITY_NAME_MAXIXE</Tag>
		<English>Maxixe</English>
		<French>
			<Text>Maxixe</Text>
			<Gender>Male</Gender>
			<Plural>0</Plural>
		</French>
		<German>
			<Text>Maxixe</Text>
			<Gender>Male</Gender>
			<Plural>0</Plural>
		</German>
		<Italian>
			<Text>Maxixe</Text>
			<Gender>Female</Gender>
			<Plural>0</Plural>
		</Italian>
		<Spanish>
			<Text>Maxixe</Text>
			<Gender>Female</Gender>
			<Plural>0</Plural>
		</Spanish>
	</TEXT>
	<TEXT>
		<Tag>TXT_KEY_CITY_NAME_MASVINGO</Tag>
		<English>Masvingo</English>
		<French>
			<Text>Masvingo</Text>
			<Gender>Male</Gender>
			<Plural>0</Plural>
		</French>
		<German>
			<Text>Masvingo</Text>
			<Gender>Male</Gender>
			<Plural>0</Plural>
		</German>
		<Italian>
			<Text>Masvingo</Text>
			<Gender>Female</Gender>
			<Plural>0</Plural>
		</Italian>
		<Spanish>
			<Text>Masvingo</Text>
			<Gender>Female</Gender>
			<Plural>0</Plural>
		</Spanish>
	</TEXT>
	<TEXT>
		<Tag>TXT_KEY_CITY_NAME_LICHINGA</Tag>
		<English>Lichinga</English>
		<French>
			<Text>Lichinga</Text>
			<Gender>Male</Gender>
			<Plural>0</Plural>
		</French>
		<German>
			<Text>Lichinga</Text>
			<Gender>Male</Gender>
			<Plural>0</Plural>
		</German>
		<Italian>
			<Text>Lichinga</Text>
			<Gender>Female</Gender>
			<Plural>0</Plural>
		</Italian>
		<Spanish>
			<Text>Lichinga</Text>
			<Gender>Female</Gender>
			<Plural>0</Plural>
		</Spanish>
	</TEXT>
	<TEXT>
		<Tag>TXT_KEY_CITY_NAME_ANGOCHE</Tag>
		<English>Angoche</English>
		<French>
			<Text>Angoche</Text>
			<Gender>Male</Gender>
			<Plural>0</Plural>
		</French>
		<German>
			<Text>Angoche</Text>
			<Gender>Male</Gender>
			<Plural>0</Plural>
		</German>
		<Italian>
			<Text>Angoche</Text>
			<Gender>Female</Gender>
			<Plural>0</Plural>
		</Italian>
		<Spanish>
			<Text>Angoche</Text>
			<Gender>Female</Gender>
			<Plural>0</Plural>
		</Spanish>
	</TEXT>
	<TEXT>
		<Tag>TXT_KEY_CITY_NAME_PEMBA</Tag>
		<English>Pemba</English>
		<French>
			<Text>Pemba</Text>
			<Gender>Male</Gender>
			<Plural>0</Plural>
		</French>
		<German>
			<Text>Pemba</Text>
			<Gender>Male</Gender>
			<Plural>0</Plural>
		</German>
		<Italian>
			<Text>Pemba</Text>
			<Gender>Female</Gender>
			<Plural>0</Plural>
		</Italian>
		<Spanish>
			<Text>Pemba</Text>
			<Gender>Female</Gender>
			<Plural>0</Plural>
		</Spanish>
	</TEXT>
	<TEXT>
		<Tag>TXT_KEY_CITY_NAME_DONDO</Tag>
		<English>Dondo</English>
		<French>
			<Text>Dondo</Text>
			<Gender>Male</Gender>
			<Plural>0</Plural>
		</French>
		<German>
			<Text>Dondo</Text>
			<Gender>Male</Gender>
			<Plural>0</Plural>
		</German>
		<Italian>
			<Text>Dondo</Text>
			<Gender>Female</Gender>
			<Plural>0</Plural>
		</Italian>
		<Spanish>
			<Text>Dondo</Text>
			<Gender>Female</Gender>
			<Plural>0</Plural>
		</Spanish>
	</TEXT>
	<TEXT>
		<Tag>TXT_KEY_CITY_NAME_CHINHOYI</Tag>
		<English>Chinhoyi</English>
		<French>
			<Text>Chinhoyi</Text>
			<Gender>Male</Gender>
			<Plural>0</Plural>
		</French>
		<German>
			<Text>Chinhoyi</Text>
			<Gender>Male</Gender>
			<Plural>0</Plural>
		</German>
		<Italian>
			<Text>Chinhoyi</Text>
			<Gender>Female</Gender>
			<Plural>0</Plural>
		</Italian>
		<Spanish>
			<Text>Chinhoyi</Text>
			<Gender>Female</Gender>
			<Plural>0</Plural>
		</Spanish>
	</TEXT>
	<TEXT>
		<Tag>TXT_KEY_CITY_NAME_CUAMBE</Tag>
		<English>Cuambe</English>
		<French>
			<Text>Cuambe</Text>
			<Gender>Male</Gender>
			<Plural>0</Plural>
		</French>
		<German>
			<Text>Cuambe</Text>
			<Gender>Male</Gender>
			<Plural>0</Plural>
		</German>
		<Italian>
			<Text>Cuambe</Text>
			<Gender>Female</Gender>
			<Plural>0</Plural>
		</Italian>
		<Spanish>
			<Text>Cuambe</Text>
			<Gender>Female</Gender>
			<Plural>0</Plural>
		</Spanish>
	</TEXT>
	<TEXT>
		<Tag>TXT_KEY_CITY_NAME_MONTEPUEZ</Tag>
		<English>Montepuez</English>
		<French>
			<Text>Montepuez</Text>
			<Gender>Male</Gender>
			<Plural>0</Plural>
		</French>
		<German>
			<Text>Montepuez</Text>
			<Gender>Male</Gender>
			<Plural>0</Plural>
		</German>
		<Italian>
			<Text>Montepuez</Text>
			<Gender>Female</Gender>
			<Plural>0</Plural>
		</Italian>
		<Spanish>
			<Text>Montepuez</Text>
			<Gender>Female</Gender>
			<Plural>0</Plural>
		</Spanish>
	</TEXT>
	<TEXT>
		<Tag>TXT_KEY_CITY_NAME_INHAMBANE</Tag>
		<English>Inhambane</English>
		<French>
			<Text>Inhambane</Text>
			<Gender>Male</Gender>
			<Plural>0</Plural>
		</French>
		<German>
			<Text>Inhambane</Text>
			<Gender>Male</Gender>
			<Plural>0</Plural>
		</German>
		<Italian>
			<Text>Inhambane</Text>
			<Gender>Female</Gender>
			<Plural>0</Plural>
		</Italian>
		<Spanish>
			<Text>Inhambane</Text>
			<Gender>Female</Gender>
			<Plural>0</Plural>
		</Spanish>
	</TEXT>
	<TEXT>
		<Tag>TXT_KEY_CITY_NAME_MARONDERA</Tag>
		<English>Marondera</English>
		<French>
			<Text>Marondera</Text>
			<Gender>Male</Gender>
			<Plural>0</Plural>
		</French>
		<German>
			<Text>Marondera</Text>
			<Gender>Male</Gender>
			<Plural>0</Plural>
		</German>
		<Italian>
			<Text>Marondera</Text>
			<Gender>Female</Gender>
			<Plural>0</Plural>
		</Italian>
		<Spanish>
			<Text>Marondera</Text>
			<Gender>Female</Gender>
			<Plural>0</Plural>
		</Spanish>
	</TEXT>
	<TEXT>
		<Tag>TXT_KEY_CITY_NAME_HWANGE</Tag>
		<English>Hwange</English>
		<French>
			<Text>Hwange</Text>
			<Gender>Male</Gender>
			<Plural>0</Plural>
		</French>
		<German>
			<Text>Hwange</Text>
			<Gender>Male</Gender>
			<Plural>0</Plural>
		</German>
		<Italian>
			<Text>Hwange</Text>
			<Gender>Female</Gender>
			<Plural>0</Plural>
		</Italian>
		<Spanish>
			<Text>Hwange</Text>
			<Gender>Female</Gender>
			<Plural>0</Plural>
		</Spanish>
	</TEXT>
	<TEXT>
		<Tag>TXT_KEY_CITY_NAME_CHIBUTO</Tag>
		<English>Chibuto</English>
		<French>
			<Text>Chibuto</Text>
			<Gender>Male</Gender>
			<Plural>0</Plural>
		</French>
		<German>
			<Text>Chibuto</Text>
			<Gender>Male</Gender>
			<Plural>0</Plural>
		</German>
		<Italian>
			<Text>Chibuto</Text>
			<Gender>Female</Gender>
			<Plural>0</Plural>
		</Italian>
		<Spanish>
			<Text>Chibuto</Text>
			<Gender>Female</Gender>
			<Plural>0</Plural>
		</Spanish>
	</TEXT>
</Civ4GameText>	