<?xml version="1.0" encoding="utf-8"?>
<!-- Sid Meier's Civilization 4 Beyond the Sword -->
<!-- Modified by the Civ Gold Team -->
<!-- -->
<Civ4GameText xmlns="http://www.firaxis.com">
	<TEXT>
		<Tag>TXT_KEY_LEADER_AJATASHATRU</Tag>
		<English>Ajatashatru</English>
		<French>Ajatashatru</French>
		<German>Ajatashatru</German>
		<Italian>Ajatashatru</Italian>
		<Spanish>Ajatashatru</Spanish>
	</TEXT>
	<TEXT>
		<Tag>TXT_KEY_LEADER_AJATASHATRU_PEDIA</Tag>
		<English>[H1]Ajatashatru[\H1][NEWLINE][BOLD]King of the Magadha Empire[\BOLD][NEWLINE][BOLD]Lived: [\BOLD] c.491-461 BC [NEWLINE][PARAGRAPH:2][BOLD]Background:[\BOLD][NEWLINE][TAB]Ajatashatru was a king of the Magadha empire that ruled north India. There is not a great deal known about Ajatashatru. What is known is that he became a King of Magadha and the adjoining areas by murdering his father, Seniya/Bimbisara. Also, he was a contemporary of Buddha, was a patron of the then-new religion of Buddhism, and he let the Sangha function in his Kingdom.[PARAGRAPH:1]Some details of his life are given in the earliest Buddhist scriptures of the Pali Canon. In the Samaññaphala Sutta, Gautama Buddha said that if Ajatasattu hadn't killed his father, he would have attained sotapannahood, a degree of enlightenment. But because he had killed his father he could not attain it.[PARAGRAPH:1]According to Romila Thapar, Ajatashatru was responsible for building Pataliputra and strengthening the defences of the Magadhan capital, Rajagriha. The same historian reports that Ajatashatru murdered his father and predecessor Bimbisara in order to accede to the throne. This is also recorded in the Buddhist scripture, the Contemplation Sutra. Next, Ajatashatru, undertook the annexation of the kingdoms of Kosala and Kashi, and pursued a sixteen-year war against the Vriji confederacy of north Bihar and Nepal. Legends say that the one who masterminded Ajatashatru's usurping of the throne was the schismatic monk Devadatta, the reasons being that Ajatashatru was said to have been convinced by Devadatta to help fund his schismatic sangha.</English>
		<French>[H1]Ajatashatru[\H1][NEWLINE][BOLD]King of the Magadha Empire[\BOLD][NEWLINE][BOLD]Lived: [\BOLD] c.491-461 BC [NEWLINE][PARAGRAPH:2][BOLD]Background:[\BOLD][NEWLINE][TAB]Ajatashatru was a king of the Magadha empire that ruled north India. There is not a great deal known about Ajatashatru. What is known is that he became a King of Magadha and the adjoining areas by murdering his father, Seniya/Bimbisara. Also, he was a contemporary of Buddha, was a patron of the then-new religion of Buddhism, and he let the Sangha function in his Kingdom.[PARAGRAPH:1]Some details of his life are given in the earliest Buddhist scriptures of the Pali Canon. In the Samaññaphala Sutta, Gautama Buddha said that if Ajatasattu hadn't killed his father, he would have attained sotapannahood, a degree of enlightenment. But because he had killed his father he could not attain it.[PARAGRAPH:1]According to Romila Thapar, Ajatashatru was responsible for building Pataliputra and strengthening the defences of the Magadhan capital, Rajagriha. The same historian reports that Ajatashatru murdered his father and predecessor Bimbisara in order to accede to the throne. This is also recorded in the Buddhist scripture, the Contemplation Sutra. Next, Ajatashatru, undertook the annexation of the kingdoms of Kosala and Kashi, and pursued a sixteen-year war against the Vriji confederacy of north Bihar and Nepal. Legends say that the one who masterminded Ajatashatru's usurping of the throne was the schismatic monk Devadatta, the reasons being that Ajatashatru was said to have been convinced by Devadatta to help fund his schismatic sangha.</French>
		<German>[H1]Ajatashatru[\H1][NEWLINE][BOLD]King of the Magadha Empire[\BOLD][NEWLINE][BOLD]Lived: [\BOLD] c.491-461 BC [NEWLINE][PARAGRAPH:2][BOLD]Background:[\BOLD][NEWLINE][TAB]Ajatashatru was a king of the Magadha empire that ruled north India. There is not a great deal known about Ajatashatru. What is known is that he became a King of Magadha and the adjoining areas by murdering his father, Seniya/Bimbisara. Also, he was a contemporary of Buddha, was a patron of the then-new religion of Buddhism, and he let the Sangha function in his Kingdom.[PARAGRAPH:1]Some details of his life are given in the earliest Buddhist scriptures of the Pali Canon. In the Samaññaphala Sutta, Gautama Buddha said that if Ajatasattu hadn't killed his father, he would have attained sotapannahood, a degree of enlightenment. But because he had killed his father he could not attain it.[PARAGRAPH:1]According to Romila Thapar, Ajatashatru was responsible for building Pataliputra and strengthening the defences of the Magadhan capital, Rajagriha. The same historian reports that Ajatashatru murdered his father and predecessor Bimbisara in order to accede to the throne. This is also recorded in the Buddhist scripture, the Contemplation Sutra. Next, Ajatashatru, undertook the annexation of the kingdoms of Kosala and Kashi, and pursued a sixteen-year war against the Vriji confederacy of north Bihar and Nepal. Legends say that the one who masterminded Ajatashatru's usurping of the throne was the schismatic monk Devadatta, the reasons being that Ajatashatru was said to have been convinced by Devadatta to help fund his schismatic sangha.</German>
		<Italian>[H1]Ajatashatru[\H1][NEWLINE][BOLD]King of the Magadha Empire[\BOLD][NEWLINE][BOLD]Lived: [\BOLD] c.491-461 BC [NEWLINE][PARAGRAPH:2][BOLD]Background:[\BOLD][NEWLINE][TAB]Ajatashatru was a king of the Magadha empire that ruled north India. There is not a great deal known about Ajatashatru. What is known is that he became a King of Magadha and the adjoining areas by murdering his father, Seniya/Bimbisara. Also, he was a contemporary of Buddha, was a patron of the then-new religion of Buddhism, and he let the Sangha function in his Kingdom.[PARAGRAPH:1]Some details of his life are given in the earliest Buddhist scriptures of the Pali Canon. In the Samaññaphala Sutta, Gautama Buddha said that if Ajatasattu hadn't killed his father, he would have attained sotapannahood, a degree of enlightenment. But because he had killed his father he could not attain it.[PARAGRAPH:1]According to Romila Thapar, Ajatashatru was responsible for building Pataliputra and strengthening the defences of the Magadhan capital, Rajagriha. The same historian reports that Ajatashatru murdered his father and predecessor Bimbisara in order to accede to the throne. This is also recorded in the Buddhist scripture, the Contemplation Sutra. Next, Ajatashatru, undertook the annexation of the kingdoms of Kosala and Kashi, and pursued a sixteen-year war against the Vriji confederacy of north Bihar and Nepal. Legends say that the one who masterminded Ajatashatru's usurping of the throne was the schismatic monk Devadatta, the reasons being that Ajatashatru was said to have been convinced by Devadatta to help fund his schismatic sangha.</Italian>
		<Spanish>[H1]Ajatashatru[\H1][NEWLINE][BOLD]King of the Magadha Empire[\BOLD][NEWLINE][BOLD]Lived: [\BOLD] c.491-461 BC [NEWLINE][PARAGRAPH:2][BOLD]Background:[\BOLD][NEWLINE][TAB]Ajatashatru was a king of the Magadha empire that ruled north India. There is not a great deal known about Ajatashatru. What is known is that he became a King of Magadha and the adjoining areas by murdering his father, Seniya/Bimbisara. Also, he was a contemporary of Buddha, was a patron of the then-new religion of Buddhism, and he let the Sangha function in his Kingdom.[PARAGRAPH:1]Some details of his life are given in the earliest Buddhist scriptures of the Pali Canon. In the Samaññaphala Sutta, Gautama Buddha said that if Ajatasattu hadn't killed his father, he would have attained sotapannahood, a degree of enlightenment. But because he had killed his father he could not attain it.[PARAGRAPH:1]According to Romila Thapar, Ajatashatru was responsible for building Pataliputra and strengthening the defences of the Magadhan capital, Rajagriha. The same historian reports that Ajatashatru murdered his father and predecessor Bimbisara in order to accede to the throne. This is also recorded in the Buddhist scripture, the Contemplation Sutra. Next, Ajatashatru, undertook the annexation of the kingdoms of Kosala and Kashi, and pursued a sixteen-year war against the Vriji confederacy of north Bihar and Nepal. Legends say that the one who masterminded Ajatashatru's usurping of the throne was the schismatic monk Devadatta, the reasons being that Ajatashatru was said to have been convinced by Devadatta to help fund his schismatic sangha.</Spanish>
	</TEXT>
	<TEXT>
		<Tag>AI_DIPLO_FIRST_CONTACT_LEADER_AJATASHATRU_1</Tag>
		<English>Our mantras, our sacred hymns, will purify and cleanse your soul from the evil heathenry that you, [CT_NAME] have been exposed to.</English>
		<French>Nos mantras, nos hymnes sacrés, vont purifier et nettoyer votre âme de la pensée démoniaque auquelle vous, [CT_NAME], avez été exposé.</French>
		<German>Our mantras, our sacred hymns, will purify and cleanse your soul from the evil heathenry that you, [CT_NAME] have been exposed to.</German>
		<Italian>Our mantras, our sacred hymns, will purify and cleanse your soul from the evil heathenry that you, [CT_NAME] have been exposed to.</Italian>
		<Spanish>Our mantras, our sacred hymns, will purify and cleanse your soul from the evil heathenry that you, [CT_NAME] have been exposed to.</Spanish>
	</TEXT>
</Civ4GameText>