<?xml version="1.0" encoding="ISO-8859-1"?>
<!-- Sid Meier's Civilization 4 Beyond the Sword -->
<!-- Modified by the Civ Gold Team -->
<!-- -->
<Civ4GameText xmlns="http://www.firaxis.com">
	<TEXT>
		<Tag>TXT_KEY_LEADER_VITTORIO_EMANUELE_II</Tag>
		<English>Vittorio</English>
		<French>Vittorio</French>
		<German>Vittorio</German>
		<Italian>Vittorio</Italian>
		<Spanish>Vittorio</Spanish>
	</TEXT>
	<TEXT>
		<Tag>TXT_KEY_LEADER_VITTORIO_EMANUELE_II_PEDIA</Tag>
		<English>[H1]Vittorio Emanuele II [\H1][NEWLINE][BOLD]First King of Italy [\BOLD][NEWLINE][BOLD]Lived: [\BOLD] March 14, 1820 - January 9, 1878 AD[PARAGRAPH:2][BOLD]Background:[\BOLD][PARAGRAPH:1]Vittorio Emanuele II was born in Turin. During the reign of his father, Carlo Alberto, the kingdoms of Sardinia and Piedmont were united. Carlo Alberto went to war in 1848 against the Austrian Empire (which ruled most of northern Italy), but was defeated at the Battle of Novara the following year. Carlo Alberto abdicated and Vittorio Emanuele II became king of Sardinia and Piedmont on March 24, 1849. Under his command, and with the skillful action of his minister, Camillo Benso, Count of Cavour, the Kingdom of Sardinia grew to include whole Italy (1860 - 1870).  And so, through the process of Italian Unification, Vittorio Emmanuele II of Savoy became Vittorio Emmanuele II of Italy. Vittorio Emmanuele would keep the former ordinal number though he became the first king of Italy, in order to maintain the dynastical continuity.</English>
		<French>[H1]Vittorio Emanuele II [\H1][NEWLINE][BOLD]First King of Italy [\BOLD][NEWLINE][BOLD]Lived: [\BOLD] March 14, 1820 - January 9, 1878 AD[PARAGRAPH:2][BOLD]Background:[\BOLD][PARAGRAPH:1]Vittorio Emanuele II was born in Turin. During the reign of his father, Carlo Alberto, the kingdoms of Sardinia and Piedmont were united. Carlo Alberto went to war in 1848 against the Austrian Empire (which ruled most of northern Italy), but was defeated at the Battle of Novara the following year. Carlo Alberto abdicated and Vittorio Emanuele II became king of Sardinia and Piedmont on March 24, 1849. Under his command, and with the skillful action of his minister, Camillo Benso, Count of Cavour, the Kingdom of Sardinia grew to include whole Italy (1860 - 1870).  And so, through the process of Italian Unification, Vittorio Emmanuele II of Savoy became Vittorio Emmanuele II of Italy. Vittorio Emmanuele would keep the former ordinal number though he became the first king of Italy, in order to maintain the dynastical continuity.</French>
		<German>[H1]Vittorio Emanuele II [\H1][NEWLINE][BOLD]First King of Italy [\BOLD][NEWLINE][BOLD]Lived: [\BOLD] March 14, 1820 - January 9, 1878 AD[PARAGRAPH:2][BOLD]Background:[\BOLD][PARAGRAPH:1]Vittorio Emanuele II was born in Turin. During the reign of his father, Carlo Alberto, the kingdoms of Sardinia and Piedmont were united. Carlo Alberto went to war in 1848 against the Austrian Empire (which ruled most of northern Italy), but was defeated at the Battle of Novara the following year. Carlo Alberto abdicated and Vittorio Emanuele II became king of Sardinia and Piedmont on March 24, 1849. Under his command, and with the skillful action of his minister, Camillo Benso, Count of Cavour, the Kingdom of Sardinia grew to include whole Italy (1860 - 1870).  And so, through the process of Italian Unification, Vittorio Emmanuele II of Savoy became Vittorio Emmanuele II of Italy. Vittorio Emmanuele would keep the former ordinal number though he became the first king of Italy, in order to maintain the dynastical continuity.</German>
		<Italian>[H1]Vittorio Emanuele II [\H1][NEWLINE][BOLD]First King of Italy [\BOLD][NEWLINE][BOLD]Lived: [\BOLD] March 14, 1820 - January 9, 1878 AD[PARAGRAPH:2][BOLD]Background:[\BOLD][PARAGRAPH:1]Vittorio Emanuele II was born in Turin. During the reign of his father, Carlo Alberto, the kingdoms of Sardinia and Piedmont were united. Carlo Alberto went to war in 1848 against the Austrian Empire (which ruled most of northern Italy), but was defeated at the Battle of Novara the following year. Carlo Alberto abdicated and Vittorio Emanuele II became king of Sardinia and Piedmont on March 24, 1849. Under his command, and with the skillful action of his minister, Camillo Benso, Count of Cavour, the Kingdom of Sardinia grew to include whole Italy (1860 - 1870).  And so, through the process of Italian Unification, Vittorio Emmanuele II of Savoy became Vittorio Emmanuele II of Italy. Vittorio Emmanuele would keep the former ordinal number though he became the first king of Italy, in order to maintain the dynastical continuity.</Italian>
		<Spanish>[H1]Vittorio Emanuele II [\H1][NEWLINE][BOLD]First King of Italy [\BOLD][NEWLINE][BOLD]Lived: [\BOLD] March 14, 1820 - January 9, 1878 AD[PARAGRAPH:2][BOLD]Background:[\BOLD][PARAGRAPH:1]Vittorio Emanuele II was born in Turin. During the reign of his father, Carlo Alberto, the kingdoms of Sardinia and Piedmont were united. Carlo Alberto went to war in 1848 against the Austrian Empire (which ruled most of northern Italy), but was defeated at the Battle of Novara the following year. Carlo Alberto abdicated and Vittorio Emanuele II became king of Sardinia and Piedmont on March 24, 1849. Under his command, and with the skillful action of his minister, Camillo Benso, Count of Cavour, the Kingdom of Sardinia grew to include whole Italy (1860 - 1870).  And so, through the process of Italian Unification, Vittorio Emmanuele II of Savoy became Vittorio Emmanuele II of Italy. Vittorio Emmanuele would keep the former ordinal number though he became the first king of Italy, in order to maintain the dynastical continuity.</Spanish>
	</TEXT>
	<TEXT>
		<Tag>AI_DIPLO_FIRST_CONTACT_LEADER_VITTORIO_EMANUELE_II_1</Tag>
		<English>Saluti! I am [OUR_NAME] of the [OUR_EMPIRE]. "Chi la fa l'aspetti." He who wrongs someone has to expect something in retaliation. Please Keep that in mind.</English>
		<French>Saluti ! Je suis [OUR_NAME] des italiens. "Chi la fa l'aspetti." Si vous trompez quelqu'un, sachez qu'un jour quelqu'un vous blessera. Gardez-�a � l'esprit.</French>
		<German>Saluti! I am [OUR_NAME] of the [OUR_EMPIRE]. "Chi la fa l'aspetti." He who wrongs someone has to expect something in retaliation. Please Keep that in mind.</German>
		<Italian>Saluti! I am [OUR_NAME] of the [OUR_EMPIRE]. "Chi la fa l'aspetti." He who wrongs someone has to expect something in retaliation. Please Keep that in mind.</Italian>
		<Spanish>Saluti! I am [OUR_NAME] of the [OUR_EMPIRE]. "Chi la fa l'aspetti." He who wrongs someone has to expect something in retaliation. Please Keep that in mind.</Spanish>
	</TEXT>
</Civ4GameText>