<?xml version="1.0" encoding="ISO-8859-1"?>
<!-- Sid Meier's Civilization 4 Beyond the Sword -->
<!-- Modified by the Civ Gold Team -->
<!-- -->
<Civ4GameText xmlns="http://www.firaxis.com">
	<TEXT>
		<Tag>TXT_KEY_BUILDING_CZECH_VYSILAC</Tag>
		<English>Vysilac</English>
		<French>Vysilac</French>
		<German>Vysilac</German>
		<Italian>Vysilac</Italian>
		<Spanish>Vysilac</Spanish>
	</TEXT>
	<TEXT>
		<Tag>TXT_KEY_BUILDING_CZECH_VYSILAC_STRATEGY</Tag>
		<English>[COLOR_BUILDING_TEXT]Vysilacs[COLOR_REVERT] greatly increase a city's cultural output and are less expensive than the standard [COLOR_BUILDING_TEXT]Broadcast Tower[COLOR_REVERT]. They also provide two happy citizens for Hit Singles, Movies or Musicals.</English>
		<French>Les [COLOR_BUILDING_TEXT]vysilacs[COLOR_REVERT] augmentent la culture de la ville et sont moins co�teux que les [COLOR_BUILDING_TEXT]tours de radiodiffusion[COLOR_REVERT]. Elles procurent +2 bonheur pour les tubes, les films et les com�dies musicales.</French>
		<German>[COLOR_BUILDING_TEXT]Vysilacs[COLOR_REVERT] greatly increase a city's cultural output and are less expensive than the standard [COLOR_BUILDING_TEXT]Broadcast Tower[COLOR_REVERT]. They also provide two happy citizens for Hit Singles, Movies or Musicals.</German>
		<Italian>[COLOR_BUILDING_TEXT]Vysilacs[COLOR_REVERT] greatly increase a city's cultural output and are less expensive than the standard [COLOR_BUILDING_TEXT]Broadcast Tower[COLOR_REVERT]. They also provide two happy citizens for Hit Singles, Movies or Musicals.</Italian>
		<Spanish>[COLOR_BUILDING_TEXT]Vysilacs[COLOR_REVERT] greatly increase a city's cultural output and are less expensive than the standard [COLOR_BUILDING_TEXT]Broadcast Tower[COLOR_REVERT]. They also provide two happy citizens for Hit Singles, Movies or Musicals.</Spanish>
	</TEXT>
	<TEXT>
		<Tag>TXT_KEY_BUILDING_CZECH_VYSILAC_PEDIA</Tag>
		<English>[TAB]The first attempts at radio broadcasting in Czechoslovakia began after the First World War. The first radio programme, made up of words and music, was broadcast on the first anniversary of the establishment of independent Czechoslovakia on October 28th, 1918, from the telegraph station at Prague's Petrin lookout tower. Regular radio broadcasts began on May 18th 1923, from a military tent in Prague-Kbely, making Czechoslovakia the second European country after the UK to have regular radio broadcasting. The year 1926 saw the introduction of several novelties, such as the time signal and regular news bulletins that were produced by Czechoslovak Press Agency.</English>
		<French>[TAB]The first attempts at radio broadcasting in Czechoslovakia began after the First World War. The first radio programme, made up of words and music, was broadcast on the first anniversary of the establishment of independent Czechoslovakia on October 28th, 1918, from the telegraph station at Prague's Petrin lookout tower. Regular radio broadcasts began on May 18th 1923, from a military tent in Prague-Kbely, making Czechoslovakia the second European country after the UK to have regular radio broadcasting. The year 1926 saw the introduction of several novelties, such as the time signal and regular news bulletins that were produced by Czechoslovak Press Agency.</French>
		<German>[TAB]The first attempts at radio broadcasting in Czechoslovakia began after the First World War. The first radio programme, made up of words and music, was broadcast on the first anniversary of the establishment of independent Czechoslovakia on October 28th, 1918, from the telegraph station at Prague's Petrin lookout tower. Regular radio broadcasts began on May 18th 1923, from a military tent in Prague-Kbely, making Czechoslovakia the second European country after the UK to have regular radio broadcasting. The year 1926 saw the introduction of several novelties, such as the time signal and regular news bulletins that were produced by Czechoslovak Press Agency.</German>
		<Italian>[TAB]The first attempts at radio broadcasting in Czechoslovakia began after the First World War. The first radio programme, made up of words and music, was broadcast on the first anniversary of the establishment of independent Czechoslovakia on October 28th, 1918, from the telegraph station at Prague's Petrin lookout tower. Regular radio broadcasts began on May 18th 1923, from a military tent in Prague-Kbely, making Czechoslovakia the second European country after the UK to have regular radio broadcasting. The year 1926 saw the introduction of several novelties, such as the time signal and regular news bulletins that were produced by Czechoslovak Press Agency.</Italian>
		<Spanish>[TAB]The first attempts at radio broadcasting in Czechoslovakia began after the First World War. The first radio programme, made up of words and music, was broadcast on the first anniversary of the establishment of independent Czechoslovakia on October 28th, 1918, from the telegraph station at Prague's Petrin lookout tower. Regular radio broadcasts began on May 18th 1923, from a military tent in Prague-Kbely, making Czechoslovakia the second European country after the UK to have regular radio broadcasting. The year 1926 saw the introduction of several novelties, such as the time signal and regular news bulletins that were produced by Czechoslovak Press Agency.</Spanish>
	</TEXT>
</Civ4GameText>
