<?xml version="1.0" encoding="ISO-8859-1"?>
<!-- Sid Meier's Civilization 4 Beyond the Sword -->
<!-- Modified by the Civ Gold Team -->
<!-- -->
<Civ4GameText xmlns="http://www.firaxis.com">
<TEXT>
		<Tag>TXT_KEY_LEADER_CAKSTE</Tag>
		<English>Cakste</English>
		<French>Cakste</French>
		<German>Cakste</German>
		<Italian>Cakste</Italian>
		<Spanish>Cakste</Spanish>
	</TEXT>
	<TEXT>
		<Tag>TXT_KEY_LEADER_CAKSTE_PEDIA</Tag>
		<English>[H1]Janis Cakste[\H1][NEWLINE][BOLD]President of Latvia [\BOLD][NEWLINE][BOLD]Lived: [\BOLD]1859 - 1927[NEWLINE][PARAGRAPH:2][BOLD]Background:[\BOLD][NEWLINE][TAB]Janis Cakste was a Latvian politician and the first president of Latvia. He studied law in Moscow University, graduating in 1886 and became a lawyer and political activist in Latvia. In 1906, he was elected to Duma, the parliament of the Russian Empire where he promoted the idea of autonomy for Latvia. In 1918, he became the president of Latvia's People's Council (Tautas Padome), a temporary government that proclaimed the independence of Latvia. Cakste was elected as a president for Latvia in 1922, reelected for a second term in 1925 and died while still president in 1927. He was a member of Latvian academic union "Austrums".[PARAGRAPH:1]He was married to Justine Cakste, born Vesere, and they had nine children. His son, Junior Lieutenant Visvaldis Cakste, died from wounds received in the defence of Jelgava in 1915. Janis organised a demonstration to honour Major General Aleksej Potapov, the commanding officer of the defense of Jelgava. Potapov became one of the advocates of the formation of the Latvian Rifles.</English>
		<French>[H1]Janis Cakste[\H1][NEWLINE][BOLD]President of Latvia [\BOLD][NEWLINE][BOLD]Lived: [\BOLD]1859 - 1927[NEWLINE][PARAGRAPH:2][BOLD]Background:[\BOLD][NEWLINE][TAB]Janis Cakste was a Latvian politician and the first president of Latvia. He studied law in Moscow University, graduating in 1886 and became a lawyer and political activist in Latvia. In 1906, he was elected to Duma, the parliament of the Russian Empire where he promoted the idea of autonomy for Latvia. In 1918, he became the president of Latvia's People's Council (Tautas Padome), a temporary government that proclaimed the independence of Latvia. Cakste was elected as a president for Latvia in 1922, reelected for a second term in 1925 and died while still president in 1927. He was a member of Latvian academic union "Austrums".[PARAGRAPH:1]He was married to Justine Cakste, born Vesere, and they had nine children. His son, Junior Lieutenant Visvaldis Cakste, died from wounds received in the defence of Jelgava in 1915. Janis organised a demonstration to honour Major General Aleksej Potapov, the commanding officer of the defense of Jelgava. Potapov became one of the advocates of the formation of the Latvian Rifles.</French>
		<German>[H1]Janis Cakste[\H1][NEWLINE][BOLD]President of Latvia [\BOLD][NEWLINE][BOLD]Lived: [\BOLD]1859 - 1927[NEWLINE][PARAGRAPH:2][BOLD]Background:[\BOLD][NEWLINE][TAB]Janis Cakste was a Latvian politician and the first president of Latvia. He studied law in Moscow University, graduating in 1886 and became a lawyer and political activist in Latvia. In 1906, he was elected to Duma, the parliament of the Russian Empire where he promoted the idea of autonomy for Latvia. In 1918, he became the president of Latvia's People's Council (Tautas Padome), a temporary government that proclaimed the independence of Latvia. Cakste was elected as a president for Latvia in 1922, reelected for a second term in 1925 and died while still president in 1927. He was a member of Latvian academic union "Austrums".[PARAGRAPH:1]He was married to Justine Cakste, born Vesere, and they had nine children. His son, Junior Lieutenant Visvaldis Cakste, died from wounds received in the defence of Jelgava in 1915. Janis organised a demonstration to honour Major General Aleksej Potapov, the commanding officer of the defense of Jelgava. Potapov became one of the advocates of the formation of the Latvian Rifles.</German>
		<Italian>[H1]Janis Cakste[\H1][NEWLINE][BOLD]President of Latvia [\BOLD][NEWLINE][BOLD]Lived: [\BOLD]1859 - 1927[NEWLINE][PARAGRAPH:2][BOLD]Background:[\BOLD][NEWLINE][TAB]Janis Cakste was a Latvian politician and the first president of Latvia. He studied law in Moscow University, graduating in 1886 and became a lawyer and political activist in Latvia. In 1906, he was elected to Duma, the parliament of the Russian Empire where he promoted the idea of autonomy for Latvia. In 1918, he became the president of Latvia's People's Council (Tautas Padome), a temporary government that proclaimed the independence of Latvia. Cakste was elected as a president for Latvia in 1922, reelected for a second term in 1925 and died while still president in 1927. He was a member of Latvian academic union "Austrums".[PARAGRAPH:1]He was married to Justine Cakste, born Vesere, and they had nine children. His son, Junior Lieutenant Visvaldis Cakste, died from wounds received in the defence of Jelgava in 1915. Janis organised a demonstration to honour Major General Aleksej Potapov, the commanding officer of the defense of Jelgava. Potapov became one of the advocates of the formation of the Latvian Rifles.</Italian>
		<Spanish>[H1]Janis Cakste[\H1][NEWLINE][BOLD]President of Latvia [\BOLD][NEWLINE][BOLD]Lived: [\BOLD]1859 - 1927[NEWLINE][PARAGRAPH:2][BOLD]Background:[\BOLD][NEWLINE][TAB]Janis Cakste was a Latvian politician and the first president of Latvia. He studied law in Moscow University, graduating in 1886 and became a lawyer and political activist in Latvia. In 1906, he was elected to Duma, the parliament of the Russian Empire where he promoted the idea of autonomy for Latvia. In 1918, he became the president of Latvia's People's Council (Tautas Padome), a temporary government that proclaimed the independence of Latvia. Cakste was elected as a president for Latvia in 1922, reelected for a second term in 1925 and died while still president in 1927. He was a member of Latvian academic union "Austrums".[PARAGRAPH:1]He was married to Justine Cakste, born Vesere, and they had nine children. His son, Junior Lieutenant Visvaldis Cakste, died from wounds received in the defence of Jelgava in 1915. Janis organised a demonstration to honour Major General Aleksej Potapov, the commanding officer of the defense of Jelgava. Potapov became one of the advocates of the formation of the Latvian Rifles.</Spanish>
	</TEXT>
	<TEXT>
		<Tag>AI_DIPLO_FIRST_CONTACT_LEADER_CAKSTE_1</Tag>
		<English>I am [OUR_NAME] of the [OUR_EMPIRE]. Each of us strives to move to tomorrow, forging our own destiny!</English>
		<French>Je suis [OUR_NAME] des lettons. Chacun de nous tente d'avancer vers l'avenir, se forgeant sa propre destin�e !</French>
		<German>I am [OUR_NAME] of the [OUR_EMPIRE]. Each of us strives to move to tomorrow, forging our own destiny!</German>
		<Italian>I am [OUR_NAME] of the [OUR_EMPIRE]. Each of us strives to move to tomorrow, forging our own destiny!</Italian>
		<Spanish>I am [OUR_NAME] of the [OUR_EMPIRE]. Each of us strives to move to tomorrow, forging our own destiny!</Spanish>
	</TEXT>
</Civ4GameText>