<?xml version="1.0" encoding="ISO-8859-1"?>
<!-- Sid Meier's Civilization 4 Beyond the Sword -->
<!-- Modified by the Civ Gold Team -->
<!-- -->
<Civ4GameText xmlns="http://www.firaxis.com">
	<TEXT>
		<Tag>TXT_KEY_LEADER_MUJIB</Tag>
		<English>Mujibur</English>
		<French>Mujibur</French>
		<German>Mujibur</German>
		<Italian>Mujibur</Italian>
		<Spanish>Mujibur</Spanish>
	</TEXT>
	<TEXT>
		<Tag>TXT_KEY_LEADER_MUJIB_PEDIA</Tag> 
		<English>[H1]Sheikh Mujibur Rahman[\H1][NEWLINE][BOLD]First President of Bangladesh[\BOLD][NEWLINE][BOLD]Lived: [\BOLD]1920 - 1972[NEWLINE][PARAGRAPH:2][BOLD]Background:[\BOLD][NEWLINE][TAB]Sheikh Mujibur Rahman was a Bengali politician and the founding leader of the People's Republic of Bangladesh, generally considered in the country as the father of the Bangladeshi nation. He headed the Awami League, served as the first President of Bangladesh and later became its Prime Minister. He is popularly referred to as Sheikh Mujib, and with the honorary title of Bangabandhu ("Friend of Bengal"). His eldest daughter Sheikh Hasina Wajed is the present leader of the Awami League and the current Prime Minister of Bangladesh.  A student political leader, Mujib rose in East Pakistani politics and within the ranks of the Awami League as a charismatic and forceful orator. An advocate of socialism, Mujib became popular for his leadership against the ethnic and institutional discrimination of Bengalis. He demanded increased provincial autonomy, and became a fierce opponent of the military rule of Ayub Khan. At the heightening of sectional tensions, Mujib outlined a 6-point autonomy plan, which was seen as separatism in West Pakistan. He was tried in 1968 for allegedly conspiring with the Indian government but was not found guilty. Despite leading his party to a major victory in the 1970 elections, Mujib was not invited to form the government.  After talks broke down with President Yahya Khan and West Pakistani politician Zulfikar Ali Bhutto, Sheikh Mujib on 26 March 1971 announced the declaration of independence of East Pakistan and announced the establishment of the sovereign People's Republic of Bangladesh.  Subsequently he was arrested and tried by a military court. During his nine month detention, Guerrilla war erupted between government forces and Bengali nationalists aided by India. An all out war between the Pakistan Army and Bangladesh-India Joint Forces led to the establishment of Bangladesh, and after his release Mujib assumed office as a provisional president, and later prime minister. Even as a constitution was adopted, proclaiming socialism and a secular democracy, Mujib struggled to address the challenges of intense poverty and unemployment, coupled with rampant corruption. Amidst rising popular agitation, he banned other political parties and established a one party state. After only seven months, Mujib was assassinated along with most of his family by a group of army officers.</English>
  		<French>[H1]Sheikh Mujibur Rahman[\H1][NEWLINE][BOLD]First President of Bangladesh[\BOLD][NEWLINE][BOLD]Lived: [\BOLD]1920 - 1972[NEWLINE][PARAGRAPH:2][BOLD]Background:[\BOLD][NEWLINE][TAB]Sheikh Mujibur Rahman was a Bengali politician and the founding leader of the People's Republic of Bangladesh, generally considered in the country as the father of the Bangladeshi nation. He headed the Awami League, served as the first President of Bangladesh and later became its Prime Minister. He is popularly referred to as Sheikh Mujib, and with the honorary title of Bangabandhu ("Friend of Bengal"). His eldest daughter Sheikh Hasina Wajed is the present leader of the Awami League and the current Prime Minister of Bangladesh.  A student political leader, Mujib rose in East Pakistani politics and within the ranks of the Awami League as a charismatic and forceful orator. An advocate of socialism, Mujib became popular for his leadership against the ethnic and institutional discrimination of Bengalis. He demanded increased provincial autonomy, and became a fierce opponent of the military rule of Ayub Khan. At the heightening of sectional tensions, Mujib outlined a 6-point autonomy plan, which was seen as separatism in West Pakistan. He was tried in 1968 for allegedly conspiring with the Indian government but was not found guilty. Despite leading his party to a major victory in the 1970 elections, Mujib was not invited to form the government.  After talks broke down with President Yahya Khan and West Pakistani politician Zulfikar Ali Bhutto, Sheikh Mujib on 26 March 1971 announced the declaration of independence of East Pakistan and announced the establishment of the sovereign People's Republic of Bangladesh.  Subsequently he was arrested and tried by a military court. During his nine month detention, Guerrilla war erupted between government forces and Bengali nationalists aided by India. An all out war between the Pakistan Army and Bangladesh-India Joint Forces led to the establishment of Bangladesh, and after his release Mujib assumed office as a provisional president, and later prime minister. Even as a constitution was adopted, proclaiming socialism and a secular democracy, Mujib struggled to address the challenges of intense poverty and unemployment, coupled with rampant corruption. Amidst rising popular agitation, he banned other political parties and established a one party state. After only seven months, Mujib was assassinated along with most of his family by a group of army officers.</French> 
  		<German>[H1]Sheikh Mujibur Rahman[\H1][NEWLINE][BOLD]First President of Bangladesh[\BOLD][NEWLINE][BOLD]Lived: [\BOLD]1920 - 1972[NEWLINE][PARAGRAPH:2][BOLD]Background:[\BOLD][NEWLINE][TAB]Sheikh Mujibur Rahman was a Bengali politician and the founding leader of the People's Republic of Bangladesh, generally considered in the country as the father of the Bangladeshi nation. He headed the Awami League, served as the first President of Bangladesh and later became its Prime Minister. He is popularly referred to as Sheikh Mujib, and with the honorary title of Bangabandhu ("Friend of Bengal"). His eldest daughter Sheikh Hasina Wajed is the present leader of the Awami League and the current Prime Minister of Bangladesh.  A student political leader, Mujib rose in East Pakistani politics and within the ranks of the Awami League as a charismatic and forceful orator. An advocate of socialism, Mujib became popular for his leadership against the ethnic and institutional discrimination of Bengalis. He demanded increased provincial autonomy, and became a fierce opponent of the military rule of Ayub Khan. At the heightening of sectional tensions, Mujib outlined a 6-point autonomy plan, which was seen as separatism in West Pakistan. He was tried in 1968 for allegedly conspiring with the Indian government but was not found guilty. Despite leading his party to a major victory in the 1970 elections, Mujib was not invited to form the government.  After talks broke down with President Yahya Khan and West Pakistani politician Zulfikar Ali Bhutto, Sheikh Mujib on 26 March 1971 announced the declaration of independence of East Pakistan and announced the establishment of the sovereign People's Republic of Bangladesh.  Subsequently he was arrested and tried by a military court. During his nine month detention, Guerrilla war erupted between government forces and Bengali nationalists aided by India. An all out war between the Pakistan Army and Bangladesh-India Joint Forces led to the establishment of Bangladesh, and after his release Mujib assumed office as a provisional president, and later prime minister. Even as a constitution was adopted, proclaiming socialism and a secular democracy, Mujib struggled to address the challenges of intense poverty and unemployment, coupled with rampant corruption. Amidst rising popular agitation, he banned other political parties and established a one party state. After only seven months, Mujib was assassinated along with most of his family by a group of army officers.</German> 
  		<Italian>[H1]Sheikh Mujibur Rahman[\H1][NEWLINE][BOLD]First President of Bangladesh[\BOLD][NEWLINE][BOLD]Lived: [\BOLD]1920 - 1972[NEWLINE][PARAGRAPH:2][BOLD]Background:[\BOLD][NEWLINE][TAB]Sheikh Mujibur Rahman was a Bengali politician and the founding leader of the People's Republic of Bangladesh, generally considered in the country as the father of the Bangladeshi nation. He headed the Awami League, served as the first President of Bangladesh and later became its Prime Minister. He is popularly referred to as Sheikh Mujib, and with the honorary title of Bangabandhu ("Friend of Bengal"). His eldest daughter Sheikh Hasina Wajed is the present leader of the Awami League and the current Prime Minister of Bangladesh.  A student political leader, Mujib rose in East Pakistani politics and within the ranks of the Awami League as a charismatic and forceful orator. An advocate of socialism, Mujib became popular for his leadership against the ethnic and institutional discrimination of Bengalis. He demanded increased provincial autonomy, and became a fierce opponent of the military rule of Ayub Khan. At the heightening of sectional tensions, Mujib outlined a 6-point autonomy plan, which was seen as separatism in West Pakistan. He was tried in 1968 for allegedly conspiring with the Indian government but was not found guilty. Despite leading his party to a major victory in the 1970 elections, Mujib was not invited to form the government.  After talks broke down with President Yahya Khan and West Pakistani politician Zulfikar Ali Bhutto, Sheikh Mujib on 26 March 1971 announced the declaration of independence of East Pakistan and announced the establishment of the sovereign People's Republic of Bangladesh.  Subsequently he was arrested and tried by a military court. During his nine month detention, Guerrilla war erupted between government forces and Bengali nationalists aided by India. An all out war between the Pakistan Army and Bangladesh-India Joint Forces led to the establishment of Bangladesh, and after his release Mujib assumed office as a provisional president, and later prime minister. Even as a constitution was adopted, proclaiming socialism and a secular democracy, Mujib struggled to address the challenges of intense poverty and unemployment, coupled with rampant corruption. Amidst rising popular agitation, he banned other political parties and established a one party state. After only seven months, Mujib was assassinated along with most of his family by a group of army officers.</Italian> 
  		<Spanish>[H1]Sheikh Mujibur Rahman[\H1][NEWLINE][BOLD]First President of Bangladesh[\BOLD][NEWLINE][BOLD]Lived: [\BOLD]1920 - 1972[NEWLINE][PARAGRAPH:2][BOLD]Background:[\BOLD][NEWLINE][TAB]Sheikh Mujibur Rahman was a Bengali politician and the founding leader of the People's Republic of Bangladesh, generally considered in the country as the father of the Bangladeshi nation. He headed the Awami League, served as the first President of Bangladesh and later became its Prime Minister. He is popularly referred to as Sheikh Mujib, and with the honorary title of Bangabandhu ("Friend of Bengal"). His eldest daughter Sheikh Hasina Wajed is the present leader of the Awami League and the current Prime Minister of Bangladesh.  A student political leader, Mujib rose in East Pakistani politics and within the ranks of the Awami League as a charismatic and forceful orator. An advocate of socialism, Mujib became popular for his leadership against the ethnic and institutional discrimination of Bengalis. He demanded increased provincial autonomy, and became a fierce opponent of the military rule of Ayub Khan. At the heightening of sectional tensions, Mujib outlined a 6-point autonomy plan, which was seen as separatism in West Pakistan. He was tried in 1968 for allegedly conspiring with the Indian government but was not found guilty. Despite leading his party to a major victory in the 1970 elections, Mujib was not invited to form the government.  After talks broke down with President Yahya Khan and West Pakistani politician Zulfikar Ali Bhutto, Sheikh Mujib on 26 March 1971 announced the declaration of independence of East Pakistan and announced the establishment of the sovereign People's Republic of Bangladesh.  Subsequently he was arrested and tried by a military court. During his nine month detention, Guerrilla war erupted between government forces and Bengali nationalists aided by India. An all out war between the Pakistan Army and Bangladesh-India Joint Forces led to the establishment of Bangladesh, and after his release Mujib assumed office as a provisional president, and later prime minister. Even as a constitution was adopted, proclaiming socialism and a secular democracy, Mujib struggled to address the challenges of intense poverty and unemployment, coupled with rampant corruption. Amidst rising popular agitation, he banned other political parties and established a one party state. After only seven months, Mujib was assassinated along with most of his family by a group of army officers.</Spanish>
	</TEXT>
	<TEXT>
		<Tag>AI_DIPLO_FIRST_CONTACT_LEADER_MUJIB_1</Tag>
		<English>As we have already given blood, we will give more blood. We will free the people of this country!</English>
		<French>Tout comme nous avons vers� du sang, nous verserons plus de sang. Nous lib�rerons le peuple de ce pays !</French>
		<German>As we have already given blood, we will give more blood. We will free the people of this country!</German>
		<Italian>As we have already given blood, we will give more blood. We will free the people of this country!</Italian>
		<Spanish>As we have already given blood, we will give more blood. We will free the people of this country!</Spanish>
	</TEXT>
</Civ4GameText>