<?xml version="1.0" encoding="utf-8"?>
<!-- Sid Meier's Civilization 4 Beyond the Sword -->
<!-- Modified by the Civ Gold Team -->
<!-- -->
<Civ4GameText xmlns="http://www.firaxis.com">
	<TEXT>
		<Tag>TXT_KEY_LEADER_ABLAY</Tag>
		<English>Ablai</English>
		<French>
			<Text>Ablai</Text>
			<Gender>Male</Gender>
			<Plural>0</Plural>
		</French>
		<German>
			<Text>Ablai</Text>
			<Gender>Male</Gender>
			<Plural>0</Plural>
		</German>
		<Italian>
			<Text>Ablai</Text>
			<Gender>Male</Gender>
			<Plural>0</Plural>
		</Italian>
		<Spanish>
			<Text>Ablai</Text>
			<Gender>Male</Gender>
			<Plural>0</Plural>
		</Spanish>
	</TEXT>
	<TEXT>
		<Tag>TXT_KEY_LEADER_ABLAY_PEDIA</Tag>
		<English>[H1]Ablai Khan[\H1][NEWLINE][BOLD]Kazakh Khan of the Middle Juz[\BOLD][NEWLINE][BOLD]Lived: [\BOLD] 1711 - 1781 [NEWLINE][PARAGRAPH:2][BOLD]Background:[\BOLD][NEWLINE][TAB]Born as Abilmansur, Ablai Khan belonged to the senior branch of descendants of the 15th century founder of the Kazakh state, Janybek Khan. In the first half of the 18th century, Ablai Khan proved to be a talented organizer and commander as he headed detachments of the Kazakh militia fighting the Dzungars. He participated in the most significant battles against the Dzungars from the 1720s to the 1750s, for which he was declared a "batyr" ("hero") by the people.[PARAGRAPH:1]Ablai's activity aimed to create a strong and independent Kazakh state. He headed the unified forces of the Kazakhs and furthered the centralization of state power in Kazakhstan. Until his election as the khan of the three jüzes, Ablai had to compete with Khan Abul Mambet and his descendants of Middle jüz for leadership. Initially, Russia recognized Abul Mambet as the Khan of Middle jüz, while Ablai was supported by China. Ablai's talent in playing China against Russia gradually made him the unrivalled Khan of the steppe. Unlike Abul Khair Khan of Little jüz, Ablai never submitted to Russian rule. In 1771, at the meeting of the representatives of the three jüzes, Ablai was elected as the Kazakh khan. Russian Empress requested that the title of khan should be recognized and officially approved by Russia. To that end, she sent an official letter to Petropavl, where Ablai was expected to receive the title in 1779. He never showed up at the fort, declining Russia's request to appoint him as the khan of Middle jüz. In contrast to Ablai, other khans and sultans had been competing for the lavish gifts and stipends of the Emperors of Russia in return for their submission.[PARAGRAPH:1]During the Qing campaigns against the Dzungars, Ablai Khan chose not to take sides in the Dzungar-Chinese conflict. Once the conflict was settled, Ablai offered his submission to the Qianlong Emperor. Ablai was confirmed as Kazakh khan by both the Chinese and the Russians. He lead numerous campaigns against Kokand Khanate and Kyrgyzs. In the last campaign his troops liberated many cities in Southern Kazakhstan and even captured Tashkent. Then he procedeed to present day Kyrgyzstan and won the furious battle with troops of local warlords. Upon his death in 1781 he was interred in the Mausoleum of Khoja Ahmed Yasavi in Hazrat-e Turkestan.</English>
		<French>[H1]Ablai Khan[\H1][NEWLINE][BOLD]Kazakh Khan of the Middle Juz[\BOLD][NEWLINE][BOLD]Lived: [\BOLD] 1711 - 1781 [NEWLINE][PARAGRAPH:2][BOLD]Background:[\BOLD][NEWLINE][TAB]Born as Abilmansur, Ablai Khan belonged to the senior branch of descendants of the 15th century founder of the Kazakh state, Janybek Khan. In the first half of the 18th century, Ablai Khan proved to be a talented organizer and commander as he headed detachments of the Kazakh militia fighting the Dzungars. He participated in the most significant battles against the Dzungars from the 1720s to the 1750s, for which he was declared a "batyr" ("hero") by the people.[PARAGRAPH:1]Ablai's activity aimed to create a strong and independent Kazakh state. He headed the unified forces of the Kazakhs and furthered the centralization of state power in Kazakhstan. Until his election as the khan of the three jüzes, Ablai had to compete with Khan Abul Mambet and his descendants of Middle jüz for leadership. Initially, Russia recognized Abul Mambet as the Khan of Middle jüz, while Ablai was supported by China. Ablai's talent in playing China against Russia gradually made him the unrivalled Khan of the steppe. Unlike Abul Khair Khan of Little jüz, Ablai never submitted to Russian rule. In 1771, at the meeting of the representatives of the three jüzes, Ablai was elected as the Kazakh khan. Russian Empress requested that the title of khan should be recognized and officially approved by Russia. To that end, she sent an official letter to Petropavl, where Ablai was expected to receive the title in 1779. He never showed up at the fort, declining Russia's request to appoint him as the khan of Middle jüz. In contrast to Ablai, other khans and sultans had been competing for the lavish gifts and stipends of the Emperors of Russia in return for their submission.[PARAGRAPH:1]During the Qing campaigns against the Dzungars, Ablai Khan chose not to take sides in the Dzungar-Chinese conflict. Once the conflict was settled, Ablai offered his submission to the Qianlong Emperor. Ablai was confirmed as Kazakh khan by both the Chinese and the Russians. He lead numerous campaigns against Kokand Khanate and Kyrgyzs. In the last campaign his troops liberated many cities in Southern Kazakhstan and even captured Tashkent. Then he procedeed to present day Kyrgyzstan and won the furious battle with troops of local warlords. Upon his death in 1781 he was interred in the Mausoleum of Khoja Ahmed Yasavi in Hazrat-e Turkestan.</French>
		<German>[H1]Ablai Khan[\H1][NEWLINE][BOLD]Kazakh Khan of the Middle Juz[\BOLD][NEWLINE][BOLD]Lived: [\BOLD] 1711 - 1781 [NEWLINE][PARAGRAPH:2][BOLD]Background:[\BOLD][NEWLINE][TAB]Born as Abilmansur, Ablai Khan belonged to the senior branch of descendants of the 15th century founder of the Kazakh state, Janybek Khan. In the first half of the 18th century, Ablai Khan proved to be a talented organizer and commander as he headed detachments of the Kazakh militia fighting the Dzungars. He participated in the most significant battles against the Dzungars from the 1720s to the 1750s, for which he was declared a "batyr" ("hero") by the people.[PARAGRAPH:1]Ablai's activity aimed to create a strong and independent Kazakh state. He headed the unified forces of the Kazakhs and furthered the centralization of state power in Kazakhstan. Until his election as the khan of the three jüzes, Ablai had to compete with Khan Abul Mambet and his descendants of Middle jüz for leadership. Initially, Russia recognized Abul Mambet as the Khan of Middle jüz, while Ablai was supported by China. Ablai's talent in playing China against Russia gradually made him the unrivalled Khan of the steppe. Unlike Abul Khair Khan of Little jüz, Ablai never submitted to Russian rule. In 1771, at the meeting of the representatives of the three jüzes, Ablai was elected as the Kazakh khan. Russian Empress requested that the title of khan should be recognized and officially approved by Russia. To that end, she sent an official letter to Petropavl, where Ablai was expected to receive the title in 1779. He never showed up at the fort, declining Russia's request to appoint him as the khan of Middle jüz. In contrast to Ablai, other khans and sultans had been competing for the lavish gifts and stipends of the Emperors of Russia in return for their submission.[PARAGRAPH:1]During the Qing campaigns against the Dzungars, Ablai Khan chose not to take sides in the Dzungar-Chinese conflict. Once the conflict was settled, Ablai offered his submission to the Qianlong Emperor. Ablai was confirmed as Kazakh khan by both the Chinese and the Russians. He lead numerous campaigns against Kokand Khanate and Kyrgyzs. In the last campaign his troops liberated many cities in Southern Kazakhstan and even captured Tashkent. Then he procedeed to present day Kyrgyzstan and won the furious battle with troops of local warlords. Upon his death in 1781 he was interred in the Mausoleum of Khoja Ahmed Yasavi in Hazrat-e Turkestan.</German>
		<Italian>[H1]Ablai Khan[\H1][NEWLINE][BOLD]Kazakh Khan of the Middle Juz[\BOLD][NEWLINE][BOLD]Lived: [\BOLD] 1711 - 1781 [NEWLINE][PARAGRAPH:2][BOLD]Background:[\BOLD][NEWLINE][TAB]Born as Abilmansur, Ablai Khan belonged to the senior branch of descendants of the 15th century founder of the Kazakh state, Janybek Khan. In the first half of the 18th century, Ablai Khan proved to be a talented organizer and commander as he headed detachments of the Kazakh militia fighting the Dzungars. He participated in the most significant battles against the Dzungars from the 1720s to the 1750s, for which he was declared a "batyr" ("hero") by the people.[PARAGRAPH:1]Ablai's activity aimed to create a strong and independent Kazakh state. He headed the unified forces of the Kazakhs and furthered the centralization of state power in Kazakhstan. Until his election as the khan of the three jüzes, Ablai had to compete with Khan Abul Mambet and his descendants of Middle jüz for leadership. Initially, Russia recognized Abul Mambet as the Khan of Middle jüz, while Ablai was supported by China. Ablai's talent in playing China against Russia gradually made him the unrivalled Khan of the steppe. Unlike Abul Khair Khan of Little jüz, Ablai never submitted to Russian rule. In 1771, at the meeting of the representatives of the three jüzes, Ablai was elected as the Kazakh khan. Russian Empress requested that the title of khan should be recognized and officially approved by Russia. To that end, she sent an official letter to Petropavl, where Ablai was expected to receive the title in 1779. He never showed up at the fort, declining Russia's request to appoint him as the khan of Middle jüz. In contrast to Ablai, other khans and sultans had been competing for the lavish gifts and stipends of the Emperors of Russia in return for their submission.[PARAGRAPH:1]During the Qing campaigns against the Dzungars, Ablai Khan chose not to take sides in the Dzungar-Chinese conflict. Once the conflict was settled, Ablai offered his submission to the Qianlong Emperor. Ablai was confirmed as Kazakh khan by both the Chinese and the Russians. He lead numerous campaigns against Kokand Khanate and Kyrgyzs. In the last campaign his troops liberated many cities in Southern Kazakhstan and even captured Tashkent. Then he procedeed to present day Kyrgyzstan and won the furious battle with troops of local warlords. Upon his death in 1781 he was interred in the Mausoleum of Khoja Ahmed Yasavi in Hazrat-e Turkestan.</Italian>
		<Spanish>[H1]Ablai Khan[\H1][NEWLINE][BOLD]Kazakh Khan of the Middle Juz[\BOLD][NEWLINE][BOLD]Lived: [\BOLD] 1711 - 1781 [NEWLINE][PARAGRAPH:2][BOLD]Background:[\BOLD][NEWLINE][TAB]Born as Abilmansur, Ablai Khan belonged to the senior branch of descendants of the 15th century founder of the Kazakh state, Janybek Khan. In the first half of the 18th century, Ablai Khan proved to be a talented organizer and commander as he headed detachments of the Kazakh militia fighting the Dzungars. He participated in the most significant battles against the Dzungars from the 1720s to the 1750s, for which he was declared a "batyr" ("hero") by the people.[PARAGRAPH:1]Ablai's activity aimed to create a strong and independent Kazakh state. He headed the unified forces of the Kazakhs and furthered the centralization of state power in Kazakhstan. Until his election as the khan of the three jüzes, Ablai had to compete with Khan Abul Mambet and his descendants of Middle jüz for leadership. Initially, Russia recognized Abul Mambet as the Khan of Middle jüz, while Ablai was supported by China. Ablai's talent in playing China against Russia gradually made him the unrivalled Khan of the steppe. Unlike Abul Khair Khan of Little jüz, Ablai never submitted to Russian rule. In 1771, at the meeting of the representatives of the three jüzes, Ablai was elected as the Kazakh khan. Russian Empress requested that the title of khan should be recognized and officially approved by Russia. To that end, she sent an official letter to Petropavl, where Ablai was expected to receive the title in 1779. He never showed up at the fort, declining Russia's request to appoint him as the khan of Middle jüz. In contrast to Ablai, other khans and sultans had been competing for the lavish gifts and stipends of the Emperors of Russia in return for their submission.[PARAGRAPH:1]During the Qing campaigns against the Dzungars, Ablai Khan chose not to take sides in the Dzungar-Chinese conflict. Once the conflict was settled, Ablai offered his submission to the Qianlong Emperor. Ablai was confirmed as Kazakh khan by both the Chinese and the Russians. He lead numerous campaigns against Kokand Khanate and Kyrgyzs. In the last campaign his troops liberated many cities in Southern Kazakhstan and even captured Tashkent. Then he procedeed to present day Kyrgyzstan and won the furious battle with troops of local warlords. Upon his death in 1781 he was interred in the Mausoleum of Khoja Ahmed Yasavi in Hazrat-e Turkestan.</Spanish>
	</TEXT>
	<TEXT>
		<Tag>AI_DIPLO_FIRST_CONTACT_LEADER_ABLAY_1</Tag>
		<English>Hello, [CT_NAME]! Your wanderings have brought you to the [OUR_CIV_ADJ] steppe. I advise you to be friendly with the [OUR_CIV_ADJ] people, for these are our lands!</English>
		<French>Bonjour, [CT_NAME] ! Vos déambulations vous ont conduit sur la steppe kazakh. Je vous conseille d'être amical avec notre peuple, car ce sont nos terres !</French>
		<German>Hello, [CT_NAME]! Your wanderings have brought you to the [OUR_CIV_ADJ] steppe. I advise you to be friendly with the [OUR_CIV_ADJ] people, for these are our lands!</German>
		<Italian>Hello, [CT_NAME]! Your wanderings have brought you to the [OUR_CIV_ADJ] steppe. I advise you to be friendly with the [OUR_CIV_ADJ] people, for these are our lands!</Italian>
		<Spanish>Hello, [CT_NAME]! Your wanderings have brought you to the [OUR_CIV_ADJ] steppe. I advise you to be friendly with the [OUR_CIV_ADJ] people, for these are our lands!</Spanish>
	</TEXT>
</Civ4GameText>