<?xml version="1.0" encoding="ISO-8859-1"?>
<!-- Sid Meier's Civilization 4 Beyond the Sword -->
<!-- Modified by the Civ Gold Team -->
<!-- -->
<Civ4GameText xmlns="http://www.firaxis.com">
	<TEXT>
		<Tag>TXT_KEY_CIV_MEXICO_DESC</Tag>
		<English>Mexican Empire</English>
		<French>Peuple mexicain</French>
		<German>Mexican Empire</German>
		<Italian>Mexican Empire</Italian>
		<Spanish>Mexican Empire</Spanish>
	</TEXT>
	<TEXT>
		<Tag>TXT_KEY_CIV_MEXICO_SHORT_DESC</Tag>
		<English>Mexico</English>
		<French>Mexique</French>
		<German>Mexico</German>
		<Italian>Mexico</Italian>
		<Spanish>Mexico</Spanish>
	</TEXT>
	<TEXT>
		<Tag>TXT_KEY_CIV_MEXICO_ADJECTIVE</Tag>
		<English>Mexican</English>
		<French>Mexicains</French>
		<German>Mexican</German>
		<Italian>Mexican</Italian>
		<Spanish>Mexican</Spanish>
	</TEXT>
	<TEXT>
		<Tag>TXT_KEY_CIV_MEXICO_PEDIA</Tag>
		<English>[TAB]Highly developed cultures, including those of the Olmecs, Mayas, Toltecs, and Aztecs, existed long before the Spanish conquest. Hernando Cortes conquered Mexico during the period 1519-21 and founded a Spanish colony that lasted nearly 300 years.[PARAGRAPH:2]Independence from Spain was proclaimed by Father Miguel Hidalgo on September 16, 1810. Father Hidalgo's declaration of national independence, known in Mexico as the "Grito de Dolores", launched a decade long struggle for independence from Spain. Prominent figures in Mexico's war for independence were Father Jose Maria Morelos; Gen. Augustin de Iturbide, who defeated the Spaniards and ruled as Mexican emperor from 1822-23; and Gen. Antonio Lopez de Santa Ana, who went on to dominate Mexican politics from 1833 to 1855. An 1821 treaty recognized Mexican independence from Spain and called for a constitutional monarchy. The planned monarchy failed; a republic was proclaimed in December 1822 and established in 1824.[PARAGRAPH:2]Throughout the rest of the 19th century, Mexico's government and economy were shaped by contentious debates among liberals and conservatives, republicans and monarchists, federalists and those who favored centralized government. During the two presidential terms of Benito Juarez (1858-71), Mexico experimented with modern democratic and economic reforms. President Juarez' terms of office, and Mexico's early experience with democracy, were interrupted by the Habsburg monarchy's rule of Mexico (1864-67), and was followed by the authoritarian government of Gen. Porfirio Diaz, who was president during most of the period between 1877 and 1911.[PARAGRAPH:2]Mexico's severe social and economic problems erupted in a revolution that lasted from 1910-20 and gave rise to the 1917 constitution. Prominent leaders in this period (some of whom were rivals for power) were Francisco Madero, Venustiano Carranza, Pancho Villa, Alvaro Obregon, Victoriano Huerta, and Emiliano Zapata. The Institutional Revolutionary Party (PRI), formed in 1929 under a different name, emerged from the chaos of revolution as a vehicle for keeping political competition among a coalition of interests in peaceful channels. For 71 years, Mexico's national government was controlled by the PRI, which won every presidential race and most gubernatorial races until the July 2000 presidential election of Vicente Fox Quesada of the National Action Party (PAN).</English>
		<French>[TAB]Highly developed cultures, including those of the Olmecs, Mayas, Toltecs, and Aztecs, existed long before the Spanish conquest. Hernando Cortes conquered Mexico during the period 1519-21 and founded a Spanish colony that lasted nearly 300 years.[PARAGRAPH:2]Independence from Spain was proclaimed by Father Miguel Hidalgo on September 16, 1810. Father Hidalgo's declaration of national independence, known in Mexico as the "Grito de Dolores", launched a decade long struggle for independence from Spain. Prominent figures in Mexico's war for independence were Father Jose Maria Morelos; Gen. Augustin de Iturbide, who defeated the Spaniards and ruled as Mexican emperor from 1822-23; and Gen. Antonio Lopez de Santa Ana, who went on to dominate Mexican politics from 1833 to 1855. An 1821 treaty recognized Mexican independence from Spain and called for a constitutional monarchy. The planned monarchy failed; a republic was proclaimed in December 1822 and established in 1824.[PARAGRAPH:2]Throughout the rest of the 19th century, Mexico's government and economy were shaped by contentious debates among liberals and conservatives, republicans and monarchists, federalists and those who favored centralized government. During the two presidential terms of Benito Juarez (1858-71), Mexico experimented with modern democratic and economic reforms. President Juarez' terms of office, and Mexico's early experience with democracy, were interrupted by the Habsburg monarchy's rule of Mexico (1864-67), and was followed by the authoritarian government of Gen. Porfirio Diaz, who was president during most of the period between 1877 and 1911.[PARAGRAPH:2]Mexico's severe social and economic problems erupted in a revolution that lasted from 1910-20 and gave rise to the 1917 constitution. Prominent leaders in this period (some of whom were rivals for power) were Francisco Madero, Venustiano Carranza, Pancho Villa, Alvaro Obregon, Victoriano Huerta, and Emiliano Zapata. The Institutional Revolutionary Party (PRI), formed in 1929 under a different name, emerged from the chaos of revolution as a vehicle for keeping political competition among a coalition of interests in peaceful channels. For 71 years, Mexico's national government was controlled by the PRI, which won every presidential race and most gubernatorial races until the July 2000 presidential election of Vicente Fox Quesada of the National Action Party (PAN).</French>
		<German>[TAB]Highly developed cultures, including those of the Olmecs, Mayas, Toltecs, and Aztecs, existed long before the Spanish conquest. Hernando Cortes conquered Mexico during the period 1519-21 and founded a Spanish colony that lasted nearly 300 years.[PARAGRAPH:2]Independence from Spain was proclaimed by Father Miguel Hidalgo on September 16, 1810. Father Hidalgo's declaration of national independence, known in Mexico as the "Grito de Dolores", launched a decade long struggle for independence from Spain. Prominent figures in Mexico's war for independence were Father Jose Maria Morelos; Gen. Augustin de Iturbide, who defeated the Spaniards and ruled as Mexican emperor from 1822-23; and Gen. Antonio Lopez de Santa Ana, who went on to dominate Mexican politics from 1833 to 1855. An 1821 treaty recognized Mexican independence from Spain and called for a constitutional monarchy. The planned monarchy failed; a republic was proclaimed in December 1822 and established in 1824.[PARAGRAPH:2]Throughout the rest of the 19th century, Mexico's government and economy were shaped by contentious debates among liberals and conservatives, republicans and monarchists, federalists and those who favored centralized government. During the two presidential terms of Benito Juarez (1858-71), Mexico experimented with modern democratic and economic reforms. President Juarez' terms of office, and Mexico's early experience with democracy, were interrupted by the Habsburg monarchy's rule of Mexico (1864-67), and was followed by the authoritarian government of Gen. Porfirio Diaz, who was president during most of the period between 1877 and 1911.[PARAGRAPH:2]Mexico's severe social and economic problems erupted in a revolution that lasted from 1910-20 and gave rise to the 1917 constitution. Prominent leaders in this period (some of whom were rivals for power) were Francisco Madero, Venustiano Carranza, Pancho Villa, Alvaro Obregon, Victoriano Huerta, and Emiliano Zapata. The Institutional Revolutionary Party (PRI), formed in 1929 under a different name, emerged from the chaos of revolution as a vehicle for keeping political competition among a coalition of interests in peaceful channels. For 71 years, Mexico's national government was controlled by the PRI, which won every presidential race and most gubernatorial races until the July 2000 presidential election of Vicente Fox Quesada of the National Action Party (PAN).</German>
		<Italian>[TAB]Highly developed cultures, including those of the Olmecs, Mayas, Toltecs, and Aztecs, existed long before the Spanish conquest. Hernando Cortes conquered Mexico during the period 1519-21 and founded a Spanish colony that lasted nearly 300 years.[PARAGRAPH:2]Independence from Spain was proclaimed by Father Miguel Hidalgo on September 16, 1810. Father Hidalgo's declaration of national independence, known in Mexico as the "Grito de Dolores", launched a decade long struggle for independence from Spain. Prominent figures in Mexico's war for independence were Father Jose Maria Morelos; Gen. Augustin de Iturbide, who defeated the Spaniards and ruled as Mexican emperor from 1822-23; and Gen. Antonio Lopez de Santa Ana, who went on to dominate Mexican politics from 1833 to 1855. An 1821 treaty recognized Mexican independence from Spain and called for a constitutional monarchy. The planned monarchy failed; a republic was proclaimed in December 1822 and established in 1824.[PARAGRAPH:2]Throughout the rest of the 19th century, Mexico's government and economy were shaped by contentious debates among liberals and conservatives, republicans and monarchists, federalists and those who favored centralized government. During the two presidential terms of Benito Juarez (1858-71), Mexico experimented with modern democratic and economic reforms. President Juarez' terms of office, and Mexico's early experience with democracy, were interrupted by the Habsburg monarchy's rule of Mexico (1864-67), and was followed by the authoritarian government of Gen. Porfirio Diaz, who was president during most of the period between 1877 and 1911.[PARAGRAPH:2]Mexico's severe social and economic problems erupted in a revolution that lasted from 1910-20 and gave rise to the 1917 constitution. Prominent leaders in this period (some of whom were rivals for power) were Francisco Madero, Venustiano Carranza, Pancho Villa, Alvaro Obregon, Victoriano Huerta, and Emiliano Zapata. The Institutional Revolutionary Party (PRI), formed in 1929 under a different name, emerged from the chaos of revolution as a vehicle for keeping political competition among a coalition of interests in peaceful channels. For 71 years, Mexico's national government was controlled by the PRI, which won every presidential race and most gubernatorial races until the July 2000 presidential election of Vicente Fox Quesada of the National Action Party (PAN).</Italian>
		<Spanish>[TAB]Highly developed cultures, including those of the Olmecs, Mayas, Toltecs, and Aztecs, existed long before the Spanish conquest. Hernando Cortes conquered Mexico during the period 1519-21 and founded a Spanish colony that lasted nearly 300 years.[PARAGRAPH:2]Independence from Spain was proclaimed by Father Miguel Hidalgo on September 16, 1810. Father Hidalgo's declaration of national independence, known in Mexico as the "Grito de Dolores", launched a decade long struggle for independence from Spain. Prominent figures in Mexico's war for independence were Father Jose Maria Morelos; Gen. Augustin de Iturbide, who defeated the Spaniards and ruled as Mexican emperor from 1822-23; and Gen. Antonio Lopez de Santa Ana, who went on to dominate Mexican politics from 1833 to 1855. An 1821 treaty recognized Mexican independence from Spain and called for a constitutional monarchy. The planned monarchy failed; a republic was proclaimed in December 1822 and established in 1824.[PARAGRAPH:2]Throughout the rest of the 19th century, Mexico's government and economy were shaped by contentious debates among liberals and conservatives, republicans and monarchists, federalists and those who favored centralized government. During the two presidential terms of Benito Juarez (1858-71), Mexico experimented with modern democratic and economic reforms. President Juarez' terms of office, and Mexico's early experience with democracy, were interrupted by the Habsburg monarchy's rule of Mexico (1864-67), and was followed by the authoritarian government of Gen. Porfirio Diaz, who was president during most of the period between 1877 and 1911.[PARAGRAPH:2]Mexico's severe social and economic problems erupted in a revolution that lasted from 1910-20 and gave rise to the 1917 constitution. Prominent leaders in this period (some of whom were rivals for power) were Francisco Madero, Venustiano Carranza, Pancho Villa, Alvaro Obregon, Victoriano Huerta, and Emiliano Zapata. The Institutional Revolutionary Party (PRI), formed in 1929 under a different name, emerged from the chaos of revolution as a vehicle for keeping political competition among a coalition of interests in peaceful channels. For 71 years, Mexico's national government was controlled by the PRI, which won every presidential race and most gubernatorial races until the July 2000 presidential election of Vicente Fox Quesada of the National Action Party (PAN).</Spanish>
	</TEXT>
	<TEXT>
		<Tag>TXT_KEY_CITY_NAME_MEXICO_CITY</Tag>
		<English>Mexico City</English>
		<French>
			<Text>Mexico City</Text>
			<Gender>Male</Gender>
			<Plural>0</Plural>
		</French>
		<German>
			<Text>Mexico City</Text>
			<Gender>Male</Gender>
			<Plural>0</Plural>
		</German>
		<Italian>
			<Text>Mexico City</Text>
			<Gender>Female</Gender>
			<Plural>0</Plural>
		</Italian>
		<Spanish>
			<Text>Mexico City</Text>
			<Gender>Female</Gender>
			<Plural>0</Plural>
		</Spanish>
	</TEXT>
	<TEXT>
		<Tag>TXT_KEY_CITY_NAME_PUEBLA</Tag>
		<English>Puebla</English>
		<French>
			<Text>Puebla</Text>
			<Gender>Male</Gender>
			<Plural>0</Plural>
		</French>
		<German>
			<Text>Puebla</Text>
			<Gender>Male</Gender>
			<Plural>0</Plural>
		</German>
		<Italian>
			<Text>Puebla</Text>
			<Gender>Female</Gender>
			<Plural>0</Plural>
		</Italian>
		<Spanish>
			<Text>Puebla</Text>
			<Gender>Female</Gender>
			<Plural>0</Plural>
		</Spanish>
	</TEXT>
	<TEXT>
		<Tag>TXT_KEY_CITY_NAME_NUEVO_LEON</Tag>
		<English>Nuevo Leon</English>
		<French>
			<Text>Nuevo Leon</Text>
			<Gender>Male</Gender>
			<Plural>0</Plural>
		</French>
		<German>
			<Text>Nuevo Leon</Text>
			<Gender>Male</Gender>
			<Plural>0</Plural>
		</German>
		<Italian>
			<Text>Nuevo Leon</Text>
			<Gender>Female</Gender>
			<Plural>0</Plural>
		</Italian>
		<Spanish>
			<Text>Nuevo Leon</Text>
			<Gender>Female</Gender>
			<Plural>0</Plural>
		</Spanish>
	</TEXT>
	<TEXT>
		<Tag>TXT_KEY_CITY_NAME_ACAPULCO</Tag>
		<English>Acapulco</English>
		<French>
			<Text>Acapulco</Text>
			<Gender>Male</Gender>
			<Plural>0</Plural>
		</French>
		<German>
			<Text>Acapulco</Text>
			<Gender>Male</Gender>
			<Plural>0</Plural>
		</German>
		<Italian>
			<Text>Acapulco</Text>
			<Gender>Female</Gender>
			<Plural>0</Plural>
		</Italian>
		<Spanish>
			<Text>Acapulco</Text>
			<Gender>Female</Gender>
			<Plural>0</Plural>
		</Spanish>
	</TEXT>
	<TEXT>
		<Tag>TXT_KEY_CITY_NAME_GUADALAJARA</Tag>
		<English>Guadalajara</English>
		<French>
			<Text>Guadalajara</Text>
			<Gender>Male</Gender>
			<Plural>0</Plural>
		</French>
		<German>
			<Text>Guadalajara</Text>
			<Gender>Male</Gender>
			<Plural>0</Plural>
		</German>
		<Italian>
			<Text>Guadalajara</Text>
			<Gender>Female</Gender>
			<Plural>0</Plural>
		</Italian>
		<Spanish>
			<Text>Guadalajara</Text>
			<Gender>Female</Gender>
			<Plural>0</Plural>
		</Spanish>
	</TEXT>
	<TEXT>
		<Tag>TXT_KEY_CITY_NAME_MONTERREY</Tag>
		<English>Monterrey</English>
		<French>
			<Text>Monterrey</Text>
			<Gender>Male</Gender>
			<Plural>0</Plural>
		</French>
		<German>
			<Text>Monterrey</Text>
			<Gender>Male</Gender>
			<Plural>0</Plural>
		</German>
		<Italian>
			<Text>Monterrey</Text>
			<Gender>Female</Gender>
			<Plural>0</Plural>
		</Italian>
		<Spanish>
			<Text>Monterrey</Text>
			<Gender>Female</Gender>
			<Plural>0</Plural>
		</Spanish>
	</TEXT>
	<TEXT>
		<Tag>TXT_KEY_CITY_NAME_MERIDA</Tag>
		<English>Merida</English>
		<French>
			<Text>Merida</Text>
			<Gender>Male</Gender>
			<Plural>0</Plural>
		</French>
		<German>
			<Text>Merida</Text>
			<Gender>Male</Gender>
			<Plural>0</Plural>
		</German>
		<Italian>
			<Text>Merida</Text>
			<Gender>Female</Gender>
			<Plural>0</Plural>
		</Italian>
		<Spanish>
			<Text>Merida</Text>
			<Gender>Female</Gender>
			<Plural>0</Plural>
		</Spanish>
	</TEXT>
	<TEXT>
		<Tag>TXT_KEY_CITY_NAME_CHIHUAHUA</Tag>
		<English>Chihuahua</English>
		<French>
			<Text>Chihuahua</Text>
			<Gender>Male</Gender>
			<Plural>0</Plural>
		</French>
		<German>
			<Text>Chihuahua</Text>
			<Gender>Male</Gender>
			<Plural>0</Plural>
		</German>
		<Italian>
			<Text>Chihuahua</Text>
			<Gender>Female</Gender>
			<Plural>0</Plural>
		</Italian>
		<Spanish>
			<Text>Chihuahua</Text>
			<Gender>Female</Gender>
			<Plural>0</Plural>
		</Spanish>
	</TEXT>
	<TEXT>
		<Tag>TXT_KEY_CITY_NAME_HERMOSILLO</Tag>
		<English>Hermosillo</English>
		<French>
			<Text>Hermosillo</Text>
			<Gender>Male</Gender>
			<Plural>0</Plural>
		</French>
		<German>
			<Text>Hermosillo</Text>
			<Gender>Male</Gender>
			<Plural>0</Plural>
		</German>
		<Italian>
			<Text>Hermosillo</Text>
			<Gender>Female</Gender>
			<Plural>0</Plural>
		</Italian>
		<Spanish>
			<Text>Hermosillo</Text>
			<Gender>Female</Gender>
			<Plural>0</Plural>
		</Spanish>
	</TEXT>
	<TEXT>
		<Tag>TXT_KEY_CITY_NAME_TIJUANA</Tag>
		<English>Tijuana</English>
		<French>
			<Text>Tijuana</Text>
			<Gender>Male</Gender>
			<Plural>0</Plural>
		</French>
		<German>
			<Text>Tijuana</Text>
			<Gender>Male</Gender>
			<Plural>0</Plural>
		</German>
		<Italian>
			<Text>Tijuana</Text>
			<Gender>Female</Gender>
			<Plural>0</Plural>
		</Italian>
		<Spanish>
			<Text>Tijuana</Text>
			<Gender>Female</Gender>
			<Plural>0</Plural>
		</Spanish>
	</TEXT>
	<TEXT>
		<Tag>TXT_KEY_CITY_NAME_TOLUCA</Tag>
		<English>Toluca</English>
		<French>
			<Text>Toluca</Text>
			<Gender>Male</Gender>
			<Plural>0</Plural>
		</French>
		<German>
			<Text>Toluca</Text>
			<Gender>Male</Gender>
			<Plural>0</Plural>
		</German>
		<Italian>
			<Text>Toluca</Text>
			<Gender>Female</Gender>
			<Plural>0</Plural>
		</Italian>
		<Spanish>
			<Text>Toluca</Text>
			<Gender>Female</Gender>
			<Plural>0</Plural>
		</Spanish>
	</TEXT>
	<TEXT>
		<Tag>TXT_KEY_CITY_NAME_QUERETARO</Tag>
		<English>Queretaro</English>
		<French>
			<Text>Queretaro</Text>
			<Gender>Male</Gender>
			<Plural>0</Plural>
		</French>
		<German>
			<Text>Queretaro</Text>
			<Gender>Male</Gender>
			<Plural>0</Plural>
		</German>
		<Italian>
			<Text>Queretaro</Text>
			<Gender>Female</Gender>
			<Plural>0</Plural>
		</Italian>
		<Spanish>
			<Text>Queretaro</Text>
			<Gender>Female</Gender>
			<Plural>0</Plural>
		</Spanish>
	</TEXT>
	<TEXT>
		<Tag>TXT_KEY_CITY_NAME_MORELIA</Tag>
		<English>Morelia</English>
		<French>
			<Text>Morelia</Text>
			<Gender>Male</Gender>
			<Plural>0</Plural>
		</French>
		<German>
			<Text>Morelia</Text>
			<Gender>Male</Gender>
			<Plural>0</Plural>
		</German>
		<Italian>
			<Text>Morelia</Text>
			<Gender>Female</Gender>
			<Plural>0</Plural>
		</Italian>
		<Spanish>
			<Text>Morelia</Text>
			<Gender>Female</Gender>
			<Plural>0</Plural>
		</Spanish>
	</TEXT>
	<TEXT>
		<Tag>TXT_KEY_CITY_NAME_VERACRUZ</Tag>
		<English>Veracruz</English>
		<French>
			<Text>Veracruz</Text>
			<Gender>Male</Gender>
			<Plural>0</Plural>
		</French>
		<German>
			<Text>Veracruz</Text>
			<Gender>Male</Gender>
			<Plural>0</Plural>
		</German>
		<Italian>
			<Text>Veracruz</Text>
			<Gender>Female</Gender>
			<Plural>0</Plural>
		</Italian>
		<Spanish>
			<Text>Veracruz</Text>
			<Gender>Female</Gender>
			<Plural>0</Plural>
		</Spanish>
	</TEXT>
	<TEXT>
		<Tag>TXT_KEY_CITY_NAME_AGUASCALIENTES</Tag>
		<English>Aguascalientes</English>
		<French>
			<Text>Aguascalientes</Text>
			<Gender>Male</Gender>
			<Plural>0</Plural>
		</French>
		<German>
			<Text>Aguascalientes</Text>
			<Gender>Male</Gender>
			<Plural>0</Plural>
		</German>
		<Italian>
			<Text>Aguascalientes</Text>
			<Gender>Female</Gender>
			<Plural>0</Plural>
		</Italian>
		<Spanish>
			<Text>Aguascalientes</Text>
			<Gender>Female</Gender>
			<Plural>0</Plural>
		</Spanish>
	</TEXT>
	<TEXT>
		<Tag>TXT_KEY_CITY_NAME_SAN_LUIS_POTOSI</Tag>
		<English>San Luis Potosi</English>
		<French>
			<Text>San Luis Potosi</Text>
			<Gender>Male</Gender>
			<Plural>0</Plural>
		</French>
		<German>
			<Text>San Luis Potosi</Text>
			<Gender>Male</Gender>
			<Plural>0</Plural>
		</German>
		<Italian>
			<Text>San Luis Potosi</Text>
			<Gender>Female</Gender>
			<Plural>0</Plural>
		</Italian>
		<Spanish>
			<Text>San Luis Potosi</Text>
			<Gender>Female</Gender>
			<Plural>0</Plural>
		</Spanish>
	</TEXT>
	<TEXT>
		<Tag>TXT_KEY_CITY_NAME_TAMPICO</Tag>
		<English>Tampico</English>
		<French>
			<Text>Tampico</Text>
			<Gender>Male</Gender>
			<Plural>0</Plural>
		</French>
		<German>
			<Text>Tampico</Text>
			<Gender>Male</Gender>
			<Plural>0</Plural>
		</German>
		<Italian>
			<Text>Tampico</Text>
			<Gender>Female</Gender>
			<Plural>0</Plural>
		</Italian>
		<Spanish>
			<Text>Tampico</Text>
			<Gender>Female</Gender>
			<Plural>0</Plural>
		</Spanish>
	</TEXT>
	<TEXT>
		<Tag>TXT_KEY_CITY_NAME_TUXTLA_GUTIERREZ</Tag>
		<English>Tuxtla Gutierrez</English>
		<French>
			<Text>Tuxtla Gutierrez</Text>
			<Gender>Male</Gender>
			<Plural>0</Plural>
		</French>
		<German>
			<Text>Tuxtla Gutierrez</Text>
			<Gender>Male</Gender>
			<Plural>0</Plural>
		</German>
		<Italian>
			<Text>Tuxtla Gutierrez</Text>
			<Gender>Female</Gender>
			<Plural>0</Plural>
		</Italian>
		<Spanish>
			<Text>Tuxtla Gutierrez</Text>
			<Gender>Female</Gender>
			<Plural>0</Plural>
		</Spanish>
	</TEXT>
	<TEXT>
		<Tag>TXT_KEY_CITY_NAME_VILLAHERMOSA</Tag>
		<English>Villahermosa</English>
		<French>
			<Text>Villahermosa</Text>
			<Gender>Male</Gender>
			<Plural>0</Plural>
		</French>
		<German>
			<Text>Villahermosa</Text>
			<Gender>Male</Gender>
			<Plural>0</Plural>
		</German>
		<Italian>
			<Text>Villahermosa</Text>
			<Gender>Female</Gender>
			<Plural>0</Plural>
		</Italian>
		<Spanish>
			<Text>Villahermosa</Text>
			<Gender>Female</Gender>
			<Plural>0</Plural>
		</Spanish>
	</TEXT>
	<TEXT>
		<Tag>TXT_KEY_CITY_NAME_DURANGO</Tag>
		<English>Durango</English>
		<French>
			<Text>Durango</Text>
			<Gender>Male</Gender>
			<Plural>0</Plural>
		</French>
		<German>
			<Text>Durango</Text>
			<Gender>Male</Gender>
			<Plural>0</Plural>
		</German>
		<Italian>
			<Text>Durango</Text>
			<Gender>Female</Gender>
			<Plural>0</Plural>
		</Italian>
		<Spanish>
			<Text>Durango</Text>
			<Gender>Female</Gender>
			<Plural>0</Plural>
		</Spanish>
	</TEXT>
	<TEXT>
		<Tag>TXT_KEY_CITY_NAME_TORREON</Tag>
		<English>Torreon</English>
		<French>
			<Text>Torreon</Text>
			<Gender>Male</Gender>
			<Plural>0</Plural>
		</French>
		<German>
			<Text>Torreon</Text>
			<Gender>Male</Gender>
			<Plural>0</Plural>
		</German>
		<Italian>
			<Text>Torreon</Text>
			<Gender>Female</Gender>
			<Plural>0</Plural>
		</Italian>
		<Spanish>
			<Text>Torreon</Text>
			<Gender>Female</Gender>
			<Plural>0</Plural>
		</Spanish>
	</TEXT>
	<TEXT>
		<Tag>TXT_KEY_CITY_NAME_CULIACAN</Tag>
		<English>Culiacan</English>
		<French>
			<Text>Culiacan</Text>
			<Gender>Male</Gender>
			<Plural>0</Plural>
		</French>
		<German>
			<Text>Culiacan</Text>
			<Gender>Male</Gender>
			<Plural>0</Plural>
		</German>
		<Italian>
			<Text>Culiacan</Text>
			<Gender>Female</Gender>
			<Plural>0</Plural>
		</Italian>
		<Spanish>
			<Text>Culiacan</Text>
			<Gender>Female</Gender>
			<Plural>0</Plural>
		</Spanish>
	</TEXT>
	<TEXT>
		<Tag>TXT_KEY_CITY_NAME_CANCUN</Tag>
		<English>Cancun</English>
		<French>
			<Text>Cancun</Text>
			<Gender>Male</Gender>
			<Plural>0</Plural>
		</French>
		<German>
			<Text>Cancun</Text>
			<Gender>Male</Gender>
			<Plural>0</Plural>
		</German>
		<Italian>
			<Text>Cancun</Text>
			<Gender>Female</Gender>
			<Plural>0</Plural>
		</Italian>
		<Spanish>
			<Text>Cancun</Text>
			<Gender>Female</Gender>
			<Plural>0</Plural>
		</Spanish>
	</TEXT>
	<TEXT>
		<Tag>TXT_KEY_CITY_NAME_MATAMOROS</Tag>
		<English>Matamoros</English>
		<French>
			<Text>Matamoros</Text>
			<Gender>Male</Gender>
			<Plural>0</Plural>
		</French>
		<German>
			<Text>Matamoros</Text>
			<Gender>Male</Gender>
			<Plural>0</Plural>
		</German>
		<Italian>
			<Text>Matamoros</Text>
			<Gender>Female</Gender>
			<Plural>0</Plural>
		</Italian>
		<Spanish>
			<Text>Matamoros</Text>
			<Gender>Female</Gender>
			<Plural>0</Plural>
		</Spanish>
	</TEXT>
	<TEXT>
		<Tag>TXT_KEY_CITY_NAME_LA_PAZ</Tag>
		<English>La Paz</English>
		<French>
			<Text>La Paz</Text>
			<Gender>Male</Gender>
			<Plural>0</Plural>
		</French>
		<German>
			<Text>La Paz</Text>
			<Gender>Male</Gender>
			<Plural>0</Plural>
		</German>
		<Italian>
			<Text>La Paz</Text>
			<Gender>Female</Gender>
			<Plural>0</Plural>
		</Italian>
		<Spanish>
			<Text>La Paz</Text>
			<Gender>Female</Gender>
			<Plural>0</Plural>
		</Spanish>
	</TEXT>
	<TEXT>
		<Tag>TXT_KEY_CITY_NAME_MEXICALI</Tag>
		<English>Mexicali</English>
		<French>
			<Text>Mexicali</Text>
			<Gender>Male</Gender>
			<Plural>0</Plural>
		</French>
		<German>
			<Text>Mexicali</Text>
			<Gender>Male</Gender>
			<Plural>0</Plural>
		</German>
		<Italian>
			<Text>Mexicali</Text>
			<Gender>Female</Gender>
			<Plural>0</Plural>
		</Italian>
		<Spanish>
			<Text>Mexicali</Text>
			<Gender>Female</Gender>
			<Plural>0</Plural>
		</Spanish>
	</TEXT>
	<TEXT>
		<Tag>TXT_KEY_CITY_NAME_NOGALES</Tag>
		<English>Nogales</English>
		<French>
			<Text>Nogales</Text>
			<Gender>Male</Gender>
			<Plural>0</Plural>
		</French>
		<German>
			<Text>Nogales</Text>
			<Gender>Male</Gender>
			<Plural>0</Plural>
		</German>
		<Italian>
			<Text>Nogales</Text>
			<Gender>Female</Gender>
			<Plural>0</Plural>
		</Italian>
		<Spanish>
			<Text>Nogales</Text>
			<Gender>Female</Gender>
			<Plural>0</Plural>
		</Spanish>
	</TEXT>
	<TEXT>
		<Tag>TXT_KEY_CITY_NAME_CAMPECHE</Tag>
		<English>Campeche</English>
		<French>
			<Text>Campeche</Text>
			<Gender>Male</Gender>
			<Plural>0</Plural>
		</French>
		<German>
			<Text>Campeche</Text>
			<Gender>Male</Gender>
			<Plural>0</Plural>
		</German>
		<Italian>
			<Text>Campeche</Text>
			<Gender>Female</Gender>
			<Plural>0</Plural>
		</Italian>
		<Spanish>
			<Text>Campeche</Text>
			<Gender>Female</Gender>
			<Plural>0</Plural>
		</Spanish>
	</TEXT>
	<TEXT>
		<Tag>TXT_KEY_CITY_NAME_LEON</Tag>
		<English>Leon</English>
		<French>
			<Text>Leon</Text>
			<Gender>Male</Gender>
			<Plural>0</Plural>
		</French>
		<German>
			<Text>Leon</Text>
			<Gender>Male</Gender>
			<Plural>0</Plural>
		</German>
		<Italian>
			<Text>Leon</Text>
			<Gender>Female</Gender>
			<Plural>0</Plural>
		</Italian>
		<Spanish>
			<Text>Leon</Text>
			<Gender>Female</Gender>
			<Plural>0</Plural>
		</Spanish>
	</TEXT>
	<TEXT>
		<Tag>TXT_KEY_CITY_NAME_MONCLOVA</Tag>
		<English>Monclova</English>
		<French>
			<Text>Monclova</Text>
			<Gender>Male</Gender>
			<Plural>0</Plural>
		</French>
		<German>
			<Text>Monclova</Text>
			<Gender>Male</Gender>
			<Plural>0</Plural>
		</German>
		<Italian>
			<Text>Monclova</Text>
			<Gender>Female</Gender>
			<Plural>0</Plural>
		</Italian>
		<Spanish>
			<Text>Monclova</Text>
			<Gender>Female</Gender>
			<Plural>0</Plural>
		</Spanish>
	</TEXT>
	<TEXT>
		<Tag>TXT_KEY_CITY_NAME_LOS_MOCHIS</Tag>
		<English>Los Mochis</English>
		<French>
			<Text>Los Mochis</Text>
			<Gender>Male</Gender>
			<Plural>0</Plural>
		</French>
		<German>
			<Text>Los Mochis</Text>
			<Gender>Male</Gender>
			<Plural>0</Plural>
		</German>
		<Italian>
			<Text>Los Mochis</Text>
			<Gender>Female</Gender>
			<Plural>0</Plural>
		</Italian>
		<Spanish>
			<Text>Los Mochis</Text>
			<Gender>Female</Gender>
			<Plural>0</Plural>
		</Spanish>
	</TEXT>
	<TEXT>
		<Tag>TXT_KEY_CITY_NAME_COLIMA</Tag>
		<English>Colima</English>
		<French>
			<Text>Colima</Text>
			<Gender>Male</Gender>
			<Plural>0</Plural>
		</French>
		<German>
			<Text>Colima</Text>
			<Gender>Male</Gender>
			<Plural>0</Plural>
		</German>
		<Italian>
			<Text>Colima</Text>
			<Gender>Female</Gender>
			<Plural>0</Plural>
		</Italian>
		<Spanish>
			<Text>Colima</Text>
			<Gender>Female</Gender>
			<Plural>0</Plural>
		</Spanish>
	</TEXT>
	<TEXT>
		<Tag>TXT_KEY_CITY_NAME_REYNOSA</Tag>
		<English>Reynosa</English>
		<French>
			<Text>Reynosa</Text>
			<Gender>Male</Gender>
			<Plural>0</Plural>
		</French>
		<German>
			<Text>Reynosa</Text>
			<Gender>Male</Gender>
			<Plural>0</Plural>
		</German>
		<Italian>
			<Text>Reynosa</Text>
			<Gender>Female</Gender>
			<Plural>0</Plural>
		</Italian>
		<Spanish>
			<Text>Reynosa</Text>
			<Gender>Female</Gender>
			<Plural>0</Plural>
		</Spanish>
	</TEXT>
	<TEXT>
		<Tag>TXT_KEY_CITY_NAME_PIEDRAS_NEGRAS</Tag>
		<English>Piedras Negras</English>
		<French>
			<Text>Piedras Negras</Text>
			<Gender>Male</Gender>
			<Plural>0</Plural>
		</French>
		<German>
			<Text>Piedras Negras</Text>
			<Gender>Male</Gender>
			<Plural>0</Plural>
		</German>
		<Italian>
			<Text>Piedras Negras</Text>
			<Gender>Female</Gender>
			<Plural>0</Plural>
		</Italian>
		<Spanish>
			<Text>Piedras Negras</Text>
			<Gender>Female</Gender>
			<Plural>0</Plural>
		</Spanish>
	</TEXT>
	<TEXT>
		<Tag>TXT_KEY_CITY_NAME_PUERTO_VALLARTA</Tag>
		<English>Puerto Vallarta</English>
		<French>
			<Text>Puerto Vallarta</Text>
			<Gender>Male</Gender>
			<Plural>0</Plural>
		</French>
		<German>
			<Text>Puerto Vallarta</Text>
			<Gender>Male</Gender>
			<Plural>0</Plural>
		</German>
		<Italian>
			<Text>Puerto Vallarta</Text>
			<Gender>Female</Gender>
			<Plural>0</Plural>
		</Italian>
		<Spanish>
			<Text>Puerto Vallarta</Text>
			<Gender>Female</Gender>
			<Plural>0</Plural>
		</Spanish>
	</TEXT>
	<TEXT>
		<Tag>TXT_KEY_CITY_NAME_CHETUMAL</Tag>
		<English>Chetumal</English>
		<French>
			<Text>Chetumal</Text>
			<Gender>Male</Gender>
			<Plural>0</Plural>
		</French>
		<German>
			<Text>Chetumal</Text>
			<Gender>Male</Gender>
			<Plural>0</Plural>
		</German>
		<Italian>
			<Text>Chetumal</Text>
			<Gender>Female</Gender>
			<Plural>0</Plural>
		</Italian>
		<Spanish>
			<Text>Chetumal</Text>
			<Gender>Female</Gender>
			<Plural>0</Plural>
		</Spanish>
	</TEXT>
	<TEXT>
		<Tag>TXT_KEY_CITY_NAME_CIUDAD_JUAREZ</Tag>
		<English>Ciudad Juarez</English>
		<French>
			<Text>Ciudad Juarez</Text>
			<Gender>Male</Gender>
			<Plural>0</Plural>
		</French>
		<German>
			<Text>Ciudad Juarez</Text>
			<Gender>Male</Gender>
			<Plural>0</Plural>
		</German>
		<Italian>
			<Text>Ciudad Juarez</Text>
			<Gender>Female</Gender>
			<Plural>0</Plural>
		</Italian>
		<Spanish>
			<Text>Ciudad Juarez</Text>
			<Gender>Female</Gender>
			<Plural>0</Plural>
		</Spanish>
	</TEXT>
	<TEXT>
		<Tag>TXT_KEY_CITY_NAME_ZACATECAS</Tag>
		<English>Zacatecas</English>
		<French>
			<Text>Zacatecas</Text>
			<Gender>Male</Gender>
			<Plural>0</Plural>
		</French>
		<German>
			<Text>Zacatecas</Text>
			<Gender>Male</Gender>
			<Plural>0</Plural>
		</German>
		<Italian>
			<Text>Zacatecas</Text>
			<Gender>Female</Gender>
			<Plural>0</Plural>
		</Italian>
		<Spanish>
			<Text>Zacatecas</Text>
			<Gender>Female</Gender>
			<Plural>0</Plural>
		</Spanish>
	</TEXT>
	<TEXT>
		<Tag>TXT_KEY_CITY_NAME_PALENQUE</Tag>
		<English>Palenque</English>
		<French>
			<Text>Palenque</Text>
			<Gender>Male</Gender>
			<Plural>0</Plural>
		</French>
		<German>
			<Text>Palenque</Text>
			<Gender>Male</Gender>
			<Plural>0</Plural>
		</German>
		<Italian>
			<Text>Palenque</Text>
			<Gender>Female</Gender>
			<Plural>0</Plural>
		</Italian>
		<Spanish>
			<Text>Palenque</Text>
			<Gender>Female</Gender>
			<Plural>0</Plural>
		</Spanish>
	</TEXT>
	<TEXT>
		<Tag>TXT_KEY_CITY_NAME_SANTA_ROSALIA</Tag>
		<English>Santa Rosalia</English>
		<French>
			<Text>Santa Rosalia</Text>
			<Gender>Male</Gender>
			<Plural>0</Plural>
		</French>
		<German>
			<Text>Santa Rosalia</Text>
			<Gender>Male</Gender>
			<Plural>0</Plural>
		</German>
		<Italian>
			<Text>Santa Rosalia</Text>
			<Gender>Female</Gender>
			<Plural>0</Plural>
		</Italian>
		<Spanish>
			<Text>Santa Rosalia</Text>
			<Gender>Female</Gender>
			<Plural>0</Plural>
		</Spanish>
	</TEXT>
	<TEXT>
		<Tag>TXT_KEY_CITY_NAME_ALAMOS</Tag>
		<English>Alamos</English>
		<French>
			<Text>Alamos</Text>
			<Gender>Male</Gender>
			<Plural>0</Plural>
		</French>
		<German>
			<Text>Alamos</Text>
			<Gender>Male</Gender>
			<Plural>0</Plural>
		</German>
		<Italian>
			<Text>Alamos</Text>
			<Gender>Female</Gender>
			<Plural>0</Plural>
		</Italian>
		<Spanish>
			<Text>Alamos</Text>
			<Gender>Female</Gender>
			<Plural>0</Plural>
		</Spanish>
	</TEXT>
	<TEXT>
		<Tag>TXT_KEY_CITY_NAME_CREEL</Tag>
		<English>Creel</English>
		<French>
			<Text>Creel</Text>
			<Gender>Male</Gender>
			<Plural>0</Plural>
		</French>
		<German>
			<Text>Creel</Text>
			<Gender>Male</Gender>
			<Plural>0</Plural>
		</German>
		<Italian>
			<Text>Creel</Text>
			<Gender>Female</Gender>
			<Plural>0</Plural>
		</Italian>
		<Spanish>
			<Text>Creel</Text>
			<Gender>Female</Gender>
			<Plural>0</Plural>
		</Spanish>
	</TEXT>
	<TEXT>
		<Tag>TXT_KEY_CITY_NAME_MANZANILLO</Tag>
		<English>Manzanillo</English>
		<French>
			<Text>Manzanillo</Text>
			<Gender>Male</Gender>
			<Plural>0</Plural>
		</French>
		<German>
			<Text>Manzanillo</Text>
			<Gender>Male</Gender>
			<Plural>0</Plural>
		</German>
		<Italian>
			<Text>Manzanillo</Text>
			<Gender>Female</Gender>
			<Plural>0</Plural>
		</Italian>
		<Spanish>
			<Text>Manzanillo</Text>
			<Gender>Female</Gender>
			<Plural>0</Plural>
		</Spanish>
	</TEXT>
	<TEXT>
		<Tag>TXT_KEY_CITY_NAME_ROSARITO</Tag>
		<English>Rosarito</English>
		<French>
			<Text>Rosarito</Text>
			<Gender>Male</Gender>
			<Plural>0</Plural>
		</French>
		<German>
			<Text>Rosarito</Text>
			<Gender>Male</Gender>
			<Plural>0</Plural>
		</German>
		<Italian>
			<Text>Rosarito</Text>
			<Gender>Female</Gender>
			<Plural>0</Plural>
		</Italian>
		<Spanish>
			<Text>Rosarito</Text>
			<Gender>Female</Gender>
			<Plural>0</Plural>
		</Spanish>
	</TEXT>
	<TEXT>
		<Tag>TXT_KEY_CITY_NAME_ENSENADA</Tag>
		<English>Ensenada</English>
		<French>
			<Text>Ensenada</Text>
			<Gender>Male</Gender>
			<Plural>0</Plural>
		</French>
		<German>
			<Text>Ensenada</Text>
			<Gender>Male</Gender>
			<Plural>0</Plural>
		</German>
		<Italian>
			<Text>Ensenada</Text>
			<Gender>Female</Gender>
			<Plural>0</Plural>
		</Italian>
		<Spanish>
			<Text>Ensenada</Text>
			<Gender>Female</Gender>
			<Plural>0</Plural>
		</Spanish>
	</TEXT>
	<TEXT>
		<Tag>TXT_KEY_CITY_NAME_SAN_FELIPE</Tag>
		<English>San Felipe</English>
		<French>
			<Text>San Felipe</Text>
			<Gender>Male</Gender>
			<Plural>0</Plural>
		</French>
		<German>
			<Text>San Felipe</Text>
			<Gender>Male</Gender>
			<Plural>0</Plural>
		</German>
		<Italian>
			<Text>San Felipe</Text>
			<Gender>Female</Gender>
			<Plural>0</Plural>
		</Italian>
		<Spanish>
			<Text>San Felipe</Text>
			<Gender>Female</Gender>
			<Plural>0</Plural>
		</Spanish>
	</TEXT>
	<TEXT>
		<Tag>TXT_KEY_CITY_NAME_SAN_IGNACIO</Tag>
		<English>San Ignacio</English>
		<French>
			<Text>San Ignacio</Text>
			<Gender>Male</Gender>
			<Plural>0</Plural>
		</French>
		<German>
			<Text>San Ignacio</Text>
			<Gender>Male</Gender>
			<Plural>0</Plural>
		</German>
		<Italian>
			<Text>San Ignacio</Text>
			<Gender>Female</Gender>
			<Plural>0</Plural>
		</Italian>
		<Spanish>
			<Text>San Ignacio</Text>
			<Gender>Female</Gender>
			<Plural>0</Plural>
		</Spanish>
	</TEXT>
	<TEXT>
		<Tag>TXT_KEY_CITY_NAME_CABO_SAN_LUCAS</Tag>
		<English>Cabo San Lucas</English>
		<French>
			<Text>Cabo San Lucas</Text>
			<Gender>Male</Gender>
			<Plural>0</Plural>
		</French>
		<German>
			<Text>Cabo San Lucas</Text>
			<Gender>Male</Gender>
			<Plural>0</Plural>
		</German>
		<Italian>
			<Text>Cabo San Lucas</Text>
			<Gender>Female</Gender>
			<Plural>0</Plural>
		</Italian>
		<Spanish>
			<Text>Cabo San Lucas</Text>
			<Gender>Female</Gender>
			<Plural>0</Plural>
		</Spanish>
	</TEXT>
</Civ4GameText>	