<?xml version="1.0" encoding="ISO-8859-1"?>
<!-- Sid Meier's Civilization 4 Beyond the Sword -->
<!-- Modified by the Civ Gold Team -->
<!-- -->
<Civ4GameText xmlns="http://www.firaxis.com">
	<TEXT>
		<Tag>TXT_KEY_LEADER_LARS_PORSENA</Tag>
		<English>Lars Porsena</English>
		<French>Lars Porsena</French>
		<German>Lars Porsena</German>
		<Italian>Lars Porsena</Italian>
		<Spanish>Lars Porsena</Spanish>
	</TEXT>
	<TEXT>
		<Tag>AI_DIPLO_FIRST_CONTACT_LEADER_LARS_PORSENA_1</Tag>
		<English>By the Nine Gods, I swear that the great house of Tarquin shall suffer wrong no more! Greetings, [CT_NAME], I am [OUR_NAME] of the [OUR_EMPIRE].</English>
		<French>Par les neufs dieux, je jure que la grande confr�rie de Tarquin ne souffrira jamais plus ! Salutations, [CT_NAME], je suis [OUR_NAME] du peuple �trusque.</French>
		<German>By the Nine Gods, I swear that the great house of Tarquin shall suffer wrong no more! Greetings, [CT_NAME], I am [OUR_NAME] of the [OUR_EMPIRE].</German>
		<Italian>By the Nine Gods, I swear that the great house of Tarquin shall suffer wrong no more! Greetings, [CT_NAME], I am [OUR_NAME] of the [OUR_EMPIRE].</Italian>
		<Spanish>By the Nine Gods, I swear that the great house of Tarquin shall suffer wrong no more! Greetings, [CT_NAME], I am [OUR_NAME] of the [OUR_EMPIRE].</Spanish>
	</TEXT>
	<TEXT>
		<Tag>TXT_KEY_LEADER_LARS_PORSENA_PEDIA</Tag>
		<English>[H1]Lars Porsena[\H1][NEWLINE][BOLD]King of Etruscan Empire[\BOLD][NEWLINE][BOLD]Lived: [\BOLD] c.500 BC [NEWLINE][PARAGRAPH:2][BOLD]Background: [\BOLD][PARAGRAPH:1]Lars Porsena (sometimes spelled Lars Porsenna) was an Etruscan king known for his war against the city of Rome. He ruled over the city of Clusium, sometimes referred to as Clevsin. There are no established dates for his rule, but Roman sources often place it at around 500 BC.[PARAGRAPH:1]Lars Porsena came into conflict with Rome after the revolution which overthrew, in 510 BC, Lucius Tarquinius Superbus, the last King of Rome. The deposed monarch, whose family was of Etruscan origin, appealed to Lars Porsena for assistance in suppressing the new Roman Republic, and Lars Porsena agreed to help.[PARAGRAPH:1]At this point, however, there is divergence in the histories. According to most mainstream Roman accounts, including those of Livy, Lars Porsena arrived at Rome, but was sufficiently impressed by Roman bravery (see Mucius, Horatius) in defending the city that he chose to make peace. Other accounts, however, suggest that Lars Porsena actually succeeded in capturing the city, and that the Etruscans were only driven out some time afterwards. None of the accounts suggest that Lucius Tarquinius Superbus was returned to the throne, however, perhaps indicating that if Lars Porsena did indeed capture Rome, he did so with the intent of controlling it himself, not restoring the former dynasty.[PARAGRAPH:1]According to most accounts, Lars Porsena was buried in an elaborate tomb in (or under) the city he ruled. Porsena's tomb is described as having a 15 m high rectangular base with sides 90 m long. It was adorned by pyramids and massive bells.[PARAGRAPH:1]Lars Porsena's tomb, together with the rest of the city of Clusium, was razed to the ground in 89 BC by the Roman general Cornelius Sulla.[PARAGRAPH:1]</English>
		<French>[H1]Lars Porsena[\H1][NEWLINE][BOLD]King of Etruscan Empire[\BOLD][NEWLINE][BOLD]Lived: [\BOLD] c.500 BC [NEWLINE][PARAGRAPH:2][BOLD]Background: [\BOLD][PARAGRAPH:1]Lars Porsena (sometimes spelled Lars Porsenna) was an Etruscan king known for his war against the city of Rome. He ruled over the city of Clusium, sometimes referred to as Clevsin. There are no established dates for his rule, but Roman sources often place it at around 500 BC.[PARAGRAPH:1]Lars Porsena came into conflict with Rome after the revolution which overthrew, in 510 BC, Lucius Tarquinius Superbus, the last King of Rome. The deposed monarch, whose family was of Etruscan origin, appealed to Lars Porsena for assistance in suppressing the new Roman Republic, and Lars Porsena agreed to help.[PARAGRAPH:1]At this point, however, there is divergence in the histories. According to most mainstream Roman accounts, including those of Livy, Lars Porsena arrived at Rome, but was sufficiently impressed by Roman bravery (see Mucius, Horatius) in defending the city that he chose to make peace. Other accounts, however, suggest that Lars Porsena actually succeeded in capturing the city, and that the Etruscans were only driven out some time afterwards. None of the accounts suggest that Lucius Tarquinius Superbus was returned to the throne, however, perhaps indicating that if Lars Porsena did indeed capture Rome, he did so with the intent of controlling it himself, not restoring the former dynasty.[PARAGRAPH:1]According to most accounts, Lars Porsena was buried in an elaborate tomb in (or under) the city he ruled. Porsena's tomb is described as having a 15 m high rectangular base with sides 90 m long. It was adorned by pyramids and massive bells.[PARAGRAPH:1]Lars Porsena's tomb, together with the rest of the city of Clusium, was razed to the ground in 89 BC by the Roman general Cornelius Sulla.[PARAGRAPH:1]</French>
		<German>[H1]Lars Porsena[\H1][NEWLINE][BOLD]King of Etruscan Empire[\BOLD][NEWLINE][BOLD]Lived: [\BOLD] c.500 BC [NEWLINE][PARAGRAPH:2][BOLD]Background: [\BOLD][PARAGRAPH:1]Lars Porsena (sometimes spelled Lars Porsenna) was an Etruscan king known for his war against the city of Rome. He ruled over the city of Clusium, sometimes referred to as Clevsin. There are no established dates for his rule, but Roman sources often place it at around 500 BC.[PARAGRAPH:1]Lars Porsena came into conflict with Rome after the revolution which overthrew, in 510 BC, Lucius Tarquinius Superbus, the last King of Rome. The deposed monarch, whose family was of Etruscan origin, appealed to Lars Porsena for assistance in suppressing the new Roman Republic, and Lars Porsena agreed to help.[PARAGRAPH:1]At this point, however, there is divergence in the histories. According to most mainstream Roman accounts, including those of Livy, Lars Porsena arrived at Rome, but was sufficiently impressed by Roman bravery (see Mucius, Horatius) in defending the city that he chose to make peace. Other accounts, however, suggest that Lars Porsena actually succeeded in capturing the city, and that the Etruscans were only driven out some time afterwards. None of the accounts suggest that Lucius Tarquinius Superbus was returned to the throne, however, perhaps indicating that if Lars Porsena did indeed capture Rome, he did so with the intent of controlling it himself, not restoring the former dynasty.[PARAGRAPH:1]According to most accounts, Lars Porsena was buried in an elaborate tomb in (or under) the city he ruled. Porsena's tomb is described as having a 15 m high rectangular base with sides 90 m long. It was adorned by pyramids and massive bells.[PARAGRAPH:1]Lars Porsena's tomb, together with the rest of the city of Clusium, was razed to the ground in 89 BC by the Roman general Cornelius Sulla.[PARAGRAPH:1]</German>
		<Italian>[H1]Lars Porsena[\H1][NEWLINE][BOLD]King of Etruscan Empire[\BOLD][NEWLINE][BOLD]Lived: [\BOLD] c.500 BC [NEWLINE][PARAGRAPH:2][BOLD]Background: [\BOLD][PARAGRAPH:1]Lars Porsena (sometimes spelled Lars Porsenna) was an Etruscan king known for his war against the city of Rome. He ruled over the city of Clusium, sometimes referred to as Clevsin. There are no established dates for his rule, but Roman sources often place it at around 500 BC.[PARAGRAPH:1]Lars Porsena came into conflict with Rome after the revolution which overthrew, in 510 BC, Lucius Tarquinius Superbus, the last King of Rome. The deposed monarch, whose family was of Etruscan origin, appealed to Lars Porsena for assistance in suppressing the new Roman Republic, and Lars Porsena agreed to help.[PARAGRAPH:1]At this point, however, there is divergence in the histories. According to most mainstream Roman accounts, including those of Livy, Lars Porsena arrived at Rome, but was sufficiently impressed by Roman bravery (see Mucius, Horatius) in defending the city that he chose to make peace. Other accounts, however, suggest that Lars Porsena actually succeeded in capturing the city, and that the Etruscans were only driven out some time afterwards. None of the accounts suggest that Lucius Tarquinius Superbus was returned to the throne, however, perhaps indicating that if Lars Porsena did indeed capture Rome, he did so with the intent of controlling it himself, not restoring the former dynasty.[PARAGRAPH:1]According to most accounts, Lars Porsena was buried in an elaborate tomb in (or under) the city he ruled. Porsena's tomb is described as having a 15 m high rectangular base with sides 90 m long. It was adorned by pyramids and massive bells.[PARAGRAPH:1]Lars Porsena's tomb, together with the rest of the city of Clusium, was razed to the ground in 89 BC by the Roman general Cornelius Sulla.[PARAGRAPH:1]</Italian>
		<Spanish>[H1]Lars Porsena[\H1][NEWLINE][BOLD]King of Etruscan Empire[\BOLD][NEWLINE][BOLD]Lived: [\BOLD] c.500 BC [NEWLINE][PARAGRAPH:2][BOLD]Background: [\BOLD][PARAGRAPH:1]Lars Porsena (sometimes spelled Lars Porsenna) was an Etruscan king known for his war against the city of Rome. He ruled over the city of Clusium, sometimes referred to as Clevsin. There are no established dates for his rule, but Roman sources often place it at around 500 BC.[PARAGRAPH:1]Lars Porsena came into conflict with Rome after the revolution which overthrew, in 510 BC, Lucius Tarquinius Superbus, the last King of Rome. The deposed monarch, whose family was of Etruscan origin, appealed to Lars Porsena for assistance in suppressing the new Roman Republic, and Lars Porsena agreed to help.[PARAGRAPH:1]At this point, however, there is divergence in the histories. According to most mainstream Roman accounts, including those of Livy, Lars Porsena arrived at Rome, but was sufficiently impressed by Roman bravery (see Mucius, Horatius) in defending the city that he chose to make peace. Other accounts, however, suggest that Lars Porsena actually succeeded in capturing the city, and that the Etruscans were only driven out some time afterwards. None of the accounts suggest that Lucius Tarquinius Superbus was returned to the throne, however, perhaps indicating that if Lars Porsena did indeed capture Rome, he did so with the intent of controlling it himself, not restoring the former dynasty.[PARAGRAPH:1]According to most accounts, Lars Porsena was buried in an elaborate tomb in (or under) the city he ruled. Porsena's tomb is described as having a 15 m high rectangular base with sides 90 m long. It was adorned by pyramids and massive bells.[PARAGRAPH:1]Lars Porsena's tomb, together with the rest of the city of Clusium, was razed to the ground in 89 BC by the Roman general Cornelius Sulla.[PARAGRAPH:1]</Spanish>
	</TEXT>
</Civ4GameText>