<?xml version="1.0" encoding="utf-8"?>
<!-- Sid Meier's Civilization 4 Beyond the Sword -->
<!-- Modified by the Civ Gold Team -->
<!-- -->
<Civ4GameText xmlns="http://www.firaxis.com">
	<TEXT>
		<Tag>TXT_KEY_UNIT_INDONESIA_KOPASSUS</Tag>
		<English>Kopassus</English>
		<French>Kopassus</French>
		<German>Kopassus</German>
		<Spanish>Kopassus</Spanish>
		<Italian>Kopassus</Italian>
	</TEXT>
	<TEXT>
		<Tag>TXT_KEY_UNIT_INDONESIA_KOPASSUS_PEDIA</Tag>
		<English>[TAB]Kopassus has played a pivotal role in Indonesia's modern history since its inception in 1952. Kopassus' main role in shaping history came in 1965 when it became the backbone of the Army, then politically fractured between pro and anticommunist camps, to crush the abortive coup blamed on the Indonesian Communist Party (PKI). The force's contributions were not limited to the military operations they were involved in. Probably much more significant was its success in producing some of the finest and most disciplined Army men, who went on to become statesmen long after they retired from Kopassus and the military. A quick glance at the list of Kopassus men who appear in the book reads like a who's who of the Indonesian Military.</English>
		<French>[TAB]Kopassus has played a pivotal role in Indonesia's modern history since its inception in 1952. Kopassus' main role in shaping history came in 1965 when it became the backbone of the Army, then politically fractured between pro and anticommunist camps, to crush the abortive coup blamed on the Indonesian Communist Party (PKI). The force's contributions were not limited to the military operations they were involved in. Probably much more significant was its success in producing some of the finest and most disciplined Army men, who went on to become statesmen long after they retired from Kopassus and the military. A quick glance at the list of Kopassus men who appear in the book reads like a who's who of the Indonesian Military.</French>
		<German>[TAB]Kopassus has played a pivotal role in Indonesia's modern history since its inception in 1952. Kopassus' main role in shaping history came in 1965 when it became the backbone of the Army, then politically fractured between pro and anticommunist camps, to crush the abortive coup blamed on the Indonesian Communist Party (PKI). The force's contributions were not limited to the military operations they were involved in. Probably much more significant was its success in producing some of the finest and most disciplined Army men, who went on to become statesmen long after they retired from Kopassus and the military. A quick glance at the list of Kopassus men who appear in the book reads like a who's who of the Indonesian Military.</German>
		<Italian>[TAB]Kopassus has played a pivotal role in Indonesia's modern history since its inception in 1952. Kopassus' main role in shaping history came in 1965 when it became the backbone of the Army, then politically fractured between pro and anticommunist camps, to crush the abortive coup blamed on the Indonesian Communist Party (PKI). The force's contributions were not limited to the military operations they were involved in. Probably much more significant was its success in producing some of the finest and most disciplined Army men, who went on to become statesmen long after they retired from Kopassus and the military. A quick glance at the list of Kopassus men who appear in the book reads like a who's who of the Indonesian Military.</Italian>
		<Spanish>[TAB]Kopassus has played a pivotal role in Indonesia's modern history since its inception in 1952. Kopassus' main role in shaping history came in 1965 when it became the backbone of the Army, then politically fractured between pro and anticommunist camps, to crush the abortive coup blamed on the Indonesian Communist Party (PKI). The force's contributions were not limited to the military operations they were involved in. Probably much more significant was its success in producing some of the finest and most disciplined Army men, who went on to become statesmen long after they retired from Kopassus and the military. A quick glance at the list of Kopassus men who appear in the book reads like a who's who of the Indonesian Military.</Spanish>
	</TEXT>
	<TEXT>
		<Tag>TXT_KEY_UNIT_INDONESIA_KOPASSUS_STRATEGY</Tag>
		<English>The Indonesian replacement for the [COLOR_UNIT_TEXT]Marine[COLOR_REVERT] is weaker, but cheaper and superior in wooded areas.</English>
		<French>L'équivalent indonésien du [COLOR_UNIT_TEXT]marine[COLOR_REVERT] est plus faible, mais moins cher et plus efficace en forêt.</French>
		<German>The Indonesian replacement for the [COLOR_UNIT_TEXT]Marine[COLOR_REVERT] is weaker, but cheaper and superior in wooded areas.</German>
		<Italian>The Indonesian replacement for the [COLOR_UNIT_TEXT]Marine[COLOR_REVERT] is weaker, but cheaper and superior in wooded areas.</Italian>
		<Spanish>The Indonesian replacement for the [COLOR_UNIT_TEXT]Marine[COLOR_REVERT] is weaker, but cheaper and superior in wooded areas.</Spanish>
	</TEXT>
</Civ4GameText>	