<?xml version="1.0" encoding="utf-8"?>
<!-- Sid Meier's Civilization 4 Beyond the Sword -->
<!-- Modified by the Civ Gold Team -->
<!-- -->
<Civ4GameText xmlns="http://www.firaxis.com">
	<TEXT>
		<Tag>TXT_KEY_UNIT_MALAGASY_MENALAMBA</Tag>
		<English>Menalamba</English>
		<French>
			<Text>Menalamba</Text>
			<Gender>Male</Gender>
			<Plural>0</Plural>
		</French>
		<German>
			<Text>Menalamba</Text>
			<Gender>Male</Gender>
			<Plural>0</Plural>
		</German>
		<Italian>
			<Text>Menalamba</Text>
			<Gender>Male</Gender>
			<Plural>0</Plural>
		</Italian>
		<Spanish>
			<Text>Menalamba</Text>
			<Gender>Male</Gender>
			<Plural>0</Plural>
		</Spanish>
	</TEXT>
	<TEXT>
		<Tag>TXT_KEY_UNIT_MALAGASY_MENALAMBA_PEDIA</Tag>
		<English>[TAB]The rising of the menalamba, the Red Shawls, was a revolt against French colonial rule in Madagascar in the 1890s. In the century before the French conquest, rising tensions between modernising kings, self-seeking Christian oligarchs and reactionary guardians of the ancient talismans had weakened the capacity of the kingdom to resist. But just two months after the French occupation of the capital the menalamba revivalist movement sought to restore the customs of the ancestors and expel the French from the island. The civil war of 1895 fully described here for the first time, has cast a shadow on Malagasy politics ever since.</English>
		<French>[TAB]The rising of the menalamba, the Red Shawls, was a revolt against French colonial rule in Madagascar in the 1890s. In the century before the French conquest, rising tensions between modernising kings, self-seeking Christian oligarchs and reactionary guardians of the ancient talismans had weakened the capacity of the kingdom to resist. But just two months after the French occupation of the capital the menalamba revivalist movement sought to restore the customs of the ancestors and expel the French from the island. The civil war of 1895 fully described here for the first time, has cast a shadow on Malagasy politics ever since.</French>
		<German>[TAB]The rising of the menalamba, the Red Shawls, was a revolt against French colonial rule in Madagascar in the 1890s. In the century before the French conquest, rising tensions between modernising kings, self-seeking Christian oligarchs and reactionary guardians of the ancient talismans had weakened the capacity of the kingdom to resist. But just two months after the French occupation of the capital the menalamba revivalist movement sought to restore the customs of the ancestors and expel the French from the island. The civil war of 1895 fully described here for the first time, has cast a shadow on Malagasy politics ever since.</German>
		<Italian>[TAB]The rising of the menalamba, the Red Shawls, was a revolt against French colonial rule in Madagascar in the 1890s. In the century before the French conquest, rising tensions between modernising kings, self-seeking Christian oligarchs and reactionary guardians of the ancient talismans had weakened the capacity of the kingdom to resist. But just two months after the French occupation of the capital the menalamba revivalist movement sought to restore the customs of the ancestors and expel the French from the island. The civil war of 1895 fully described here for the first time, has cast a shadow on Malagasy politics ever since.</Italian>
		<Spanish>[TAB]The rising of the menalamba, the Red Shawls, was a revolt against French colonial rule in Madagascar in the 1890s. In the century before the French conquest, rising tensions between modernising kings, self-seeking Christian oligarchs and reactionary guardians of the ancient talismans had weakened the capacity of the kingdom to resist. But just two months after the French occupation of the capital the menalamba revivalist movement sought to restore the customs of the ancestors and expel the French from the island. The civil war of 1895 fully described here for the first time, has cast a shadow on Malagasy politics ever since.</Spanish>
	</TEXT>
	<TEXT>
		<Tag>TXT_KEY_UNIT_MALAGASY_MENALAMBA_STRATEGY</Tag>
		<English>With the ability to defend cities and Hill terrain, the Malagasy replacement for the [COLOR_UNIT_TEXT]Heavy Pikeman[COLOR_REVERT] is a good defensive unit.</English>
		<French>Grâce à la compétence de défense des villes et des collines, l'équivalent malgache du [COLOR_UNIT_TEXT]piquier lourd[COLOR_REVERT] est une très bonne unité défensive.</French>
		<German>With the ability to defend cities and Hill terrain, the Malagasy replacement for the [COLOR_UNIT_TEXT]Heavy Pikeman[COLOR_REVERT] is a good defensive unit.</German>
		<Italian>With the ability to defend cities and Hill terrain, the Malagasy replacement for the [COLOR_UNIT_TEXT]Heavy Pikeman[COLOR_REVERT] is a good defensive unit.</Italian>
		<Spanish>With the ability to defend cities and Hill terrain, the Malagasy replacement for the [COLOR_UNIT_TEXT]Heavy Pikeman[COLOR_REVERT] is a good defensive unit.</Spanish>
	</TEXT>
</Civ4GameText>	