<?xml version="1.0" encoding="ISO-8859-1"?>
<!-- edited with XMLSPY v2004 rel. 2 U (http://www.xmlspy.com) by XMLSPY 2004 Professional Ed. Release 2, Installed Multi + SMP for 3 users (Firaxis Games) -->
<!-- Sid Meier's Civilization 4 -->
<!-- Copyright Firaxis Games 2005 -->
<!-- -->
<!-- Poland Game Text -->
<Civ4GameText xmlns="http://www.firaxis.com">
	<TEXT>
		<Tag>TXT_KEY_CIV_TIMURID_DESC</Tag>
		<English>Timurid Empire</English>
		<French>Empire timouride</French>
		<German>Timurid Empire</German>
		<Italian>Timurid Empire</Italian>
		<Spanish>Timurid Empire</Spanish>
	</TEXT>
	<TEXT>
		<Tag>TXT_KEY_CIV_TIMURID_SHORT_DESC</Tag>
		<English>Timurids</English>
		<French>Timourides</French>
		<German>Timurids</German>
		<Italian>Timurids</Italian>
		<Spanish>Timurids</Spanish>
	</TEXT>
	<TEXT>
		<Tag>TXT_KEY_CIV_TIMURID_ADJECTIVE</Tag>
		<English>Timurid</English>
		<French>Timouride</French>
		<German>Timurid</German>
		<Italian>Timurid</Italian>
		<Spanish>Timurid</Spanish>
	</TEXT>
	<TEXT>
		<Tag>TXT_KEY_CIV_TIMURID_PEDIA</Tag>
		<English>[TAB]The Timurids, self-designated Gurkani, were a Persianate Central Asian Sunni Muslim dynasty of originally Turko-Mongol descent whose empire included the whole of Central Asia, Iran, modern Afghanistan and Pakistan, as well as large parts of India, Mesopotamia and Caucasus. It was founded by the legendary conqueror Timur (Tamerlane) in the 14th century.[PARAGRAPH:2]In the 16th century, Timurid prince Babur, the ruler of Ferghana, invaded India and founded the Mughal Empire, who ruled most of the Indian subcontinent until its decline after Aurangzeb in the early 18th century, and its eventual demise by the British Raj after the Indian rebellion of 1857.[PARAGRAPH:2]The origin of the Timurid dynasty goes back to the Mongolian nomadic confederation known as Barlas, who were remnants of the original Mongol army of Genghis Khan. After the Mongol conquest of Central Asia, the Barlas settled in Turkistan (which then became also known as Moghulistan - "Land of Mongols") and intermingled to a considerable degree with the local Turkic and Turkic-speaking population, so that at the time of Timur's reign the Barlas had become thoroughly Turkicized in terms of language and habits. Additionally, by adopting Islam, the Central Asian Turks and Mongols also adopted the Persian literary and high culture which has dominated Central Asia since the early days of Islamic influence. Persian literature was instrumental in the assimilation of the Timurid elite to the Perso-Islamic courtly culture. Timur was also steeped in Persian culture[12] and in most of the territories which he incorporated, Persian was the primary language of administration and literary culture. Thus the language of the settled "diwan" was Persian, and its scribes had to be thoroughly adept in Persian culture, whatever their ethnic origin.[PARAGRAPH:2]Although the Timurids hailed from the Barlas tribe which was of Mongol origin, they had embraced Persian culture and Persian art (distinguished by extensive adaptations from the Chinese), and also Chagatay Literature, converted to Islam and resided in Turkestan and Khorasan. Thus, the Timurid era had a dual character, which reflected both the Turco-Mongol origins and the Persian culture as well the Persian language. The Persian language was also the state language (also known as Diwan language) of the dynasty.[PARAGRAPH:2]After the end of the Timurid Empire in 1506, the Mughal Empire was later established in India by Babur in 1526, who was a descendant of Timur through his father and possibly a descendant of Genghis Khan through his mother. The dynasty he established is commonly known as the Mughal Dynasty. By the 17th century, the Mughal Empire ruled most of India, but later declined during the 18th century. The Timurid Dynasty came to an end in 1857 after the Mughal Empire was dissolved by the British Empire and Bahadur Shah II was exiled to Burma.</English>	
		<French>[TAB]The Timurids, self-designated Gurkani, were a Persianate Central Asian Sunni Muslim dynasty of originally Turko-Mongol descent whose empire included the whole of Central Asia, Iran, modern Afghanistan and Pakistan, as well as large parts of India, Mesopotamia and Caucasus. It was founded by the legendary conqueror Timur (Tamerlane) in the 14th century.[PARAGRAPH:2]In the 16th century, Timurid prince Babur, the ruler of Ferghana, invaded India and founded the Mughal Empire, who ruled most of the Indian subcontinent until its decline after Aurangzeb in the early 18th century, and its eventual demise by the British Raj after the Indian rebellion of 1857.[PARAGRAPH:2]The origin of the Timurid dynasty goes back to the Mongolian nomadic confederation known as Barlas, who were remnants of the original Mongol army of Genghis Khan. After the Mongol conquest of Central Asia, the Barlas settled in Turkistan (which then became also known as Moghulistan - "Land of Mongols") and intermingled to a considerable degree with the local Turkic and Turkic-speaking population, so that at the time of Timur's reign the Barlas had become thoroughly Turkicized in terms of language and habits. Additionally, by adopting Islam, the Central Asian Turks and Mongols also adopted the Persian literary and high culture which has dominated Central Asia since the early days of Islamic influence. Persian literature was instrumental in the assimilation of the Timurid elite to the Perso-Islamic courtly culture. Timur was also steeped in Persian culture[12] and in most of the territories which he incorporated, Persian was the primary language of administration and literary culture. Thus the language of the settled "diwan" was Persian, and its scribes had to be thoroughly adept in Persian culture, whatever their ethnic origin.[PARAGRAPH:2]Although the Timurids hailed from the Barlas tribe which was of Mongol origin, they had embraced Persian culture and Persian art (distinguished by extensive adaptations from the Chinese), and also Chagatay Literature, converted to Islam and resided in Turkestan and Khorasan. Thus, the Timurid era had a dual character, which reflected both the Turco-Mongol origins and the Persian culture as well the Persian language. The Persian language was also the state language (also known as Diwan language) of the dynasty.[PARAGRAPH:2]After the end of the Timurid Empire in 1506, the Mughal Empire was later established in India by Babur in 1526, who was a descendant of Timur through his father and possibly a descendant of Genghis Khan through his mother. The dynasty he established is commonly known as the Mughal Dynasty. By the 17th century, the Mughal Empire ruled most of India, but later declined during the 18th century. The Timurid Dynasty came to an end in 1857 after the Mughal Empire was dissolved by the British Empire and Bahadur Shah II was exiled to Burma.</French>
		<German>[TAB]The Timurids, self-designated Gurkani, were a Persianate Central Asian Sunni Muslim dynasty of originally Turko-Mongol descent whose empire included the whole of Central Asia, Iran, modern Afghanistan and Pakistan, as well as large parts of India, Mesopotamia and Caucasus. It was founded by the legendary conqueror Timur (Tamerlane) in the 14th century.[PARAGRAPH:2]In the 16th century, Timurid prince Babur, the ruler of Ferghana, invaded India and founded the Mughal Empire, who ruled most of the Indian subcontinent until its decline after Aurangzeb in the early 18th century, and its eventual demise by the British Raj after the Indian rebellion of 1857.[PARAGRAPH:2]The origin of the Timurid dynasty goes back to the Mongolian nomadic confederation known as Barlas, who were remnants of the original Mongol army of Genghis Khan. After the Mongol conquest of Central Asia, the Barlas settled in Turkistan (which then became also known as Moghulistan - "Land of Mongols") and intermingled to a considerable degree with the local Turkic and Turkic-speaking population, so that at the time of Timur's reign the Barlas had become thoroughly Turkicized in terms of language and habits. Additionally, by adopting Islam, the Central Asian Turks and Mongols also adopted the Persian literary and high culture which has dominated Central Asia since the early days of Islamic influence. Persian literature was instrumental in the assimilation of the Timurid elite to the Perso-Islamic courtly culture. Timur was also steeped in Persian culture[12] and in most of the territories which he incorporated, Persian was the primary language of administration and literary culture. Thus the language of the settled "diwan" was Persian, and its scribes had to be thoroughly adept in Persian culture, whatever their ethnic origin.[PARAGRAPH:2]Although the Timurids hailed from the Barlas tribe which was of Mongol origin, they had embraced Persian culture and Persian art (distinguished by extensive adaptations from the Chinese), and also Chagatay Literature, converted to Islam and resided in Turkestan and Khorasan. Thus, the Timurid era had a dual character, which reflected both the Turco-Mongol origins and the Persian culture as well the Persian language. The Persian language was also the state language (also known as Diwan language) of the dynasty.[PARAGRAPH:2]After the end of the Timurid Empire in 1506, the Mughal Empire was later established in India by Babur in 1526, who was a descendant of Timur through his father and possibly a descendant of Genghis Khan through his mother. The dynasty he established is commonly known as the Mughal Dynasty. By the 17th century, the Mughal Empire ruled most of India, but later declined during the 18th century. The Timurid Dynasty came to an end in 1857 after the Mughal Empire was dissolved by the British Empire and Bahadur Shah II was exiled to Burma.</German>
		<Italian>[TAB]The Timurids, self-designated Gurkani, were a Persianate Central Asian Sunni Muslim dynasty of originally Turko-Mongol descent whose empire included the whole of Central Asia, Iran, modern Afghanistan and Pakistan, as well as large parts of India, Mesopotamia and Caucasus. It was founded by the legendary conqueror Timur (Tamerlane) in the 14th century.[PARAGRAPH:2]In the 16th century, Timurid prince Babur, the ruler of Ferghana, invaded India and founded the Mughal Empire, who ruled most of the Indian subcontinent until its decline after Aurangzeb in the early 18th century, and its eventual demise by the British Raj after the Indian rebellion of 1857.[PARAGRAPH:2]The origin of the Timurid dynasty goes back to the Mongolian nomadic confederation known as Barlas, who were remnants of the original Mongol army of Genghis Khan. After the Mongol conquest of Central Asia, the Barlas settled in Turkistan (which then became also known as Moghulistan - "Land of Mongols") and intermingled to a considerable degree with the local Turkic and Turkic-speaking population, so that at the time of Timur's reign the Barlas had become thoroughly Turkicized in terms of language and habits. Additionally, by adopting Islam, the Central Asian Turks and Mongols also adopted the Persian literary and high culture which has dominated Central Asia since the early days of Islamic influence. Persian literature was instrumental in the assimilation of the Timurid elite to the Perso-Islamic courtly culture. Timur was also steeped in Persian culture[12] and in most of the territories which he incorporated, Persian was the primary language of administration and literary culture. Thus the language of the settled "diwan" was Persian, and its scribes had to be thoroughly adept in Persian culture, whatever their ethnic origin.[PARAGRAPH:2]Although the Timurids hailed from the Barlas tribe which was of Mongol origin, they had embraced Persian culture and Persian art (distinguished by extensive adaptations from the Chinese), and also Chagatay Literature, converted to Islam and resided in Turkestan and Khorasan. Thus, the Timurid era had a dual character, which reflected both the Turco-Mongol origins and the Persian culture as well the Persian language. The Persian language was also the state language (also known as Diwan language) of the dynasty.[PARAGRAPH:2]After the end of the Timurid Empire in 1506, the Mughal Empire was later established in India by Babur in 1526, who was a descendant of Timur through his father and possibly a descendant of Genghis Khan through his mother. The dynasty he established is commonly known as the Mughal Dynasty. By the 17th century, the Mughal Empire ruled most of India, but later declined during the 18th century. The Timurid Dynasty came to an end in 1857 after the Mughal Empire was dissolved by the British Empire and Bahadur Shah II was exiled to Burma.</Italian>
		<Spanish>[TAB]The Timurids, self-designated Gurkani, were a Persianate Central Asian Sunni Muslim dynasty of originally Turko-Mongol descent whose empire included the whole of Central Asia, Iran, modern Afghanistan and Pakistan, as well as large parts of India, Mesopotamia and Caucasus. It was founded by the legendary conqueror Timur (Tamerlane) in the 14th century.[PARAGRAPH:2]In the 16th century, Timurid prince Babur, the ruler of Ferghana, invaded India and founded the Mughal Empire, who ruled most of the Indian subcontinent until its decline after Aurangzeb in the early 18th century, and its eventual demise by the British Raj after the Indian rebellion of 1857.[PARAGRAPH:2]The origin of the Timurid dynasty goes back to the Mongolian nomadic confederation known as Barlas, who were remnants of the original Mongol army of Genghis Khan. After the Mongol conquest of Central Asia, the Barlas settled in Turkistan (which then became also known as Moghulistan - "Land of Mongols") and intermingled to a considerable degree with the local Turkic and Turkic-speaking population, so that at the time of Timur's reign the Barlas had become thoroughly Turkicized in terms of language and habits. Additionally, by adopting Islam, the Central Asian Turks and Mongols also adopted the Persian literary and high culture which has dominated Central Asia since the early days of Islamic influence. Persian literature was instrumental in the assimilation of the Timurid elite to the Perso-Islamic courtly culture. Timur was also steeped in Persian culture[12] and in most of the territories which he incorporated, Persian was the primary language of administration and literary culture. Thus the language of the settled "diwan" was Persian, and its scribes had to be thoroughly adept in Persian culture, whatever their ethnic origin.[PARAGRAPH:2]Although the Timurids hailed from the Barlas tribe which was of Mongol origin, they had embraced Persian culture and Persian art (distinguished by extensive adaptations from the Chinese), and also Chagatay Literature, converted to Islam and resided in Turkestan and Khorasan. Thus, the Timurid era had a dual character, which reflected both the Turco-Mongol origins and the Persian culture as well the Persian language. The Persian language was also the state language (also known as Diwan language) of the dynasty.[PARAGRAPH:2]After the end of the Timurid Empire in 1506, the Mughal Empire was later established in India by Babur in 1526, who was a descendant of Timur through his father and possibly a descendant of Genghis Khan through his mother. The dynasty he established is commonly known as the Mughal Dynasty. By the 17th century, the Mughal Empire ruled most of India, but later declined during the 18th century. The Timurid Dynasty came to an end in 1857 after the Mughal Empire was dissolved by the British Empire and Bahadur Shah II was exiled to Burma.</Spanish>
    </TEXT>
	<TEXT>
		<Tag>TXT_KEY_CITY_NAME_SAMARQAND</Tag>
		<English>Samarqand</English>
		<French>
			<Text>Samarqand</Text>
			<Gender>Male</Gender>
			<Plural>0</Plural>
		</French>
		<German>
			<Text>Samarqand</Text>
			<Gender>Male</Gender>
			<Plural>0</Plural>
		</German>
		<Italian>
			<Text>Samarqand</Text>
			<Gender>Female</Gender>
			<Plural>0</Plural>
		</Italian>
		<Spanish>
			<Text>Samarqand</Text>
			<Gender>Female</Gender>
			<Plural>0</Plural>
		</Spanish>
	</TEXT>
	<TEXT>
		<Tag>TXT_KEY_CITY_NAME_HERAT</Tag>
		<English>Herat</English>
		<French>
			<Text>Herat</Text>
			<Gender>Male</Gender>
			<Plural>0</Plural>
		</French>
		<German>
			<Text>Herat</Text>
			<Gender>Male</Gender>
			<Plural>0</Plural>
		</German>
		<Italian>
			<Text>Herat</Text>
			<Gender>Female</Gender>
			<Plural>0</Plural>
		</Italian>
		<Spanish>
			<Text>Herat</Text>
			<Gender>Female</Gender>
			<Plural>0</Plural>
		</Spanish>
	</TEXT>
	<TEXT>
		<Tag>TXT_KEY_CITY_NAME_BUKHARA</Tag>
		<English>Bukhara</English>
		<French>
			<Text>Bukhara</Text>
			<Gender>Male</Gender>
			<Plural>0</Plural>
		</French>
		<German>
			<Text>Bukhara</Text>
			<Gender>Male</Gender>
			<Plural>0</Plural>
		</German>
		<Italian>
			<Text>Bukhara</Text>
			<Gender>Female</Gender>
			<Plural>0</Plural>
		</Italian>
		<Spanish>
			<Text>Bukhara</Text>
			<Gender>Female</Gender>
			<Plural>0</Plural>
		</Spanish>
	</TEXT>
	<TEXT>
		<Tag>TXT_KEY_CITY_NAME_TASHKENT</Tag>
		<English>Tashkent</English>
		<French>
			<Text>Tashkent</Text>
			<Gender>Male</Gender>
			<Plural>0</Plural>
		</French>
		<German>
			<Text>Tashkent</Text>
			<Gender>Male</Gender>
			<Plural>0</Plural>
		</German>
		<Italian>
			<Text>Tashkent</Text>
			<Gender>Female</Gender>
			<Plural>0</Plural>
		</Italian>
		<Spanish>
			<Text>Tashkent</Text>
			<Gender>Female</Gender>
			<Plural>0</Plural>
		</Spanish>
	</TEXT>
	<TEXT>
		<Tag>TXT_KEY_CITY_NAME_KABUL</Tag>
		<English>Kabul</English>
		<French>
			<Text>Kabul</Text>
			<Gender>Male</Gender>
			<Plural>0</Plural>
		</French>
		<German>
			<Text>Kabul</Text>
			<Gender>Male</Gender>
			<Plural>0</Plural>
		</German>
		<Italian>
			<Text>Kabul</Text>
			<Gender>Female</Gender>
			<Plural>0</Plural>
		</Italian>
		<Spanish>
			<Text>Kabul</Text>
			<Gender>Female</Gender>
			<Plural>0</Plural>
		</Spanish>
	</TEXT>
	<TEXT>
		<Tag>TXT_KEY_CITY_NAME_SHAHR-E_SABZ</Tag>
		<English>Shahr-e Sabz</English>
		<French>
			<Text>Shahr-e Sabz</Text>
			<Gender>Male</Gender>
			<Plural>0</Plural>
		</French>
		<German>
			<Text>Shahr-e Sabz</Text>
			<Gender>Male</Gender>
			<Plural>0</Plural>
		</German>
		<Italian>
			<Text>Shahr-e Sabz</Text>
			<Gender>Female</Gender>
			<Plural>0</Plural>
		</Italian>
		<Spanish>
			<Text>Shahr-e Sabz</Text>
			<Gender>Female</Gender>
			<Plural>0</Plural>
		</Spanish>
	</TEXT>
	<TEXT>
		<Tag>TXT_KEY_CITY_NAME_TEHRAN</Tag>
		<English>Tehran</English>
		<French>
			<Text>Tehran</Text>
			<Gender>Male</Gender>
			<Plural>0</Plural>
		</French>
		<German>
			<Text>Tehran</Text>
			<Gender>Male</Gender>
			<Plural>0</Plural>
		</German>
		<Italian>
			<Text>Tehran</Text>
			<Gender>Female</Gender>
			<Plural>0</Plural>
		</Italian>
		<Spanish>
			<Text>Tehran</Text>
			<Gender>Female</Gender>
			<Plural>0</Plural>
		</Spanish>
	</TEXT>
	<TEXT>
		<Tag>TXT_KEY_CITY_NAME_KANDAHAR</Tag>
		<English>Kandahar</English>
		<French>
			<Text>Kandahar</Text>
			<Gender>Male</Gender>
			<Plural>0</Plural>
		</French>
		<German>
			<Text>Kandahar</Text>
			<Gender>Male</Gender>
			<Plural>0</Plural>
		</German>
		<Italian>
			<Text>Kandahar</Text>
			<Gender>Female</Gender>
			<Plural>0</Plural>
		</Italian>
		<Spanish>
			<Text>Kandahar</Text>
			<Gender>Female</Gender>
			<Plural>0</Plural>
		</Spanish>
	</TEXT>
	<TEXT>
		<Tag>TXT_KEY_CITY_NAME_BAYEZID</Tag>
		<English>Bayezid</English>
		<French>
			<Text>Bayezid</Text>
			<Gender>Male</Gender>
			<Plural>0</Plural>
		</French>
		<German>
			<Text>Bayezid</Text>
			<Gender>Male</Gender>
			<Plural>0</Plural>
		</German>
		<Italian>
			<Text>Bayezid</Text>
			<Gender>Female</Gender>
			<Plural>0</Plural>
		</Italian>
		<Spanish>
			<Text>Bayezid</Text>
			<Gender>Female</Gender>
			<Plural>0</Plural>
		</Spanish>
	</TEXT>
	<TEXT>
		<Tag>TXT_KEY_CITY_NAME_LAHORE</Tag>
		<English>Lahore</English>
		<French>
			<Text>Lahore</Text>
			<Gender>Male</Gender>
			<Plural>0</Plural>
		</French>
		<German>
			<Text>Lahore</Text>
			<Gender>Male</Gender>
			<Plural>0</Plural>
		</German>
		<Italian>
			<Text>Lahore</Text>
			<Gender>Female</Gender>
			<Plural>0</Plural>
		</Italian>
		<Spanish>
			<Text>Lahore</Text>
			<Gender>Female</Gender>
			<Plural>0</Plural>
		</Spanish>
	</TEXT>
	<TEXT>
		<Tag>TXT_KEY_CITY_NAME_SHIRAZ</Tag>
		<English>Shiraz</English>
		<French>
			<Text>Shiraz</Text>
			<Gender>Male</Gender>
			<Plural>0</Plural>
		</French>
		<German>
			<Text>Shiraz</Text>
			<Gender>Male</Gender>
			<Plural>0</Plural>
		</German>
		<Italian>
			<Text>Shiraz</Text>
			<Gender>Female</Gender>
			<Plural>0</Plural>
		</Italian>
		<Spanish>
			<Text>Shiraz</Text>
			<Gender>Female</Gender>
			<Plural>0</Plural>
		</Spanish>
	</TEXT>
	<TEXT>
		<Tag>TXT_KEY_CITY_NAME_BALKH</Tag>
		<English>Balkh</English>
		<French>
			<Text>Balkh</Text>
			<Gender>Male</Gender>
			<Plural>0</Plural>
		</French>
		<German>
			<Text>Balkh</Text>
			<Gender>Male</Gender>
			<Plural>0</Plural>
		</German>
		<Italian>
			<Text>Balkh</Text>
			<Gender>Female</Gender>
			<Plural>0</Plural>
		</Italian>
		<Spanish>
			<Text>Balkh</Text>
			<Gender>Female</Gender>
			<Plural>0</Plural>
		</Spanish>
	</TEXT>
	<TEXT>
		<Tag>TXT_KEY_CITY_NAME_MERU</Tag>
		<English>Meru</English>
		<French>
			<Text>Meru</Text>
			<Gender>Male</Gender>
			<Plural>0</Plural>
		</French>
		<German>
			<Text>Meru</Text>
			<Gender>Male</Gender>
			<Plural>0</Plural>
		</German>
		<Italian>
			<Text>Meru</Text>
			<Gender>Female</Gender>
			<Plural>0</Plural>
		</Italian>
		<Spanish>
			<Text>Meru</Text>
			<Gender>Female</Gender>
			<Plural>0</Plural>
		</Spanish>
	</TEXT>
	<TEXT>
		<Tag>TXT_KEY_CITY_NAME_NISHAPUR</Tag>
		<English>Nishapur</English>
		<French>
			<Text>Nishapur</Text>
			<Gender>Male</Gender>
			<Plural>0</Plural>
		</French>
		<German>
			<Text>Nishapur</Text>
			<Gender>Male</Gender>
			<Plural>0</Plural>
		</German>
		<Italian>
			<Text>Nishapur</Text>
			<Gender>Female</Gender>
			<Plural>0</Plural>
		</Italian>
		<Spanish>
			<Text>Nishapur</Text>
			<Gender>Female</Gender>
			<Plural>0</Plural>
		</Spanish>
	</TEXT>
	<TEXT>
		<Tag>TXT_KEY_CITY_NAME_URGENCH</Tag>
		<English>Urgench</English>
		<French>
			<Text>Urgench</Text>
			<Gender>Male</Gender>
			<Plural>0</Plural>
		</French>
		<German>
			<Text>Urgench</Text>
			<Gender>Male</Gender>
			<Plural>0</Plural>
		</German>
		<Italian>
			<Text>Urgench</Text>
			<Gender>Female</Gender>
			<Plural>0</Plural>
		</Italian>
		<Spanish>
			<Text>Urgench</Text>
			<Gender>Female</Gender>
			<Plural>0</Plural>
		</Spanish>
	</TEXT>
	<TEXT>
		<Tag>TXT_KEY_CITY_NAME_ZARANJ</Tag>
		<English>Zaranj</English>
		<French>
			<Text>Zaranj</Text>
			<Gender>Male</Gender>
			<Plural>0</Plural>
		</French>
		<German>
			<Text>Zaranj</Text>
			<Gender>Male</Gender>
			<Plural>0</Plural>
		</German>
		<Italian>
			<Text>Zaranj</Text>
			<Gender>Female</Gender>
			<Plural>0</Plural>
		</Italian>
		<Spanish>
			<Text>Zaranj</Text>
			<Gender>Female</Gender>
			<Plural>0</Plural>
		</Spanish>
	</TEXT>
	<TEXT>
		<Tag>TXT_KEY_CITY_NAME_TABRIZ</Tag>
		<English>Tabriz</English>
		<French>
			<Text>Tabriz</Text>
			<Gender>Male</Gender>
			<Plural>0</Plural>
		</French>
		<German>
			<Text>Tabriz</Text>
			<Gender>Male</Gender>
			<Plural>0</Plural>
		</German>
		<Italian>
			<Text>Tabriz</Text>
			<Gender>Female</Gender>
			<Plural>0</Plural>
		</Italian>
		<Spanish>
			<Text>Tabriz</Text>
			<Gender>Female</Gender>
			<Plural>0</Plural>
		</Spanish>
	</TEXT>
	<TEXT>
		<Tag>TXT_KEY_CITY_NAME_BAGHDAD</Tag>
		<English>Baghdad</English>
		<French>
			<Text>Baghdad</Text>
			<Gender>Male</Gender>
			<Plural>0</Plural>
		</French>
		<German>
			<Text>Baghdad</Text>
			<Gender>Male</Gender>
			<Plural>0</Plural>
		</German>
		<Italian>
			<Text>Baghdad</Text>
			<Gender>Female</Gender>
			<Plural>0</Plural>
		</Italian>
		<Spanish>
			<Text>Baghdad</Text>
			<Gender>Female</Gender>
			<Plural>0</Plural>
		</Spanish>
	</TEXT>
	<TEXT>
		<Tag>TXT_KEY_CITY_NAME_MARAGHA</Tag>
		<English>Maragha</English>
		<French>
			<Text>Maragha</Text>
			<Gender>Male</Gender>
			<Plural>0</Plural>
		</French>
		<German>
			<Text>Maragha</Text>
			<Gender>Male</Gender>
			<Plural>0</Plural>
		</German>
		<Italian>
			<Text>Maragha</Text>
			<Gender>Female</Gender>
			<Plural>0</Plural>
		</Italian>
		<Spanish>
			<Text>Maragha</Text>
			<Gender>Female</Gender>
			<Plural>0</Plural>
		</Spanish>
	</TEXT>
	<TEXT>
		<Tag>TXT_KEY_CITY_NAME_ISFAHAN</Tag>
		<English>Isfahan</English>
		<French>
			<Text>Isfahan</Text>
			<Gender>Male</Gender>
			<Plural>0</Plural>
		</French>
		<German>
			<Text>Isfahan</Text>
			<Gender>Male</Gender>
			<Plural>0</Plural>
		</German>
		<Italian>
			<Text>Isfahan</Text>
			<Gender>Female</Gender>
			<Plural>0</Plural>
		</Italian>
		<Spanish>
			<Text>Isfahan</Text>
			<Gender>Female</Gender>
			<Plural>0</Plural>
		</Spanish>
	</TEXT>
	<TEXT>
		<Tag>TXT_KEY_CITY_NAME_PESHAWAR</Tag>
		<English>Peshawar</English>
		<French>
			<Text>Peshawar</Text>
			<Gender>Male</Gender>
			<Plural>0</Plural>
		</French>
		<German>
			<Text>Peshawar</Text>
			<Gender>Male</Gender>
			<Plural>0</Plural>
		</German>
		<Italian>
			<Text>Peshawar</Text>
			<Gender>Female</Gender>
			<Plural>0</Plural>
		</Italian>
		<Spanish>
			<Text>Peshawar</Text>
			<Gender>Female</Gender>
			<Plural>0</Plural>
		</Spanish>
	</TEXT>
	<TEXT>
		<Tag>TXT_KEY_CITY_NAME_PANIPAT</Tag>
		<English>Panipat</English>
		<French>
			<Text>Panipat</Text>
			<Gender>Male</Gender>
			<Plural>0</Plural>
		</French>
		<German>
			<Text>Panipat</Text>
			<Gender>Male</Gender>
			<Plural>0</Plural>
		</German>
		<Italian>
			<Text>Panipat</Text>
			<Gender>Female</Gender>
			<Plural>0</Plural>
		</Italian>
		<Spanish>
			<Text>Panipat</Text>
			<Gender>Female</Gender>
			<Plural>0</Plural>
		</Spanish>
	</TEXT>
	<TEXT>
		<Tag>TXT_KEY_CITY_NAME_MATHURA</Tag>
		<English>Mathura</English>
		<French>
			<Text>Mathura</Text>
			<Gender>Male</Gender>
			<Plural>0</Plural>
		</French>
		<German>
			<Text>Mathura</Text>
			<Gender>Male</Gender>
			<Plural>0</Plural>
		</German>
		<Italian>
			<Text>Mathura</Text>
			<Gender>Female</Gender>
			<Plural>0</Plural>
		</Italian>
		<Spanish>
			<Text>Mathura</Text>
			<Gender>Female</Gender>
			<Plural>0</Plural>
		</Spanish>
	</TEXT>
	<TEXT>
		<Tag>TXT_KEY_CITY_NAME_FATEHPUR_SIKRI</Tag>
		<English>Fatehpur Sikri</English>
		<French>
			<Text>Fatehpur Sikri</Text>
			<Gender>Male</Gender>
			<Plural>0</Plural>
		</French>
		<German>
			<Text>Fatehpur Sikri</Text>
			<Gender>Male</Gender>
			<Plural>0</Plural>
		</German>
		<Italian>
			<Text>Fatehpur Sikri</Text>
			<Gender>Female</Gender>
			<Plural>0</Plural>
		</Italian>
		<Spanish>
			<Text>Fatehpur Sikri</Text>
			<Gender>Female</Gender>
			<Plural>0</Plural>
		</Spanish>
	</TEXT>
	<TEXT>
		<Tag>TXT_KEY_CITY_NAME_GWALIER</Tag>
		<English>Gwalier</English>
		<French>
			<Text>Gwalier</Text>
			<Gender>Male</Gender>
			<Plural>0</Plural>
		</French>
		<German>
			<Text>Gwalier</Text>
			<Gender>Male</Gender>
			<Plural>0</Plural>
		</German>
		<Italian>
			<Text>Gwalier</Text>
			<Gender>Female</Gender>
			<Plural>0</Plural>
		</Italian>
		<Spanish>
			<Text>Gwalier</Text>
			<Gender>Female</Gender>
			<Plural>0</Plural>
		</Spanish>
	</TEXT>
	<TEXT>
		<Tag>TXT_KEY_CITY_NAME_PATNA</Tag>
		<English>Patna</English>
		<French>
			<Text>Patna</Text>
			<Gender>Male</Gender>
			<Plural>0</Plural>
		</French>
		<German>
			<Text>Patna</Text>
			<Gender>Male</Gender>
			<Plural>0</Plural>
		</German>
		<Italian>
			<Text>Patna</Text>
			<Gender>Female</Gender>
			<Plural>0</Plural>
		</Italian>
		<Spanish>
			<Text>Patna</Text>
			<Gender>Female</Gender>
			<Plural>0</Plural>
		</Spanish>
	</TEXT>

</Civ4GameText>
