<?xml version="1.0" encoding="utf-8"?>
<!-- Sid Meier's Civilization 4 Beyond the Sword -->
<!-- Modified by the Civ Gold Team -->
<!-- -->
<Civ4GameText xmlns="http://www.firaxis.com">
	<TEXT>
		<Tag>TXT_KEY_LEADER_BOTHA</Tag>
		<English>Botha</English>
		<French>
			<Text>Botha</Text>
			<Gender>Male</Gender>
			<Plural>0</Plural>
		</French>
		<German>
			<Text>Botha</Text>
			<Gender>Male</Gender>
			<Plural>0</Plural>
		</German>
		<Italian>
			<Text>Botha</Text>
			<Gender>Male</Gender>
			<Plural>0</Plural>
		</Italian>
		<Spanish>
			<Text>Botha</Text>
			<Gender>Male</Gender>
			<Plural>0</Plural>
		</Spanish>
	</TEXT>
	<TEXT>
		<Tag>TXT_KEY_LEADER_BOTHA_PEDIA</Tag>
		<English>[H1]P.W. Botha[\H1][NEWLINE][BOLD]9th State President of South Africa[\BOLD][NEWLINE][BOLD]Lived: [\BOLD] 1916 - 2006[NEWLINE][PARAGRAPH:2][BOLD]Background:[\BOLD][NEWLINE][TAB]Pieter Willem Botha, commonly known as "P.W." and Die Groot Krokodil (Afrikaans for "The Big Crocodile"), was the prime minister of South Africa from 1978 to 1984 and the first executive state president from 1984 to 1989. Botha was a long-time leader of South Africa's National Party and a staunch advocate of racial segregation and the apartheid system. While in power he made some small concessions towards human rights, but he always refused to apologize for apartheid. He refused to testify at the new government's Truth and Reconciliation Commission and was fined and given a suspended jail sentence for his refusal to testify in relation to human rights violations.[PARAGRAPH:1]Botha died of a heart attack at his home in Wilderness on 31 October 2006, aged 90. His death was met with magnanimity by many of his former opponents. Former President Nelson Mandela was reported as saying "while to many Mr Botha will remain a symbol of apartheid, we also remember him for the steps he took to pave the way towards the eventual peacefully negotiated settlement in our country." President Thabo Mbeki announced that flags would be flown at half mast, to mark the death of a former head of state. The offer of a state funeral was declined by Botha's family, and a private funeral was held on 8 November in the town of George where Botha was buried. Mbeki, who has lost a brother, a son and a cousin during apartheid, attended the funeral and was even seen to shed a tear or two. The following day, pictures of this were splashed on the front pages of most of the regional newspapers.</English>
		<French>[H1]P.W. Botha[\H1][NEWLINE][BOLD]9th State President of South Africa[\BOLD][NEWLINE][BOLD]Lived: [\BOLD] 1916 - 2006[NEWLINE][PARAGRAPH:2][BOLD]Background:[\BOLD][NEWLINE][TAB]Pieter Willem Botha, commonly known as "P.W." and Die Groot Krokodil (Afrikaans for "The Big Crocodile"), was the prime minister of South Africa from 1978 to 1984 and the first executive state president from 1984 to 1989. Botha was a long-time leader of South Africa's National Party and a staunch advocate of racial segregation and the apartheid system. While in power he made some small concessions towards human rights, but he always refused to apologize for apartheid. He refused to testify at the new government's Truth and Reconciliation Commission and was fined and given a suspended jail sentence for his refusal to testify in relation to human rights violations.[PARAGRAPH:1]Botha died of a heart attack at his home in Wilderness on 31 October 2006, aged 90. His death was met with magnanimity by many of his former opponents. Former President Nelson Mandela was reported as saying "while to many Mr Botha will remain a symbol of apartheid, we also remember him for the steps he took to pave the way towards the eventual peacefully negotiated settlement in our country." President Thabo Mbeki announced that flags would be flown at half mast, to mark the death of a former head of state. The offer of a state funeral was declined by Botha's family, and a private funeral was held on 8 November in the town of George where Botha was buried. Mbeki, who has lost a brother, a son and a cousin during apartheid, attended the funeral and was even seen to shed a tear or two. The following day, pictures of this were splashed on the front pages of most of the regional newspapers.</French>
		<German>[H1]P.W. Botha[\H1][NEWLINE][BOLD]9th State President of South Africa[\BOLD][NEWLINE][BOLD]Lived: [\BOLD] 1916 - 2006[NEWLINE][PARAGRAPH:2][BOLD]Background:[\BOLD][NEWLINE][TAB]Pieter Willem Botha, commonly known as "P.W." and Die Groot Krokodil (Afrikaans for "The Big Crocodile"), was the prime minister of South Africa from 1978 to 1984 and the first executive state president from 1984 to 1989. Botha was a long-time leader of South Africa's National Party and a staunch advocate of racial segregation and the apartheid system. While in power he made some small concessions towards human rights, but he always refused to apologize for apartheid. He refused to testify at the new government's Truth and Reconciliation Commission and was fined and given a suspended jail sentence for his refusal to testify in relation to human rights violations.[PARAGRAPH:1]Botha died of a heart attack at his home in Wilderness on 31 October 2006, aged 90. His death was met with magnanimity by many of his former opponents. Former President Nelson Mandela was reported as saying "while to many Mr Botha will remain a symbol of apartheid, we also remember him for the steps he took to pave the way towards the eventual peacefully negotiated settlement in our country." President Thabo Mbeki announced that flags would be flown at half mast, to mark the death of a former head of state. The offer of a state funeral was declined by Botha's family, and a private funeral was held on 8 November in the town of George where Botha was buried. Mbeki, who has lost a brother, a son and a cousin during apartheid, attended the funeral and was even seen to shed a tear or two. The following day, pictures of this were splashed on the front pages of most of the regional newspapers.</German>
		<Italian>[H1]P.W. Botha[\H1][NEWLINE][BOLD]9th State President of South Africa[\BOLD][NEWLINE][BOLD]Lived: [\BOLD] 1916 - 2006[NEWLINE][PARAGRAPH:2][BOLD]Background:[\BOLD][NEWLINE][TAB]Pieter Willem Botha, commonly known as "P.W." and Die Groot Krokodil (Afrikaans for "The Big Crocodile"), was the prime minister of South Africa from 1978 to 1984 and the first executive state president from 1984 to 1989. Botha was a long-time leader of South Africa's National Party and a staunch advocate of racial segregation and the apartheid system. While in power he made some small concessions towards human rights, but he always refused to apologize for apartheid. He refused to testify at the new government's Truth and Reconciliation Commission and was fined and given a suspended jail sentence for his refusal to testify in relation to human rights violations.[PARAGRAPH:1]Botha died of a heart attack at his home in Wilderness on 31 October 2006, aged 90. His death was met with magnanimity by many of his former opponents. Former President Nelson Mandela was reported as saying "while to many Mr Botha will remain a symbol of apartheid, we also remember him for the steps he took to pave the way towards the eventual peacefully negotiated settlement in our country." President Thabo Mbeki announced that flags would be flown at half mast, to mark the death of a former head of state. The offer of a state funeral was declined by Botha's family, and a private funeral was held on 8 November in the town of George where Botha was buried. Mbeki, who has lost a brother, a son and a cousin during apartheid, attended the funeral and was even seen to shed a tear or two. The following day, pictures of this were splashed on the front pages of most of the regional newspapers.</Italian>
		<Spanish>[H1]P.W. Botha[\H1][NEWLINE][BOLD]9th State President of South Africa[\BOLD][NEWLINE][BOLD]Lived: [\BOLD] 1916 - 2006[NEWLINE][PARAGRAPH:2][BOLD]Background:[\BOLD][NEWLINE][TAB]Pieter Willem Botha, commonly known as "P.W." and Die Groot Krokodil (Afrikaans for "The Big Crocodile"), was the prime minister of South Africa from 1978 to 1984 and the first executive state president from 1984 to 1989. Botha was a long-time leader of South Africa's National Party and a staunch advocate of racial segregation and the apartheid system. While in power he made some small concessions towards human rights, but he always refused to apologize for apartheid. He refused to testify at the new government's Truth and Reconciliation Commission and was fined and given a suspended jail sentence for his refusal to testify in relation to human rights violations.[PARAGRAPH:1]Botha died of a heart attack at his home in Wilderness on 31 October 2006, aged 90. His death was met with magnanimity by many of his former opponents. Former President Nelson Mandela was reported as saying "while to many Mr Botha will remain a symbol of apartheid, we also remember him for the steps he took to pave the way towards the eventual peacefully negotiated settlement in our country." President Thabo Mbeki announced that flags would be flown at half mast, to mark the death of a former head of state. The offer of a state funeral was declined by Botha's family, and a private funeral was held on 8 November in the town of George where Botha was buried. Mbeki, who has lost a brother, a son and a cousin during apartheid, attended the funeral and was even seen to shed a tear or two. The following day, pictures of this were splashed on the front pages of most of the regional newspapers.</Spanish>
	</TEXT>
	<TEXT>
		<Tag>AI_DIPLO_FIRST_CONTACT_LEADER_BOTHA_1</Tag>
		<English>Greetings, [CT_NAME]. I am [OUR_NAME] of [OUR_CIV_SHORT]. The idea of an Afrikaner people as a cultural entity and religious group with a special language will be retained in South Africa as long as civilisation stands.</English>
		<French>Bienvenue, [CT_NAME]. Je suis [OUR_NAME] de la nation sud-africaine. L'idée d'avoir un peuple afrikaaner en tant qu'entité culturelle et des groupes religieux avec des dialectes indépendants sera maintenue en Afrique du sud, aussi longtemps que notre civilisation vivra.</French>
		<German>Greetings, [CT_NAME]. I am [OUR_NAME] of [OUR_CIV_SHORT]. The idea of an Afrikaner people as a cultural entity and religious group with a special language will be retained in South Africa as long as civilisation stands.</German>
		<Italian>Greetings, [CT_NAME]. I am [OUR_NAME] of [OUR_CIV_SHORT]. The idea of an Afrikaner people as a cultural entity and religious group with a special language will be retained in South Africa as long as civilisation stands.</Italian>
		<Spanish>Greetings, [CT_NAME]. I am [OUR_NAME] of [OUR_CIV_SHORT]. The idea of an Afrikaner people as a cultural entity and religious group with a special language will be retained in South Africa as long as civilisation stands.</Spanish>
	</TEXT>
</Civ4GameText>