<?xml version="1.0" encoding="ISO-8859-1"?>
<!-- Sid Meier's Civilization 4 Beyond the Sword -->
<!-- Modified by the Civ Gold Team -->
<!-- -->
<Civ4GameText xmlns="http://www.firaxis.com">
	<TEXT>
		<Tag>TXT_KEY_LEADER_LAPU</Tag>
		<English>Lapu-Lapu</English>
		<French>Lapu-Lapu</French>
		<German>Lapu-Lapu</German>
		<Italian>Lapu-Lapu</Italian>
		<Spanish>Lapu-Lapu</Spanish>
	</TEXT>
	<TEXT>
		<Tag>TXT_KEY_LEADER_LAPU_PEDIA</Tag>
		<English>[H1]Lapu-Lapu[\H1][NEWLINE][BOLD]King of Mactan [\BOLD][NEWLINE][BOLD]Lived: [\BOLD] c. 1500-1540[NEWLINE][PARAGRAPH:2][BOLD]Background:[\BOLD][NEWLINE][TAB]
Lapu-Lapu was the king of Mactan, an island in the Visayas, Philippines, who is known as the first native of the archipelago to have resisted Spanish colonization. He is now regarded as the first Filipino hero.[PARAGRAPH:1]On the morning of April 27, 1521, Lapu-Lapu and the men of Mactan, armed with spears, and kampilan, faced Spanish soldiers led by Portuguese explorer Ferdinand Magellan. In what would later be known as the Battle of Mactan, Magellan and several of his men were killed.[PARAGRAPH:1]According to Sulu oral tradition, Lapu-Lapu was a Muslim chieftain, and was also known as "Kaliph Pulaka". The people of Bangsamoro, the Islamic homeland in the southern Philippine Islands, consider him to be a Muslim and a member of the Tausug ethnic group.[4] A variant of the name, as written by Carlos Calao, a 17th century Chinese-Spanish poet in his poem "Que Dios Le Perdone" (Spanish, "That God May Forgive Him") is "Cali Pulacu".[PARAGRAPH:1]The 1898 Philippine Declaration of Independence refers to Lapu-Lapu as "King Kalipulako de Maktan". In the 19th century, the reformist Mariano Ponce used a variant name, "Kalipulako", as one of his pseudonyms.</English>
		<French>[H1]Lapu-Lapu[\H1][NEWLINE][BOLD]King of Mactan [\BOLD][NEWLINE][BOLD]Lived: [\BOLD] c. 1500-1540[NEWLINE][PARAGRAPH:2][BOLD]Background:[\BOLD][NEWLINE][TAB]
Lapu-Lapu was the king of Mactan, an island in the Visayas, Philippines, who is known as the first native of the archipelago to have resisted Spanish colonization. He is now regarded as the first Filipino hero.[PARAGRAPH:1]On the morning of April 27, 1521, Lapu-Lapu and the men of Mactan, armed with spears, and kampilan, faced Spanish soldiers led by Portuguese explorer Ferdinand Magellan. In what would later be known as the Battle of Mactan, Magellan and several of his men were killed.[PARAGRAPH:1]According to Sulu oral tradition, Lapu-Lapu was a Muslim chieftain, and was also known as "Kaliph Pulaka". The people of Bangsamoro, the Islamic homeland in the southern Philippine Islands, consider him to be a Muslim and a member of the Tausug ethnic group.[4] A variant of the name, as written by Carlos Calao, a 17th century Chinese-Spanish poet in his poem "Que Dios Le Perdone" (Spanish, "That God May Forgive Him") is "Cali Pulacu".[PARAGRAPH:1]The 1898 Philippine Declaration of Independence refers to Lapu-Lapu as "King Kalipulako de Maktan". In the 19th century, the reformist Mariano Ponce used a variant name, "Kalipulako", as one of his pseudonyms.</French>
		<German>[H1]Lapu-Lapu[\H1][NEWLINE][BOLD]King of Mactan [\BOLD][NEWLINE][BOLD]Lived: [\BOLD] c. 1500-1540[NEWLINE][PARAGRAPH:2][BOLD]Background:[\BOLD][NEWLINE][TAB]
Lapu-Lapu was the king of Mactan, an island in the Visayas, Philippines, who is known as the first native of the archipelago to have resisted Spanish colonization. He is now regarded as the first Filipino hero.[PARAGRAPH:1]On the morning of April 27, 1521, Lapu-Lapu and the men of Mactan, armed with spears, and kampilan, faced Spanish soldiers led by Portuguese explorer Ferdinand Magellan. In what would later be known as the Battle of Mactan, Magellan and several of his men were killed.[PARAGRAPH:1]According to Sulu oral tradition, Lapu-Lapu was a Muslim chieftain, and was also known as "Kaliph Pulaka". The people of Bangsamoro, the Islamic homeland in the southern Philippine Islands, consider him to be a Muslim and a member of the Tausug ethnic group.[4] A variant of the name, as written by Carlos Calao, a 17th century Chinese-Spanish poet in his poem "Que Dios Le Perdone" (Spanish, "That God May Forgive Him") is "Cali Pulacu".[PARAGRAPH:1]The 1898 Philippine Declaration of Independence refers to Lapu-Lapu as "King Kalipulako de Maktan". In the 19th century, the reformist Mariano Ponce used a variant name, "Kalipulako", as one of his pseudonyms.</German>
		<Italian>[H1]Lapu-Lapu[\H1][NEWLINE][BOLD]King of Mactan [\BOLD][NEWLINE][BOLD]Lived: [\BOLD] c. 1500-1540[NEWLINE][PARAGRAPH:2][BOLD]Background:[\BOLD][NEWLINE][TAB]
Lapu-Lapu was the king of Mactan, an island in the Visayas, Philippines, who is known as the first native of the archipelago to have resisted Spanish colonization. He is now regarded as the first Filipino hero.[PARAGRAPH:1]On the morning of April 27, 1521, Lapu-Lapu and the men of Mactan, armed with spears, and kampilan, faced Spanish soldiers led by Portuguese explorer Ferdinand Magellan. In what would later be known as the Battle of Mactan, Magellan and several of his men were killed.[PARAGRAPH:1]According to Sulu oral tradition, Lapu-Lapu was a Muslim chieftain, and was also known as "Kaliph Pulaka". The people of Bangsamoro, the Islamic homeland in the southern Philippine Islands, consider him to be a Muslim and a member of the Tausug ethnic group.[4] A variant of the name, as written by Carlos Calao, a 17th century Chinese-Spanish poet in his poem "Que Dios Le Perdone" (Spanish, "That God May Forgive Him") is "Cali Pulacu".[PARAGRAPH:1]The 1898 Philippine Declaration of Independence refers to Lapu-Lapu as "King Kalipulako de Maktan". In the 19th century, the reformist Mariano Ponce used a variant name, "Kalipulako", as one of his pseudonyms.</Italian>
		<Spanish>[H1]Lapu-Lapu[\H1][NEWLINE][BOLD]King of Mactan [\BOLD][NEWLINE][BOLD]Lived: [\BOLD] c. 1500-1540[NEWLINE][PARAGRAPH:2][BOLD]Background:[\BOLD][NEWLINE][TAB]
Lapu-Lapu was the king of Mactan, an island in the Visayas, Philippines, who is known as the first native of the archipelago to have resisted Spanish colonization. He is now regarded as the first Filipino hero.[PARAGRAPH:1]On the morning of April 27, 1521, Lapu-Lapu and the men of Mactan, armed with spears, and kampilan, faced Spanish soldiers led by Portuguese explorer Ferdinand Magellan. In what would later be known as the Battle of Mactan, Magellan and several of his men were killed.[PARAGRAPH:1]According to Sulu oral tradition, Lapu-Lapu was a Muslim chieftain, and was also known as "Kaliph Pulaka". The people of Bangsamoro, the Islamic homeland in the southern Philippine Islands, consider him to be a Muslim and a member of the Tausug ethnic group.[4] A variant of the name, as written by Carlos Calao, a 17th century Chinese-Spanish poet in his poem "Que Dios Le Perdone" (Spanish, "That God May Forgive Him") is "Cali Pulacu".[PARAGRAPH:1]The 1898 Philippine Declaration of Independence refers to Lapu-Lapu as "King Kalipulako de Maktan". In the 19th century, the reformist Mariano Ponce used a variant name, "Kalipulako", as one of his pseudonyms.</Spanish>
	</TEXT>
	<TEXT>
		<Tag>AI_DIPLO_FIRST_CONTACT_LEADER_LAPU_1</Tag>
		<English>The people of the [OUR_EMPIRE] believe that those who want, find many ways to get. Those who do not, make excuses. I, [CT_NAME], am not one to make excuses.</English>
		<French>Le peuple de Philippine croit que ceux qui d�sirent quelquechose trouvent des moyens de l'avoir. Ceux qui ne veulent pas, trouvent des excuses. Moi, [CT_NAME], je ne suis pas du genre � trouver des excuses.</French>
		<German>The people of the [OUR_EMPIRE] believe that those who want, find many ways to get. Those who do not, make excuses. I, [CT_NAME], am not one to make excuses.</German>
		<Italian>The people of the [OUR_EMPIRE] believe that those who want, find many ways to get. Those who do not, make excuses. I, [CT_NAME], am not one to make excuses.</Italian>
		<Spanish>The people of the [OUR_EMPIRE] believe that those who want, find many ways to get. Those who do not, make excuses. I, [CT_NAME], am not one to make excuses.</Spanish>
	</TEXT>
</Civ4GameText>