<?xml version="1.0" encoding="ISO-8859-1"?>
<!-- Sid Meier's Civilization 4 Beyond the Sword -->
<!-- Modified by the Civ Gold Team -->
<!-- -->
<Civ4GameText xmlns="http://www.firaxis.com">
	<TEXT>
		<Tag>TXT_KEY_LEADER_DAAR</Tag>
		<English>Daar</English>
		<French>
			<Text>Daar</Text>
			<Gender>Male</Gender>
			<Plural>0</Plural>
		</French>
		<German>
			<Text>Daar</Text>
			<Gender>Male</Gender>
			<Plural>0</Plural>
		</German>
		<Italian>
			<Text>Daar</Text>
			<Gender>Male</Gender>
			<Plural>0</Plural>
		</Italian>
		<Spanish>
			<Text>Daar</Text>
			<Gender>Male</Gender>
			<Plural>0</Plural>
		</Spanish>
	</TEXT>
	<TEXT>
		<Tag>TXT_KEY_LEADER_DAAR_PEDIA</Tag>
		<English>[H1]Aden Abdullah Osman Daar[\H1][NEWLINE][BOLD]First President of Somalia[\BOLD][NEWLINE][BOLD]Lived: [\BOLD] 1908 - present[NEWLINE][PARAGRAPH:2][BOLD]Background:[\BOLD][NEWLINE][TAB]Aden Abdullah Osman was born at Beledweyne (Hiiraan Region) in 1908. After receiving education at State Schools, he acquired administrative experience in Government offices. He subsequently devoted himself to his own business. In February 1944, he joined the Somali Youth Club (subsequently called Somali Youth League), became a member of the party's steering board and in 1946 was appointed Secretary of the Belet Weyne section of the party.[PARAGRAPH:1]In 1951 the Regional Council of Mudug designated him for the Territorial Council on which he served uninterruptedly (up to February 1956) as the representative of the S.Y.L. In 1953 he was appointed Vice-President of the Territorial Council. In 1954 he became the President of the Somali Youth League and remained office until 1956. Re-elected to the same position in May 1958, he occupied this post simultaneously with the post of the President of the Legislative Assembly until July 1, 1960. In 1956, when the Territorial Council was replaced by Legislative Assembly, he was elected member of the National Assembly for Belet Weyne District at the general political elections, and in meantime the Legislative Assembly appointed him its President.[PARAGRAPH:1]In the 1959 general political elections, he was again elected member of the National Assembly, which again appointed him President. He maintained this post when the Legislative Assembly was converted into the Constituent Assembly. In his capacity as President of the Constituent Assembly, on July 1, 1960, he proclaimed the Independence of the Somali Republic and following the unification of the northern and southern territories - former British Somaliland and Italian Somaliland. The National Assembly chose him as Provisional President of the Republic for period of 1 year, and in 1961 re-elected him to the same mandate for 6 years.[PARAGRAPH:1]Aden Abdullah Osman devoted his interest to legal, social and economic studies. Besides Somali, he spoke Italian, English and Arabic. In the 1967 presidential elections he was beaten by Abdirashid Ali Shermarke. His term as president ended on June 10, 1967. According to the Constitution of the Republic, the out-going President enjoyed life-membership of the Somali National Assembly. Osman Daar now acts as an elder statesman in attempts to establish a lasting peace in Somalia.</English>
		<French>[H1]Aden Abdullah Osman Daar[\H1][NEWLINE][BOLD]First President of Somalia[\BOLD][NEWLINE][BOLD]Lived: [\BOLD] 1908 - present[NEWLINE][PARAGRAPH:2][BOLD]Background:[\BOLD][NEWLINE][TAB]Aden Abdullah Osman was born at Beledweyne (Hiiraan Region) in 1908. After receiving education at State Schools, he acquired administrative experience in Government offices. He subsequently devoted himself to his own business. In February 1944, he joined the Somali Youth Club (subsequently called Somali Youth League), became a member of the party's steering board and in 1946 was appointed Secretary of the Belet Weyne section of the party.[PARAGRAPH:1]In 1951 the Regional Council of Mudug designated him for the Territorial Council on which he served uninterruptedly (up to February 1956) as the representative of the S.Y.L. In 1953 he was appointed Vice-President of the Territorial Council. In 1954 he became the President of the Somali Youth League and remained office until 1956. Re-elected to the same position in May 1958, he occupied this post simultaneously with the post of the President of the Legislative Assembly until July 1, 1960. In 1956, when the Territorial Council was replaced by Legislative Assembly, he was elected member of the National Assembly for Belet Weyne District at the general political elections, and in meantime the Legislative Assembly appointed him its President.[PARAGRAPH:1]In the 1959 general political elections, he was again elected member of the National Assembly, which again appointed him President. He maintained this post when the Legislative Assembly was converted into the Constituent Assembly. In his capacity as President of the Constituent Assembly, on July 1, 1960, he proclaimed the Independence of the Somali Republic and following the unification of the northern and southern territories - former British Somaliland and Italian Somaliland. The National Assembly chose him as Provisional President of the Republic for period of 1 year, and in 1961 re-elected him to the same mandate for 6 years.[PARAGRAPH:1]Aden Abdullah Osman devoted his interest to legal, social and economic studies. Besides Somali, he spoke Italian, English and Arabic. In the 1967 presidential elections he was beaten by Abdirashid Ali Shermarke. His term as president ended on June 10, 1967. According to the Constitution of the Republic, the out-going President enjoyed life-membership of the Somali National Assembly. Osman Daar now acts as an elder statesman in attempts to establish a lasting peace in Somalia.</French>
		<German>[H1]Aden Abdullah Osman Daar[\H1][NEWLINE][BOLD]First President of Somalia[\BOLD][NEWLINE][BOLD]Lived: [\BOLD] 1908 - present[NEWLINE][PARAGRAPH:2][BOLD]Background:[\BOLD][NEWLINE][TAB]Aden Abdullah Osman was born at Beledweyne (Hiiraan Region) in 1908. After receiving education at State Schools, he acquired administrative experience in Government offices. He subsequently devoted himself to his own business. In February 1944, he joined the Somali Youth Club (subsequently called Somali Youth League), became a member of the party's steering board and in 1946 was appointed Secretary of the Belet Weyne section of the party.[PARAGRAPH:1]In 1951 the Regional Council of Mudug designated him for the Territorial Council on which he served uninterruptedly (up to February 1956) as the representative of the S.Y.L. In 1953 he was appointed Vice-President of the Territorial Council. In 1954 he became the President of the Somali Youth League and remained office until 1956. Re-elected to the same position in May 1958, he occupied this post simultaneously with the post of the President of the Legislative Assembly until July 1, 1960. In 1956, when the Territorial Council was replaced by Legislative Assembly, he was elected member of the National Assembly for Belet Weyne District at the general political elections, and in meantime the Legislative Assembly appointed him its President.[PARAGRAPH:1]In the 1959 general political elections, he was again elected member of the National Assembly, which again appointed him President. He maintained this post when the Legislative Assembly was converted into the Constituent Assembly. In his capacity as President of the Constituent Assembly, on July 1, 1960, he proclaimed the Independence of the Somali Republic and following the unification of the northern and southern territories - former British Somaliland and Italian Somaliland. The National Assembly chose him as Provisional President of the Republic for period of 1 year, and in 1961 re-elected him to the same mandate for 6 years.[PARAGRAPH:1]Aden Abdullah Osman devoted his interest to legal, social and economic studies. Besides Somali, he spoke Italian, English and Arabic. In the 1967 presidential elections he was beaten by Abdirashid Ali Shermarke. His term as president ended on June 10, 1967. According to the Constitution of the Republic, the out-going President enjoyed life-membership of the Somali National Assembly. Osman Daar now acts as an elder statesman in attempts to establish a lasting peace in Somalia.</German>
		<Italian>[H1]Aden Abdullah Osman Daar[\H1][NEWLINE][BOLD]First President of Somalia[\BOLD][NEWLINE][BOLD]Lived: [\BOLD] 1908 - present[NEWLINE][PARAGRAPH:2][BOLD]Background:[\BOLD][NEWLINE][TAB]Aden Abdullah Osman was born at Beledweyne (Hiiraan Region) in 1908. After receiving education at State Schools, he acquired administrative experience in Government offices. He subsequently devoted himself to his own business. In February 1944, he joined the Somali Youth Club (subsequently called Somali Youth League), became a member of the party's steering board and in 1946 was appointed Secretary of the Belet Weyne section of the party.[PARAGRAPH:1]In 1951 the Regional Council of Mudug designated him for the Territorial Council on which he served uninterruptedly (up to February 1956) as the representative of the S.Y.L. In 1953 he was appointed Vice-President of the Territorial Council. In 1954 he became the President of the Somali Youth League and remained office until 1956. Re-elected to the same position in May 1958, he occupied this post simultaneously with the post of the President of the Legislative Assembly until July 1, 1960. In 1956, when the Territorial Council was replaced by Legislative Assembly, he was elected member of the National Assembly for Belet Weyne District at the general political elections, and in meantime the Legislative Assembly appointed him its President.[PARAGRAPH:1]In the 1959 general political elections, he was again elected member of the National Assembly, which again appointed him President. He maintained this post when the Legislative Assembly was converted into the Constituent Assembly. In his capacity as President of the Constituent Assembly, on July 1, 1960, he proclaimed the Independence of the Somali Republic and following the unification of the northern and southern territories - former British Somaliland and Italian Somaliland. The National Assembly chose him as Provisional President of the Republic for period of 1 year, and in 1961 re-elected him to the same mandate for 6 years.[PARAGRAPH:1]Aden Abdullah Osman devoted his interest to legal, social and economic studies. Besides Somali, he spoke Italian, English and Arabic. In the 1967 presidential elections he was beaten by Abdirashid Ali Shermarke. His term as president ended on June 10, 1967. According to the Constitution of the Republic, the out-going President enjoyed life-membership of the Somali National Assembly. Osman Daar now acts as an elder statesman in attempts to establish a lasting peace in Somalia.</Italian>
		<Spanish>[H1]Aden Abdullah Osman Daar[\H1][NEWLINE][BOLD]First President of Somalia[\BOLD][NEWLINE][BOLD]Lived: [\BOLD] 1908 - present[NEWLINE][PARAGRAPH:2][BOLD]Background:[\BOLD][NEWLINE][TAB]Aden Abdullah Osman was born at Beledweyne (Hiiraan Region) in 1908. After receiving education at State Schools, he acquired administrative experience in Government offices. He subsequently devoted himself to his own business. In February 1944, he joined the Somali Youth Club (subsequently called Somali Youth League), became a member of the party's steering board and in 1946 was appointed Secretary of the Belet Weyne section of the party.[PARAGRAPH:1]In 1951 the Regional Council of Mudug designated him for the Territorial Council on which he served uninterruptedly (up to February 1956) as the representative of the S.Y.L. In 1953 he was appointed Vice-President of the Territorial Council. In 1954 he became the President of the Somali Youth League and remained office until 1956. Re-elected to the same position in May 1958, he occupied this post simultaneously with the post of the President of the Legislative Assembly until July 1, 1960. In 1956, when the Territorial Council was replaced by Legislative Assembly, he was elected member of the National Assembly for Belet Weyne District at the general political elections, and in meantime the Legislative Assembly appointed him its President.[PARAGRAPH:1]In the 1959 general political elections, he was again elected member of the National Assembly, which again appointed him President. He maintained this post when the Legislative Assembly was converted into the Constituent Assembly. In his capacity as President of the Constituent Assembly, on July 1, 1960, he proclaimed the Independence of the Somali Republic and following the unification of the northern and southern territories - former British Somaliland and Italian Somaliland. The National Assembly chose him as Provisional President of the Republic for period of 1 year, and in 1961 re-elected him to the same mandate for 6 years.[PARAGRAPH:1]Aden Abdullah Osman devoted his interest to legal, social and economic studies. Besides Somali, he spoke Italian, English and Arabic. In the 1967 presidential elections he was beaten by Abdirashid Ali Shermarke. His term as president ended on June 10, 1967. According to the Constitution of the Republic, the out-going President enjoyed life-membership of the Somali National Assembly. Osman Daar now acts as an elder statesman in attempts to establish a lasting peace in Somalia.</Spanish>
	</TEXT>
	<TEXT>
		<Tag>AI_DIPLO_FIRST_CONTACT_LEADER_DAAR_1</Tag>
		<English>It might come as a surprise to you, [CT_NAME], but I, [OUR_NAME], of the [OUR_CIV_ADJ] people, am still alive!</English>
		<French>Cela peut vous appara�tre comme une surprise, [CT_NAME], mais MOI, [OUR_NAME], de la grande nation somalienne, suis toujours en vie !</French>
		<German>It might come as a surprise to you, [CT_NAME], but I, [OUR_NAME], of the [OUR_CIV_ADJ] people, am still alive!</German>
		<Italian>It might come as a surprise to you, [CT_NAME], but I, [OUR_NAME], of the [OUR_CIV_ADJ] people, am still alive!</Italian>
		<Spanish>It might come as a surprise to you, [CT_NAME], but I, [OUR_NAME], of the [OUR_CIV_ADJ] people, am still alive!</Spanish>
	</TEXT>
</Civ4GameText>