<?xml version="1.0" encoding="ISO-8859-1"?>
<!-- Sid Meier's Civilization 4 Beyond the Sword -->
<!-- Modified by the Civ Gold Team -->
<!-- -->
<Civ4GameText xmlns="http://www.firaxis.com">
	<TEXT>
		<Tag>TXT_KEY_CIV_SOUTH_AFRICA_DESC</Tag>
		<English>South African Empire</English> 
		<French>Nation sud-africaine</French>
		<German>South African Empire</German>
		<Italian>South African Empire</Italian>
		<Spanish>South African Empire</Spanish>
	</TEXT>
	<TEXT>
		<Tag>TXT_KEY_CIV_SOUTH_AFRICA_SHORT_DESC</Tag>
		<English>South Africa</English>
		<French>Afrique du Sud</French>
		<German>South Africa</German>
		<Italian>South Africa</Italian>
		<Spanish>South Africa</Spanish>
	</TEXT>
	<TEXT>
		<Tag>TXT_KEY_CIV_SOUTH_AFRICA_ADJECTIVE</Tag>
		<English>South African</English>
		<French>Sud-africain</French>
		<German>South African</German>
		<Italian>South African</Italian>
		<Spanish>South African</Spanish>
	</TEXT>
	<TEXT>
		<Tag>TXT_KEY_CIV_SOUTH_AFRICA_PEDIA</Tag>
		<English>[TAB]South Africa has experienced a significantly different history from other nations in Africa as a result of two facts. Firstly, immigration from Europe reached levels not experienced in other African communities. Secondly, the strategic importance of the Cape Sea Route. The closure of the Suez Canal during the Six Day War exemplifies its significance. Mineral wealth also made the country extremely important to Western interests, particularly throughout the late nineteenth century; then, with international competition and rivalry during the Cold War. As a result of immigration, South Africa is a very ethnically diverse nation. It has the largest population of people from a mixed ethnic background, whites, and Indian communities in Africa. Black South Africans account for slightly more than 70% of the population.[PARAGRAPH:2]Racial strife between the white minority and the black majority has played a large part in the country's history and politics, culminating in apartheid, which was instituted in 1948 by the National Party (although segregation existed prior to that date). The laws that defined apartheid began to be repealed or abolished by the National Party in 1990 after a long and sometimes violent struggle (including economic sanctions from the international community) by the Black majority as well as many White, Coloured, and Indian South Africans.Two philosophies originated in South Africa: ubuntu (the belief in a universal bond of sharing that connects all humanity); and Gandhi's notion of "passive resistance" (satyagraha), developed while he lived in South Africa.[PARAGRAPH:2]South Africa contains some of the oldest archaeological sites in Africa. Extensive fossil remains at the Sterkfontein, Kromdraai and Makapansgat caves suggest that various australopithecines existed in South Africa from about three million years ago. These were succeeded by various species of Homo, including Homo habilis, Homo erectus and modern man, Homo sapiens. Bantu-speaking peoples, iron-using agriculturists and herdsmen, moved south of the Limpopo River into modern-day South Africa by the fourth or fifth century (the Bantu expansion) displacing the original Khoi and San speakers. They slowly moved south and the earliest ironworks in modern-day KwaZulu-Natal Province are believed to date from around 1050. The southernmost group was the Xhosa people, whose language incorporates certain linguistic traits from the earlier Khoi and San people, reaching the Fish River, in today's Eastern Cape Province. These Iron Age populations displaced earlier hunter-gatherer peoples as they migrated.[PARAGRAPH:2]In 1948, the National Party was elected to power, and began implementing a series of harsh segregationist laws that would become known collectively as apartheid. Not surprisingly, this segregation also applied to the wealth acquired during rapid industrialisation of the 1950s, '60s, and '70s. While the White minority enjoyed the highest standard of living in all of Africa, often comparable to "First World" western nations, the Black majority remained disadvantaged by almost every standard, including income, education, housing, and life expectancy. However, the average income and life expectancy of a black, 'Indian' or 'coloured' South African compared favourably to many other African states, such as Ghana and Tanzania.[PARAGRAPH:2]Apartheid became increasingly controversial, leading to widespread sanctions and divestment abroad and growing unrest and oppression within South Africa. (See also the article on the History of South Africa in the apartheid era.) A long period of harsh suppression by the government, and at times violent resistance, strikes, marches, protests, and sabotage, by various anti-apartheid movements, most notably the African National Congress (ANC), followed. In 1990, the National Party government took the first step towards negotiating itself out of power when it lifted the ban on the African National Congress and other left-wing political organisations, and released Nelson Mandela from prison after twenty-seven years' incarceration on a sabotage sentence. Apartheid legislation was gradually removed from the statute books, and the first multi-racial elections were held in 1994. The ANC won by an overwhelming majority and has been in power ever since.</English>
		<French>[TAB]South Africa has experienced a significantly different history from other nations in Africa as a result of two facts. Firstly, immigration from Europe reached levels not experienced in other African communities. Secondly, the strategic importance of the Cape Sea Route. The closure of the Suez Canal during the Six Day War exemplifies its significance. Mineral wealth also made the country extremely important to Western interests, particularly throughout the late nineteenth century; then, with international competition and rivalry during the Cold War. As a result of immigration, South Africa is a very ethnically diverse nation. It has the largest population of people from a mixed ethnic background, whites, and Indian communities in Africa. Black South Africans account for slightly more than 70% of the population.[PARAGRAPH:2]Racial strife between the white minority and the black majority has played a large part in the country's history and politics, culminating in apartheid, which was instituted in 1948 by the National Party (although segregation existed prior to that date). The laws that defined apartheid began to be repealed or abolished by the National Party in 1990 after a long and sometimes violent struggle (including economic sanctions from the international community) by the Black majority as well as many White, Coloured, and Indian South Africans.Two philosophies originated in South Africa: ubuntu (the belief in a universal bond of sharing that connects all humanity); and Gandhi's notion of "passive resistance" (satyagraha), developed while he lived in South Africa.[PARAGRAPH:2]South Africa contains some of the oldest archaeological sites in Africa. Extensive fossil remains at the Sterkfontein, Kromdraai and Makapansgat caves suggest that various australopithecines existed in South Africa from about three million years ago. These were succeeded by various species of Homo, including Homo habilis, Homo erectus and modern man, Homo sapiens. Bantu-speaking peoples, iron-using agriculturists and herdsmen, moved south of the Limpopo River into modern-day South Africa by the fourth or fifth century (the Bantu expansion) displacing the original Khoi and San speakers. They slowly moved south and the earliest ironworks in modern-day KwaZulu-Natal Province are believed to date from around 1050. The southernmost group was the Xhosa people, whose language incorporates certain linguistic traits from the earlier Khoi and San people, reaching the Fish River, in today's Eastern Cape Province. These Iron Age populations displaced earlier hunter-gatherer peoples as they migrated.[PARAGRAPH:2]In 1948, the National Party was elected to power, and began implementing a series of harsh segregationist laws that would become known collectively as apartheid. Not surprisingly, this segregation also applied to the wealth acquired during rapid industrialisation of the 1950s, '60s, and '70s. While the White minority enjoyed the highest standard of living in all of Africa, often comparable to "First World" western nations, the Black majority remained disadvantaged by almost every standard, including income, education, housing, and life expectancy. However, the average income and life expectancy of a black, 'Indian' or 'coloured' South African compared favourably to many other African states, such as Ghana and Tanzania.[PARAGRAPH:2]Apartheid became increasingly controversial, leading to widespread sanctions and divestment abroad and growing unrest and oppression within South Africa. (See also the article on the History of South Africa in the apartheid era.) A long period of harsh suppression by the government, and at times violent resistance, strikes, marches, protests, and sabotage, by various anti-apartheid movements, most notably the African National Congress (ANC), followed. In 1990, the National Party government took the first step towards negotiating itself out of power when it lifted the ban on the African National Congress and other left-wing political organisations, and released Nelson Mandela from prison after twenty-seven years' incarceration on a sabotage sentence. Apartheid legislation was gradually removed from the statute books, and the first multi-racial elections were held in 1994. The ANC won by an overwhelming majority and has been in power ever since.</French>
		<German>[TAB]South Africa has experienced a significantly different history from other nations in Africa as a result of two facts. Firstly, immigration from Europe reached levels not experienced in other African communities. Secondly, the strategic importance of the Cape Sea Route. The closure of the Suez Canal during the Six Day War exemplifies its significance. Mineral wealth also made the country extremely important to Western interests, particularly throughout the late nineteenth century; then, with international competition and rivalry during the Cold War. As a result of immigration, South Africa is a very ethnically diverse nation. It has the largest population of people from a mixed ethnic background, whites, and Indian communities in Africa. Black South Africans account for slightly more than 70% of the population.[PARAGRAPH:2]Racial strife between the white minority and the black majority has played a large part in the country's history and politics, culminating in apartheid, which was instituted in 1948 by the National Party (although segregation existed prior to that date). The laws that defined apartheid began to be repealed or abolished by the National Party in 1990 after a long and sometimes violent struggle (including economic sanctions from the international community) by the Black majority as well as many White, Coloured, and Indian South Africans.Two philosophies originated in South Africa: ubuntu (the belief in a universal bond of sharing that connects all humanity); and Gandhi's notion of "passive resistance" (satyagraha), developed while he lived in South Africa.[PARAGRAPH:2]South Africa contains some of the oldest archaeological sites in Africa. Extensive fossil remains at the Sterkfontein, Kromdraai and Makapansgat caves suggest that various australopithecines existed in South Africa from about three million years ago. These were succeeded by various species of Homo, including Homo habilis, Homo erectus and modern man, Homo sapiens. Bantu-speaking peoples, iron-using agriculturists and herdsmen, moved south of the Limpopo River into modern-day South Africa by the fourth or fifth century (the Bantu expansion) displacing the original Khoi and San speakers. They slowly moved south and the earliest ironworks in modern-day KwaZulu-Natal Province are believed to date from around 1050. The southernmost group was the Xhosa people, whose language incorporates certain linguistic traits from the earlier Khoi and San people, reaching the Fish River, in today's Eastern Cape Province. These Iron Age populations displaced earlier hunter-gatherer peoples as they migrated.[PARAGRAPH:2]In 1948, the National Party was elected to power, and began implementing a series of harsh segregationist laws that would become known collectively as apartheid. Not surprisingly, this segregation also applied to the wealth acquired during rapid industrialisation of the 1950s, '60s, and '70s. While the White minority enjoyed the highest standard of living in all of Africa, often comparable to "First World" western nations, the Black majority remained disadvantaged by almost every standard, including income, education, housing, and life expectancy. However, the average income and life expectancy of a black, 'Indian' or 'coloured' South African compared favourably to many other African states, such as Ghana and Tanzania.[PARAGRAPH:2]Apartheid became increasingly controversial, leading to widespread sanctions and divestment abroad and growing unrest and oppression within South Africa. (See also the article on the History of South Africa in the apartheid era.) A long period of harsh suppression by the government, and at times violent resistance, strikes, marches, protests, and sabotage, by various anti-apartheid movements, most notably the African National Congress (ANC), followed. In 1990, the National Party government took the first step towards negotiating itself out of power when it lifted the ban on the African National Congress and other left-wing political organisations, and released Nelson Mandela from prison after twenty-seven years' incarceration on a sabotage sentence. Apartheid legislation was gradually removed from the statute books, and the first multi-racial elections were held in 1994. The ANC won by an overwhelming majority and has been in power ever since.</German>
		<Italian>[TAB]South Africa has experienced a significantly different history from other nations in Africa as a result of two facts. Firstly, immigration from Europe reached levels not experienced in other African communities. Secondly, the strategic importance of the Cape Sea Route. The closure of the Suez Canal during the Six Day War exemplifies its significance. Mineral wealth also made the country extremely important to Western interests, particularly throughout the late nineteenth century; then, with international competition and rivalry during the Cold War. As a result of immigration, South Africa is a very ethnically diverse nation. It has the largest population of people from a mixed ethnic background, whites, and Indian communities in Africa. Black South Africans account for slightly more than 70% of the population.[PARAGRAPH:2]Racial strife between the white minority and the black majority has played a large part in the country's history and politics, culminating in apartheid, which was instituted in 1948 by the National Party (although segregation existed prior to that date). The laws that defined apartheid began to be repealed or abolished by the National Party in 1990 after a long and sometimes violent struggle (including economic sanctions from the international community) by the Black majority as well as many White, Coloured, and Indian South Africans.Two philosophies originated in South Africa: ubuntu (the belief in a universal bond of sharing that connects all humanity); and Gandhi's notion of "passive resistance" (satyagraha), developed while he lived in South Africa.[PARAGRAPH:2]South Africa contains some of the oldest archaeological sites in Africa. Extensive fossil remains at the Sterkfontein, Kromdraai and Makapansgat caves suggest that various australopithecines existed in South Africa from about three million years ago. These were succeeded by various species of Homo, including Homo habilis, Homo erectus and modern man, Homo sapiens. Bantu-speaking peoples, iron-using agriculturists and herdsmen, moved south of the Limpopo River into modern-day South Africa by the fourth or fifth century (the Bantu expansion) displacing the original Khoi and San speakers. They slowly moved south and the earliest ironworks in modern-day KwaZulu-Natal Province are believed to date from around 1050. The southernmost group was the Xhosa people, whose language incorporates certain linguistic traits from the earlier Khoi and San people, reaching the Fish River, in today's Eastern Cape Province. These Iron Age populations displaced earlier hunter-gatherer peoples as they migrated.[PARAGRAPH:2]In 1948, the National Party was elected to power, and began implementing a series of harsh segregationist laws that would become known collectively as apartheid. Not surprisingly, this segregation also applied to the wealth acquired during rapid industrialisation of the 1950s, '60s, and '70s. While the White minority enjoyed the highest standard of living in all of Africa, often comparable to "First World" western nations, the Black majority remained disadvantaged by almost every standard, including income, education, housing, and life expectancy. However, the average income and life expectancy of a black, 'Indian' or 'coloured' South African compared favourably to many other African states, such as Ghana and Tanzania.[PARAGRAPH:2]Apartheid became increasingly controversial, leading to widespread sanctions and divestment abroad and growing unrest and oppression within South Africa. (See also the article on the History of South Africa in the apartheid era.) A long period of harsh suppression by the government, and at times violent resistance, strikes, marches, protests, and sabotage, by various anti-apartheid movements, most notably the African National Congress (ANC), followed. In 1990, the National Party government took the first step towards negotiating itself out of power when it lifted the ban on the African National Congress and other left-wing political organisations, and released Nelson Mandela from prison after twenty-seven years' incarceration on a sabotage sentence. Apartheid legislation was gradually removed from the statute books, and the first multi-racial elections were held in 1994. The ANC won by an overwhelming majority and has been in power ever since.</Italian>
		<Spanish>[TAB]South Africa has experienced a significantly different history from other nations in Africa as a result of two facts. Firstly, immigration from Europe reached levels not experienced in other African communities. Secondly, the strategic importance of the Cape Sea Route. The closure of the Suez Canal during the Six Day War exemplifies its significance. Mineral wealth also made the country extremely important to Western interests, particularly throughout the late nineteenth century; then, with international competition and rivalry during the Cold War. As a result of immigration, South Africa is a very ethnically diverse nation. It has the largest population of people from a mixed ethnic background, whites, and Indian communities in Africa. Black South Africans account for slightly more than 70% of the population.[PARAGRAPH:2]Racial strife between the white minority and the black majority has played a large part in the country's history and politics, culminating in apartheid, which was instituted in 1948 by the National Party (although segregation existed prior to that date). The laws that defined apartheid began to be repealed or abolished by the National Party in 1990 after a long and sometimes violent struggle (including economic sanctions from the international community) by the Black majority as well as many White, Coloured, and Indian South Africans.Two philosophies originated in South Africa: ubuntu (the belief in a universal bond of sharing that connects all humanity); and Gandhi's notion of "passive resistance" (satyagraha), developed while he lived in South Africa.[PARAGRAPH:2]South Africa contains some of the oldest archaeological sites in Africa. Extensive fossil remains at the Sterkfontein, Kromdraai and Makapansgat caves suggest that various australopithecines existed in South Africa from about three million years ago. These were succeeded by various species of Homo, including Homo habilis, Homo erectus and modern man, Homo sapiens. Bantu-speaking peoples, iron-using agriculturists and herdsmen, moved south of the Limpopo River into modern-day South Africa by the fourth or fifth century (the Bantu expansion) displacing the original Khoi and San speakers. They slowly moved south and the earliest ironworks in modern-day KwaZulu-Natal Province are believed to date from around 1050. The southernmost group was the Xhosa people, whose language incorporates certain linguistic traits from the earlier Khoi and San people, reaching the Fish River, in today's Eastern Cape Province. These Iron Age populations displaced earlier hunter-gatherer peoples as they migrated.[PARAGRAPH:2]In 1948, the National Party was elected to power, and began implementing a series of harsh segregationist laws that would become known collectively as apartheid. Not surprisingly, this segregation also applied to the wealth acquired during rapid industrialisation of the 1950s, '60s, and '70s. While the White minority enjoyed the highest standard of living in all of Africa, often comparable to "First World" western nations, the Black majority remained disadvantaged by almost every standard, including income, education, housing, and life expectancy. However, the average income and life expectancy of a black, 'Indian' or 'coloured' South African compared favourably to many other African states, such as Ghana and Tanzania.[PARAGRAPH:2]Apartheid became increasingly controversial, leading to widespread sanctions and divestment abroad and growing unrest and oppression within South Africa. (See also the article on the History of South Africa in the apartheid era.) A long period of harsh suppression by the government, and at times violent resistance, strikes, marches, protests, and sabotage, by various anti-apartheid movements, most notably the African National Congress (ANC), followed. In 1990, the National Party government took the first step towards negotiating itself out of power when it lifted the ban on the African National Congress and other left-wing political organisations, and released Nelson Mandela from prison after twenty-seven years' incarceration on a sabotage sentence. Apartheid legislation was gradually removed from the statute books, and the first multi-racial elections were held in 1994. The ANC won by an overwhelming majority and has been in power ever since.</Spanish>
	</TEXT>
	<TEXT>
		<Tag>TXT_KEY_CITY_NAME_CAPE_TOWN</Tag>
		<English>Cape Town</English>
		<French>
			<Text>Cape Town</Text>
			<Gender>Male</Gender>
			<Plural>0</Plural>
		</French>
		<German>
			<Text>Cape Town</Text>
			<Gender>Male</Gender>
			<Plural>0</Plural>
		</German>
		<Italian>
			<Text>Cape Town</Text>
			<Gender>Female</Gender>
			<Plural>0</Plural>
		</Italian>
		<Spanish>
			<Text>Cape Town</Text>
			<Gender>Female</Gender>
			<Plural>0</Plural>
		</Spanish>
	</TEXT>
	<TEXT>
		<Tag>TXT_KEY_CITY_NAME_JOHANNESBURG</Tag>
		<English>Johannesburg</English>
		<French>
			<Text>Johannesburg</Text>
			<Gender>Male</Gender>
			<Plural>0</Plural>
		</French>
		<German>
			<Text>Johannesburg</Text>
			<Gender>Male</Gender>
			<Plural>0</Plural>
		</German>
		<Italian>
			<Text>Johannesburg</Text>
			<Gender>Female</Gender>
			<Plural>0</Plural>
		</Italian>
		<Spanish>
			<Text>Johannesburg</Text>
			<Gender>Female</Gender>
			<Plural>0</Plural>
		</Spanish>
	</TEXT>
	<TEXT>
		<Tag>TXT_KEY_CITY_NAME_DURBAN</Tag>
		<English>Durban</English>
		<French>
			<Text>Durban</Text>
			<Gender>Male</Gender>
			<Plural>0</Plural>
		</French>
		<German>
			<Text>Durban</Text>
			<Gender>Male</Gender>
			<Plural>0</Plural>
		</German>
		<Italian>
			<Text>Durban</Text>
			<Gender>Female</Gender>
			<Plural>0</Plural>
		</Italian>
		<Spanish>
			<Text>Durban</Text>
			<Gender>Female</Gender>
			<Plural>0</Plural>
		</Spanish>
	</TEXT>
	<TEXT>
		<Tag>TXT_KEY_CITY_NAME_PRETORIA</Tag>
		<English>Pretoria</English>
		<French>
			<Text>Pretoria</Text>
			<Gender>Male</Gender>
			<Plural>0</Plural>
		</French>
		<German>
			<Text>Pretoria</Text>
			<Gender>Male</Gender>
			<Plural>0</Plural>
		</German>
		<Italian>
			<Text>Pretoria</Text>
			<Gender>Female</Gender>
			<Plural>0</Plural>
		</Italian>
		<Spanish>
			<Text>Pretoria</Text>
			<Gender>Female</Gender>
			<Plural>0</Plural>
		</Spanish>
	</TEXT>
	<TEXT>
		<Tag>TXT_KEY_CITY_NAME_SOWETO</Tag>
		<English>Soweto</English>
		<French>
			<Text>Soweto</Text>
			<Gender>Male</Gender>
			<Plural>0</Plural>
		</French>
		<German>
			<Text>Soweto</Text>
			<Gender>Male</Gender>
			<Plural>0</Plural>
		</German>
		<Italian>
			<Text>Soweto</Text>
			<Gender>Female</Gender>
			<Plural>0</Plural>
		</Italian>
		<Spanish>
			<Text>Soweto</Text>
			<Gender>Female</Gender>
			<Plural>0</Plural>
		</Spanish>
	</TEXT>
	<TEXT>
		<Tag>TXT_KEY_CITY_NAME_PORT_ELIZABETH</Tag>
		<English>Port Elizabeth</English>
		<French>
			<Text>Port Elizabeth</Text>
			<Gender>Male</Gender>
			<Plural>0</Plural>
		</French>
		<German>
			<Text>Port Elizabeth</Text>
			<Gender>Male</Gender>
			<Plural>0</Plural>
		</German>
		<Italian>
			<Text>Port Elizabeth</Text>
			<Gender>Female</Gender>
			<Plural>0</Plural>
		</Italian>
		<Spanish>
			<Text>Port Elizabeth</Text>
			<Gender>Female</Gender>
			<Plural>0</Plural>
		</Spanish>
	</TEXT>
	<TEXT>
		<Tag>TXT_KEY_CITY_NAME_PIETERMARTIZBURG</Tag>
		<English>Pietermartizburg</English>
		<French>
			<Text>Pietermartizburg</Text>
			<Gender>Male</Gender>
			<Plural>0</Plural>
		</French>
		<German>
			<Text>Pietermartizburg</Text>
			<Gender>Male</Gender>
			<Plural>0</Plural>
		</German>
		<Italian>
			<Text>Pietermartizburg</Text>
			<Gender>Female</Gender>
			<Plural>0</Plural>
		</Italian>
		<Spanish>
			<Text>Pietermartizburg</Text>
			<Gender>Female</Gender>
			<Plural>0</Plural>
		</Spanish>
	</TEXT>
	<TEXT>
		<Tag>TXT_KEY_CITY_NAME_BENONI</Tag>
		<English>Benoni</English>
		<French>
			<Text>Benoni</Text>
			<Gender>Male</Gender>
			<Plural>0</Plural>
		</French>
		<German>
			<Text>Benoni</Text>
			<Gender>Male</Gender>
			<Plural>0</Plural>
		</German>
		<Italian>
			<Text>Benoni</Text>
			<Gender>Female</Gender>
			<Plural>0</Plural>
		</Italian>
		<Spanish>
			<Text>Benoni</Text>
			<Gender>Female</Gender>
			<Plural>0</Plural>
		</Spanish>
	</TEXT>
	<TEXT>
		<Tag>TXT_KEY_CITY_NAME_VEREENIGING</Tag>
		<English>Vereeniging</English>
		<French>
			<Text>Vereeniging</Text>
			<Gender>Male</Gender>
			<Plural>0</Plural>
		</French>
		<German>
			<Text>Vereeniging</Text>
			<Gender>Male</Gender>
			<Plural>0</Plural>
		</German>
		<Italian>
			<Text>Vereeniging</Text>
			<Gender>Female</Gender>
			<Plural>0</Plural>
		</Italian>
		<Spanish>
			<Text>Vereeniging</Text>
			<Gender>Female</Gender>
			<Plural>0</Plural>
		</Spanish>
	</TEXT>
	<TEXT>
		<Tag>TXT_KEY_CITY_NAME_BLOEMFONTEIN</Tag>
		<English>Bloemfontein</English>
		<French>
			<Text>Bloemfontein</Text>
			<Gender>Male</Gender>
			<Plural>0</Plural>
		</French>
		<German>
			<Text>Bloemfontein</Text>
			<Gender>Male</Gender>
			<Plural>0</Plural>
		</German>
		<Italian>
			<Text>Bloemfontein</Text>
			<Gender>Female</Gender>
			<Plural>0</Plural>
		</Italian>
		<Spanish>
			<Text>Bloemfontein</Text>
			<Gender>Female</Gender>
			<Plural>0</Plural>
		</Spanish>
	</TEXT>
	<TEXT>
		<Tag>TXT_KEY_CITY_NAME_TEMBISA</Tag>
		<English>Tembisa</English>
		<French>
			<Text>Tembisa</Text>
			<Gender>Male</Gender>
			<Plural>0</Plural>
		</French>
		<German>
			<Text>Tembisa</Text>
			<Gender>Male</Gender>
			<Plural>0</Plural>
		</German>
		<Italian>
			<Text>Tembisa</Text>
			<Gender>Female</Gender>
			<Plural>0</Plural>
		</Italian>
		<Spanish>
			<Text>Tembisa</Text>
			<Gender>Female</Gender>
			<Plural>0</Plural>
		</Spanish>
	</TEXT>
	<TEXT>
		<Tag>TXT_KEY_CITY_NAME_BOKSBURG</Tag>
		<English>Boksburg</English>
		<French>
			<Text>Boksburg</Text>
			<Gender>Male</Gender>
			<Plural>0</Plural>
		</French>
		<German>
			<Text>Boksburg</Text>
			<Gender>Male</Gender>
			<Plural>0</Plural>
		</German>
		<Italian>
			<Text>Boksburg</Text>
			<Gender>Female</Gender>
			<Plural>0</Plural>
		</Italian>
		<Spanish>
			<Text>Boksburg</Text>
			<Gender>Female</Gender>
			<Plural>0</Plural>
		</Spanish>
	</TEXT>
	<TEXT>
		<Tag>TXT_KEY_CITY_NAME_VENDERBIJLPARK</Tag>
		<English>Venderbijlpark</English>
		<French>
			<Text>Venderbijlpark</Text>
			<Gender>Male</Gender>
			<Plural>0</Plural>
		</French>
		<German>
			<Text>Venderbijlpark</Text>
			<Gender>Male</Gender>
			<Plural>0</Plural>
		</German>
		<Italian>
			<Text>Venderbijlpark</Text>
			<Gender>Female</Gender>
			<Plural>0</Plural>
		</Italian>
		<Spanish>
			<Text>Venderbijlpark</Text>
			<Gender>Female</Gender>
			<Plural>0</Plural>
		</Spanish>
	</TEXT>
	<TEXT>
		<Tag>TXT_KEY_CITY_NAME_NEWCASTLE</Tag>
		<English>Newcastle</English>
		<French>
			<Text>Newcastle</Text>
			<Gender>Male</Gender>
			<Plural>0</Plural>
		</French>
		<German>
			<Text>Newcastle</Text>
			<Gender>Male</Gender>
			<Plural>0</Plural>
		</German>
		<Italian>
			<Text>Newcastle</Text>
			<Gender>Female</Gender>
			<Plural>0</Plural>
		</Italian>
		<Spanish>
			<Text>Newcastle</Text>
			<Gender>Female</Gender>
			<Plural>0</Plural>
		</Spanish>
	</TEXT>
	<TEXT>
		<Tag>TXT_KEY_CITY_NAME_OOS_LONDEN</Tag>
		<English>Oos-Londen</English>
		<French>
			<Text>Oos-Londen</Text>
			<Gender>Male</Gender>
			<Plural>0</Plural>
		</French>
		<German>
			<Text>Oos-Londen</Text>
			<Gender>Male</Gender>
			<Plural>0</Plural>
		</German>
		<Italian>
			<Text>Oos-Londen</Text>
			<Gender>Female</Gender>
			<Plural>0</Plural>
		</Italian>
		<Spanish>
			<Text>Oos-Londen</Text>
			<Gender>Female</Gender>
			<Plural>0</Plural>
		</Spanish>
	</TEXT>
	<TEXT>
		<Tag>TXT_KEY_CITY_NAME_WELKOM</Tag>
		<English>Welkom</English>
		<French>
			<Text>Welkom</Text>
			<Gender>Male</Gender>
			<Plural>0</Plural>
		</French>
		<German>
			<Text>Welkom</Text>
			<Gender>Male</Gender>
			<Plural>0</Plural>
		</German>
		<Italian>
			<Text>Welkom</Text>
			<Gender>Female</Gender>
			<Plural>0</Plural>
		</Italian>
		<Spanish>
			<Text>Welkom</Text>
			<Gender>Female</Gender>
			<Plural>0</Plural>
		</Spanish>
	</TEXT>
	<TEXT>
		<Tag>TXT_KEY_CITY_NAME_KRUGERSDORP</Tag>
		<English>Krugersdorp</English>
		<French>
			<Text>Krugersdorp</Text>
			<Gender>Male</Gender>
			<Plural>0</Plural>
		</French>
		<German>
			<Text>Krugersdorp</Text>
			<Gender>Male</Gender>
			<Plural>0</Plural>
		</German>
		<Italian>
			<Text>Krugersdorp</Text>
			<Gender>Female</Gender>
			<Plural>0</Plural>
		</Italian>
		<Spanish>
			<Text>Krugersdorp</Text>
			<Gender>Female</Gender>
			<Plural>0</Plural>
		</Spanish>
	</TEXT>
	<TEXT>
		<Tag>TXT_KEY_CITY_NAME_UITENHAGE</Tag>
		<English>Uitenhage</English>
		<French>
			<Text>Uitenhage</Text>
			<Gender>Male</Gender>
			<Plural>0</Plural>
		</French>
		<German>
			<Text>Uitenhage</Text>
			<Gender>Male</Gender>
			<Plural>0</Plural>
		</German>
		<Italian>
			<Text>Uitenhage</Text>
			<Gender>Female</Gender>
			<Plural>0</Plural>
		</Italian>
		<Spanish>
			<Text>Uitenhage</Text>
			<Gender>Female</Gender>
			<Plural>0</Plural>
		</Spanish>
	</TEXT>
	<TEXT>
		<Tag>TXT_KEY_CITY_NAME_MDANTSANE</Tag>
		<English>Mdantsane</English>
		<French>
			<Text>Mdantsane</Text>
			<Gender>Male</Gender>
			<Plural>0</Plural>
		</French>
		<German>
			<Text>Mdantsane</Text>
			<Gender>Male</Gender>
			<Plural>0</Plural>
		</German>
		<Italian>
			<Text>Mdantsane</Text>
			<Gender>Female</Gender>
			<Plural>0</Plural>
		</Italian>
		<Spanish>
			<Text>Mdantsane</Text>
			<Gender>Female</Gender>
			<Plural>0</Plural>
		</Spanish>
	</TEXT>
	<TEXT>
		<Tag>TXT_KEY_CITY_NAME_BOTSHABELO</Tag>
		<English>Botshabelo</English>
		<French>
			<Text>Botshabelo</Text>
			<Gender>Male</Gender>
			<Plural>0</Plural>
		</French>
		<German>
			<Text>Botshabelo</Text>
			<Gender>Male</Gender>
			<Plural>0</Plural>
		</German>
		<Italian>
			<Text>Botshabelo</Text>
			<Gender>Female</Gender>
			<Plural>0</Plural>
		</Italian>
		<Spanish>
			<Text>Botshabelo</Text>
			<Gender>Female</Gender>
			<Plural>0</Plural>
		</Spanish>
	</TEXT>
	<TEXT>
		<Tag>TXT_KEY_CITY_NAME_BRAKPAN</Tag>
		<English>Brakpan</English>
		<French>
			<Text>Brakpan</Text>
			<Gender>Male</Gender>
			<Plural>0</Plural>
		</French>
		<German>
			<Text>Brakpan</Text>
			<Gender>Male</Gender>
			<Plural>0</Plural>
		</German>
		<Italian>
			<Text>Brakpan</Text>
			<Gender>Female</Gender>
			<Plural>0</Plural>
		</Italian>
		<Spanish>
			<Text>Brakpan</Text>
			<Gender>Female</Gender>
			<Plural>0</Plural>
		</Spanish>
	</TEXT>
	<TEXT>
		<Tag>TXT_KEY_CITY_NAME_KIMBERLEY</Tag>
		<English>Kimberley</English>
		<French>
			<Text>Kimberley</Text>
			<Gender>Male</Gender>
			<Plural>0</Plural>
		</French>
		<German>
			<Text>Kimberley</Text>
			<Gender>Male</Gender>
			<Plural>0</Plural>
		</German>
		<Italian>
			<Text>Kimberley</Text>
			<Gender>Female</Gender>
			<Plural>0</Plural>
		</Italian>
		<Spanish>
			<Text>Kimberley</Text>
			<Gender>Female</Gender>
			<Plural>0</Plural>
		</Spanish>
	</TEXT>
	<TEXT>
		<Tag>TXT_KEY_CITY_NAME_WITBANK</Tag>
		<English>Witbank</English>
		<French>
			<Text>Witbank</Text>
			<Gender>Male</Gender>
			<Plural>0</Plural>
		</French>
		<German>
			<Text>Witbank</Text>
			<Gender>Male</Gender>
			<Plural>0</Plural>
		</German>
		<Italian>
			<Text>Witbank</Text>
			<Gender>Female</Gender>
			<Plural>0</Plural>
		</Italian>
		<Spanish>
			<Text>Witbank</Text>
			<Gender>Female</Gender>
			<Plural>0</Plural>
		</Spanish>
	</TEXT>
	<TEXT>
		<Tag>TXT_KEY_CITY_NAME_CARLETONVILLE</Tag>
		<English>Carletonville</English>
		<French>
			<Text>Carletonville</Text>
			<Gender>Male</Gender>
			<Plural>0</Plural>
		</French>
		<German>
			<Text>Carletonville</Text>
			<Gender>Male</Gender>
			<Plural>0</Plural>
		</German>
		<Italian>
			<Text>Carletonville</Text>
			<Gender>Female</Gender>
			<Plural>0</Plural>
		</Italian>
		<Spanish>
			<Text>Carletonville</Text>
			<Gender>Female</Gender>
			<Plural>0</Plural>
		</Spanish>
	</TEXT>
	<TEXT>
		<Tag>TXT_KEY_CITY_NAME_SPRINGS</Tag>
		<English>Springs</English>
		<French>
			<Text>Springs</Text>
			<Gender>Male</Gender>
			<Plural>0</Plural>
		</French>
		<German>
			<Text>Springs</Text>
			<Gender>Male</Gender>
			<Plural>0</Plural>
		</German>
		<Italian>
			<Text>Springs</Text>
			<Gender>Female</Gender>
			<Plural>0</Plural>
		</Italian>
		<Spanish>
			<Text>Springs</Text>
			<Gender>Female</Gender>
			<Plural>0</Plural>
		</Spanish>
	</TEXT>
	<TEXT>
		<Tag>TXT_KEY_CITY_NAME_ALBERTON</Tag>
		<English>Alberton</English>
		<French>
			<Text>Alberton</Text>
			<Gender>Male</Gender>
			<Plural>0</Plural>
		</French>
		<German>
			<Text>Alberton</Text>
			<Gender>Male</Gender>
			<Plural>0</Plural>
		</German>
		<Italian>
			<Text>Alberton</Text>
			<Gender>Female</Gender>
			<Plural>0</Plural>
		</Italian>
		<Spanish>
			<Text>Alberton</Text>
			<Gender>Female</Gender>
			<Plural>0</Plural>
		</Spanish>
	</TEXT>
	<TEXT>
		<Tag>TXT_KEY_CITY_NAME_PAARL</Tag>
		<English>Paarl</English>
		<French>
			<Text>Paarl</Text>
			<Gender>Male</Gender>
			<Plural>0</Plural>
		</French>
		<German>
			<Text>Paarl</Text>
			<Gender>Male</Gender>
			<Plural>0</Plural>
		</German>
		<Italian>
			<Text>Paarl</Text>
			<Gender>Female</Gender>
			<Plural>0</Plural>
		</Italian>
		<Spanish>
			<Text>Paarl</Text>
			<Gender>Female</Gender>
			<Plural>0</Plural>
		</Spanish>
	</TEXT>
	<TEXT>
		<Tag>TXT_KEY_CITY_NAME_KLERKSDORP</Tag>
		<English>Klerksdorp</English>
		<French>
			<Text>Klerksdorp</Text>
			<Gender>Male</Gender>
			<Plural>0</Plural>
		</French>
		<German>
			<Text>Klerksdorp</Text>
			<Gender>Male</Gender>
			<Plural>0</Plural>
		</German>
		<Italian>
			<Text>Klerksdorp</Text>
			<Gender>Female</Gender>
			<Plural>0</Plural>
		</Italian>
		<Spanish>
			<Text>Klerksdorp</Text>
			<Gender>Female</Gender>
			<Plural>0</Plural>
		</Spanish>
	</TEXT>
	<TEXT>
		<Tag>TXT_KEY_CITY_NAME_MIDRAND</Tag>
		<English>Midrand</English>
		<French>
			<Text>Midrand</Text>
			<Gender>Male</Gender>
			<Plural>0</Plural>
		</French>
		<German>
			<Text>Midrand</Text>
			<Gender>Male</Gender>
			<Plural>0</Plural>
		</German>
		<Italian>
			<Text>Midrand</Text>
			<Gender>Female</Gender>
			<Plural>0</Plural>
		</Italian>
		<Spanish>
			<Text>Midrand</Text>
			<Gender>Female</Gender>
			<Plural>0</Plural>
		</Spanish>
	</TEXT>
	<TEXT>
		<Tag>TXT_KEY_CITY_NAME_VERWOERDBURG</Tag>
		<English>Verwoerdburg</English>
		<French>
			<Text>Verwoerdburg</Text>
			<Gender>Male</Gender>
			<Plural>0</Plural>
		</French>
		<German>
			<Text>Verwoerdburg</Text>
			<Gender>Male</Gender>
			<Plural>0</Plural>
		</German>
		<Italian>
			<Text>Verwoerdburg</Text>
			<Gender>Female</Gender>
			<Plural>0</Plural>
		</Italian>
		<Spanish>
			<Text>Verwoerdburg</Text>
			<Gender>Female</Gender>
			<Plural>0</Plural>
		</Spanish>
	</TEXT>
	<TEXT>
		<Tag>TXT_KEY_CITY_NAME_WESTONARIA</Tag>
		<English>Westonaria</English>
		<French>
			<Text>Westonaria</Text>
			<Gender>Male</Gender>
			<Plural>0</Plural>
		</French>
		<German>
			<Text>Westonaria</Text>
			<Gender>Male</Gender>
			<Plural>0</Plural>
		</German>
		<Italian>
			<Text>Westonaria</Text>
			<Gender>Female</Gender>
			<Plural>0</Plural>
		</Italian>
		<Spanish>
			<Text>Westonaria</Text>
			<Gender>Female</Gender>
			<Plural>0</Plural>
		</Spanish>
	</TEXT>
	<TEXT>
		<Tag>TXT_KEY_CITY_NAME_SOMERSET_WEST</Tag>
		<English>Somerset West</English>
		<French>
			<Text>Somerset West</Text>
			<Gender>Male</Gender>
			<Plural>0</Plural>
		</French>
		<German>
			<Text>Somerset West</Text>
			<Gender>Male</Gender>
			<Plural>0</Plural>
		</German>
		<Italian>
			<Text>Somerset West</Text>
			<Gender>Female</Gender>
			<Plural>0</Plural>
		</Italian>
		<Spanish>
			<Text>Somerset West</Text>
			<Gender>Female</Gender>
			<Plural>0</Plural>
		</Spanish>
	</TEXT>
	<TEXT>
		<Tag>TXT_KEY_CITY_NAME_RUSTENBURG</Tag>
		<English>Rustenburg</English>
		<French>
			<Text>Rustenburg</Text>
			<Gender>Male</Gender>
			<Plural>0</Plural>
		</French>
		<German>
			<Text>Rustenburg</Text>
			<Gender>Male</Gender>
			<Plural>0</Plural>
		</German>
		<Italian>
			<Text>Rustenburg</Text>
			<Gender>Female</Gender>
			<Plural>0</Plural>
		</Italian>
		<Spanish>
			<Text>Rustenburg</Text>
			<Gender>Female</Gender>
			<Plural>0</Plural>
		</Spanish>
	</TEXT>
	<TEXT>
		<Tag>TXT_KEY_CITY_NAME_POTCHEFSTROOM</Tag>
		<English>Potchefstroom</English>
		<French>
			<Text>Potchefstroom</Text>
			<Gender>Male</Gender>
			<Plural>0</Plural>
		</French>
		<German>
			<Text>Potchefstroom</Text>
			<Gender>Male</Gender>
			<Plural>0</Plural>
		</German>
		<Italian>
			<Text>Potchefstroom</Text>
			<Gender>Female</Gender>
			<Plural>0</Plural>
		</Italian>
		<Spanish>
			<Text>Potchefstroom</Text>
			<Gender>Female</Gender>
			<Plural>0</Plural>
		</Spanish>
	</TEXT>
</Civ4GameText>