<?xml version="1.0" encoding="ISO-8859-1"?>
<!-- Sid Meier's Civilization 4 Beyond the Sword -->
<!-- Modified by the Civ Gold Team -->
<!-- -->
<Civ4GameText xmlns="http://www.firaxis.com">
	<TEXT>
		<Tag>TXT_KEY_LEADER_HASINA</Tag>
		<English>Hasina</English>
		<French>Hasina</French>
		<German>Hasina</German>
		<Italian>Hasina</Italian>
		<Spanish>Hasina</Spanish>
	</TEXT>
	<TEXT>
		<Tag>TXT_KEY_LEADER_HASINA_PEDIA</Tag> 
		<English>[H1]Sheikh Hasina Wazed[\H1][NEWLINE][BOLD]Prime Minister of Bangladesh[\BOLD][NEWLINE][BOLD]Lived: [\BOLD]1947 - [NEWLINE][PARAGRAPH:2][BOLD]Background:[\BOLD][NEWLINE][TAB]Sheikh Hasina Wazed is a Bangladeshi politician and current Prime Minister of Bangladesh. She has been the President of the Awami League, a major political party, since 1981. She is the eldest of five children of Sheikh Mujibur Rahman, the founding father (and first president) of Bangladesh and wife of an internationally reputed nuclear scientist, M. A. Wazed Miah. Sheikh Hasina's party defeated the BNP-led Four-Party Alliance in the 2008 parliamentary elections, thus assuring her of the post of prime minister. Sheikh Hasina has once before held the office, from 1996 to 2001.[PARAGRAPH:1]While living in self-exile in India, Sheikh Hasina was elected the president of Bangladesh Awami League in 1981. After she returned to the country, the president Ziaur Rahman was assassinated in yet another coup in May, 1981. The following year, General Hossain Mohammad Ershad captured power through a bloodless coup and declared martial law. In 1983, Hasina formed the 15-party alliance to launch a movement to oust him from power. She was in and out of prison throughout the 1980s. Her party, along with the Bangladesh Nationalist Party, led by Rahman's widow Khaleda Zia, was instrumental in the movement against the military rule. In 1984, Hasina was put under house arrest in February and then again in November. In March 1985, she was put under house arrest for three months.[PARAGRAPH:1]In 1990, Hasina's 8 party alliance was instrumental along with another BNP-led alliance in finally removing the Ershad regime. Under the leadership of Sheikh Hasina, Awami League formed an alliance with Ershad's Jayiya Party in 2006[PARAGRAPH:1]On July 16, 2007 Hasina was arrested by state police at her home and taken before a local court in Dhaka. She was accused of extortion and denied bail on the same day, and was held in a building converted into a jail on the premises of the National Parliament. According to the Awami League, the arrest was politically motivated. On June 11, 2008 Hasina was released on parole for medical reasons and the next day she flew to the United States to be treated for hearing impairment, eye problems and high blood pressure. Prof. Syed Modasser Ali, her personal physician, threatened to sue the caretaker government over negligence regarding Hasina's treatment during her detention.[PARAGRAPH:1]In November 6, 2008 Hasina returned to Bangladesh to lead her party in general elections scheduled for December 29, 2008. On December 11, 2008 Sheikh Hasina announced her party's election manifesto during a news conference.In her election manifesto she vowed to build a "Digital Bangladesh" by 2021. Sheikh Hasina's Awami league won the elections on 29 December 2008 with an overwhelming majority.[PARAGRAPH:1]Sheikh Hasina's party defeated Begum Khaleda Zia's BNP in the 2008 Parliamentary Elections. Her party achieved a landslide victory reminiscent to the 1971 elections of Pakistan. Under her leadership, the party has achieved a supermajority in parliament, controlling 230 seats out of 299. She was sworn into office as the Prime Minister for the second time on 6 January, 2009. The Prime Minister is the most powerful executive position in Bangladesh, although technically of lower seniority when compared to the office of President. Begum Zia, however, rejected the results of the election, sarcastically thanking the Chief Election Commissioner "for stage-managing the parliamentary election" in a statement. But, according to the views expressed by foreign and local election observers, the general election was free, fair and credible. </English>
  		<French>[H1]Sheikh Hasina Wazed[\H1][NEWLINE][BOLD]Prime Minister of Bangladesh[\BOLD][NEWLINE][BOLD]Lived: [\BOLD]1947 - [NEWLINE][PARAGRAPH:2][BOLD]Background:[\BOLD][NEWLINE][TAB]Sheikh Hasina Wazed is a Bangladeshi politician and current Prime Minister of Bangladesh. She has been the President of the Awami League, a major political party, since 1981. She is the eldest of five children of Sheikh Mujibur Rahman, the founding father (and first president) of Bangladesh and wife of an internationally reputed nuclear scientist, M. A. Wazed Miah. Sheikh Hasina's party defeated the BNP-led Four-Party Alliance in the 2008 parliamentary elections, thus assuring her of the post of prime minister. Sheikh Hasina has once before held the office, from 1996 to 2001.[PARAGRAPH:1]While living in self-exile in India, Sheikh Hasina was elected the president of Bangladesh Awami League in 1981. After she returned to the country, the president Ziaur Rahman was assassinated in yet another coup in May, 1981. The following year, General Hossain Mohammad Ershad captured power through a bloodless coup and declared martial law. In 1983, Hasina formed the 15-party alliance to launch a movement to oust him from power. She was in and out of prison throughout the 1980s. Her party, along with the Bangladesh Nationalist Party, led by Rahman's widow Khaleda Zia, was instrumental in the movement against the military rule. In 1984, Hasina was put under house arrest in February and then again in November. In March 1985, she was put under house arrest for three months.[PARAGRAPH:1]In 1990, Hasina's 8 party alliance was instrumental along with another BNP-led alliance in finally removing the Ershad regime. Under the leadership of Sheikh Hasina, Awami League formed an alliance with Ershad's Jayiya Party in 2006[PARAGRAPH:1]On July 16, 2007 Hasina was arrested by state police at her home and taken before a local court in Dhaka. She was accused of extortion and denied bail on the same day, and was held in a building converted into a jail on the premises of the National Parliament. According to the Awami League, the arrest was politically motivated. On June 11, 2008 Hasina was released on parole for medical reasons and the next day she flew to the United States to be treated for hearing impairment, eye problems and high blood pressure. Prof. Syed Modasser Ali, her personal physician, threatened to sue the caretaker government over negligence regarding Hasina's treatment during her detention.[PARAGRAPH:1]In November 6, 2008 Hasina returned to Bangladesh to lead her party in general elections scheduled for December 29, 2008. On December 11, 2008 Sheikh Hasina announced her party's election manifesto during a news conference.In her election manifesto she vowed to build a "Digital Bangladesh" by 2021. Sheikh Hasina's Awami league won the elections on 29 December 2008 with an overwhelming majority.[PARAGRAPH:1]Sheikh Hasina's party defeated Begum Khaleda Zia's BNP in the 2008 Parliamentary Elections. Her party achieved a landslide victory reminiscent to the 1971 elections of Pakistan. Under her leadership, the party has achieved a supermajority in parliament, controlling 230 seats out of 299. She was sworn into office as the Prime Minister for the second time on 6 January, 2009. The Prime Minister is the most powerful executive position in Bangladesh, although technically of lower seniority when compared to the office of President. Begum Zia, however, rejected the results of the election, sarcastically thanking the Chief Election Commissioner "for stage-managing the parliamentary election" in a statement. But, according to the views expressed by foreign and local election observers, the general election was free, fair and credible. </French> 
  		<German>[H1]Sheikh Hasina Wazed[\H1][NEWLINE][BOLD]Prime Minister of Bangladesh[\BOLD][NEWLINE][BOLD]Lived: [\BOLD]1947 - [NEWLINE][PARAGRAPH:2][BOLD]Background:[\BOLD][NEWLINE][TAB]Sheikh Hasina Wazed is a Bangladeshi politician and current Prime Minister of Bangladesh. She has been the President of the Awami League, a major political party, since 1981. She is the eldest of five children of Sheikh Mujibur Rahman, the founding father (and first president) of Bangladesh and wife of an internationally reputed nuclear scientist, M. A. Wazed Miah. Sheikh Hasina's party defeated the BNP-led Four-Party Alliance in the 2008 parliamentary elections, thus assuring her of the post of prime minister. Sheikh Hasina has once before held the office, from 1996 to 2001.[PARAGRAPH:1]While living in self-exile in India, Sheikh Hasina was elected the president of Bangladesh Awami League in 1981. After she returned to the country, the president Ziaur Rahman was assassinated in yet another coup in May, 1981. The following year, General Hossain Mohammad Ershad captured power through a bloodless coup and declared martial law. In 1983, Hasina formed the 15-party alliance to launch a movement to oust him from power. She was in and out of prison throughout the 1980s. Her party, along with the Bangladesh Nationalist Party, led by Rahman's widow Khaleda Zia, was instrumental in the movement against the military rule. In 1984, Hasina was put under house arrest in February and then again in November. In March 1985, she was put under house arrest for three months.[PARAGRAPH:1]In 1990, Hasina's 8 party alliance was instrumental along with another BNP-led alliance in finally removing the Ershad regime. Under the leadership of Sheikh Hasina, Awami League formed an alliance with Ershad's Jayiya Party in 2006[PARAGRAPH:1]On July 16, 2007 Hasina was arrested by state police at her home and taken before a local court in Dhaka. She was accused of extortion and denied bail on the same day, and was held in a building converted into a jail on the premises of the National Parliament. According to the Awami League, the arrest was politically motivated. On June 11, 2008 Hasina was released on parole for medical reasons and the next day she flew to the United States to be treated for hearing impairment, eye problems and high blood pressure. Prof. Syed Modasser Ali, her personal physician, threatened to sue the caretaker government over negligence regarding Hasina's treatment during her detention.[PARAGRAPH:1]In November 6, 2008 Hasina returned to Bangladesh to lead her party in general elections scheduled for December 29, 2008. On December 11, 2008 Sheikh Hasina announced her party's election manifesto during a news conference.In her election manifesto she vowed to build a "Digital Bangladesh" by 2021. Sheikh Hasina's Awami league won the elections on 29 December 2008 with an overwhelming majority.[PARAGRAPH:1]Sheikh Hasina's party defeated Begum Khaleda Zia's BNP in the 2008 Parliamentary Elections. Her party achieved a landslide victory reminiscent to the 1971 elections of Pakistan. Under her leadership, the party has achieved a supermajority in parliament, controlling 230 seats out of 299. She was sworn into office as the Prime Minister for the second time on 6 January, 2009. The Prime Minister is the most powerful executive position in Bangladesh, although technically of lower seniority when compared to the office of President. Begum Zia, however, rejected the results of the election, sarcastically thanking the Chief Election Commissioner "for stage-managing the parliamentary election" in a statement. But, according to the views expressed by foreign and local election observers, the general election was free, fair and credible. </German> 
  		<Italian>[H1]Sheikh Hasina Wazed[\H1][NEWLINE][BOLD]Prime Minister of Bangladesh[\BOLD][NEWLINE][BOLD]Lived: [\BOLD]1947 - [NEWLINE][PARAGRAPH:2][BOLD]Background:[\BOLD][NEWLINE][TAB]Sheikh Hasina Wazed is a Bangladeshi politician and current Prime Minister of Bangladesh. She has been the President of the Awami League, a major political party, since 1981. She is the eldest of five children of Sheikh Mujibur Rahman, the founding father (and first president) of Bangladesh and wife of an internationally reputed nuclear scientist, M. A. Wazed Miah. Sheikh Hasina's party defeated the BNP-led Four-Party Alliance in the 2008 parliamentary elections, thus assuring her of the post of prime minister. Sheikh Hasina has once before held the office, from 1996 to 2001.[PARAGRAPH:1]While living in self-exile in India, Sheikh Hasina was elected the president of Bangladesh Awami League in 1981. After she returned to the country, the president Ziaur Rahman was assassinated in yet another coup in May, 1981. The following year, General Hossain Mohammad Ershad captured power through a bloodless coup and declared martial law. In 1983, Hasina formed the 15-party alliance to launch a movement to oust him from power. She was in and out of prison throughout the 1980s. Her party, along with the Bangladesh Nationalist Party, led by Rahman's widow Khaleda Zia, was instrumental in the movement against the military rule. In 1984, Hasina was put under house arrest in February and then again in November. In March 1985, she was put under house arrest for three months.[PARAGRAPH:1]In 1990, Hasina's 8 party alliance was instrumental along with another BNP-led alliance in finally removing the Ershad regime. Under the leadership of Sheikh Hasina, Awami League formed an alliance with Ershad's Jayiya Party in 2006[PARAGRAPH:1]On July 16, 2007 Hasina was arrested by state police at her home and taken before a local court in Dhaka. She was accused of extortion and denied bail on the same day, and was held in a building converted into a jail on the premises of the National Parliament. According to the Awami League, the arrest was politically motivated. On June 11, 2008 Hasina was released on parole for medical reasons and the next day she flew to the United States to be treated for hearing impairment, eye problems and high blood pressure. Prof. Syed Modasser Ali, her personal physician, threatened to sue the caretaker government over negligence regarding Hasina's treatment during her detention.[PARAGRAPH:1]In November 6, 2008 Hasina returned to Bangladesh to lead her party in general elections scheduled for December 29, 2008. On December 11, 2008 Sheikh Hasina announced her party's election manifesto during a news conference.In her election manifesto she vowed to build a "Digital Bangladesh" by 2021. Sheikh Hasina's Awami league won the elections on 29 December 2008 with an overwhelming majority.[PARAGRAPH:1]Sheikh Hasina's party defeated Begum Khaleda Zia's BNP in the 2008 Parliamentary Elections. Her party achieved a landslide victory reminiscent to the 1971 elections of Pakistan. Under her leadership, the party has achieved a supermajority in parliament, controlling 230 seats out of 299. She was sworn into office as the Prime Minister for the second time on 6 January, 2009. The Prime Minister is the most powerful executive position in Bangladesh, although technically of lower seniority when compared to the office of President. Begum Zia, however, rejected the results of the election, sarcastically thanking the Chief Election Commissioner "for stage-managing the parliamentary election" in a statement. But, according to the views expressed by foreign and local election observers, the general election was free, fair and credible. </Italian> 
  		<Spanish>[H1]Sheikh Hasina Wazed[\H1][NEWLINE][BOLD]Prime Minister of Bangladesh[\BOLD][NEWLINE][BOLD]Lived: [\BOLD]1947 - [NEWLINE][PARAGRAPH:2][BOLD]Background:[\BOLD][NEWLINE][TAB]Sheikh Hasina Wazed is a Bangladeshi politician and current Prime Minister of Bangladesh. She has been the President of the Awami League, a major political party, since 1981. She is the eldest of five children of Sheikh Mujibur Rahman, the founding father (and first president) of Bangladesh and wife of an internationally reputed nuclear scientist, M. A. Wazed Miah. Sheikh Hasina's party defeated the BNP-led Four-Party Alliance in the 2008 parliamentary elections, thus assuring her of the post of prime minister. Sheikh Hasina has once before held the office, from 1996 to 2001.[PARAGRAPH:1]While living in self-exile in India, Sheikh Hasina was elected the president of Bangladesh Awami League in 1981. After she returned to the country, the president Ziaur Rahman was assassinated in yet another coup in May, 1981. The following year, General Hossain Mohammad Ershad captured power through a bloodless coup and declared martial law. In 1983, Hasina formed the 15-party alliance to launch a movement to oust him from power. She was in and out of prison throughout the 1980s. Her party, along with the Bangladesh Nationalist Party, led by Rahman's widow Khaleda Zia, was instrumental in the movement against the military rule. In 1984, Hasina was put under house arrest in February and then again in November. In March 1985, she was put under house arrest for three months.[PARAGRAPH:1]In 1990, Hasina's 8 party alliance was instrumental along with another BNP-led alliance in finally removing the Ershad regime. Under the leadership of Sheikh Hasina, Awami League formed an alliance with Ershad's Jayiya Party in 2006[PARAGRAPH:1]On July 16, 2007 Hasina was arrested by state police at her home and taken before a local court in Dhaka. She was accused of extortion and denied bail on the same day, and was held in a building converted into a jail on the premises of the National Parliament. According to the Awami League, the arrest was politically motivated. On June 11, 2008 Hasina was released on parole for medical reasons and the next day she flew to the United States to be treated for hearing impairment, eye problems and high blood pressure. Prof. Syed Modasser Ali, her personal physician, threatened to sue the caretaker government over negligence regarding Hasina's treatment during her detention.[PARAGRAPH:1]In November 6, 2008 Hasina returned to Bangladesh to lead her party in general elections scheduled for December 29, 2008. On December 11, 2008 Sheikh Hasina announced her party's election manifesto during a news conference.In her election manifesto she vowed to build a "Digital Bangladesh" by 2021. Sheikh Hasina's Awami league won the elections on 29 December 2008 with an overwhelming majority.[PARAGRAPH:1]Sheikh Hasina's party defeated Begum Khaleda Zia's BNP in the 2008 Parliamentary Elections. Her party achieved a landslide victory reminiscent to the 1971 elections of Pakistan. Under her leadership, the party has achieved a supermajority in parliament, controlling 230 seats out of 299. She was sworn into office as the Prime Minister for the second time on 6 January, 2009. The Prime Minister is the most powerful executive position in Bangladesh, although technically of lower seniority when compared to the office of President. Begum Zia, however, rejected the results of the election, sarcastically thanking the Chief Election Commissioner "for stage-managing the parliamentary election" in a statement. But, according to the views expressed by foreign and local election observers, the general election was free, fair and credible. </Spanish>
	</TEXT>
	<TEXT>
		<Tag>AI_DIPLO_FIRST_CONTACT_LEADER_HASINA_1</Tag>
		<English>Greetings, [CT_NAME]! I am [OUR_NAME] of the [OUR_EMPIRE]. Let us join forces to lead our countries to the cherished goals!</English>
		<French>Salutations, [CT_NAME] ! Je suis [OUR_NAME] du peuple [OUR_EMPIRE]. Joignons nos forces pour mener nos pays vers une vie meilleure !</French>
		<German>Greetings, [CT_NAME]! I am [OUR_NAME] of the [OUR_EMPIRE]. Let us join forces to lead our countries to the cherished goals!</German>
		<Italian>Greetings, [CT_NAME]! I am [OUR_NAME] of the [OUR_EMPIRE]. Let us join forces to lead our countries to the cherished goals!</Italian>
		<Spanish>Greetings, [CT_NAME]! I am [OUR_NAME] of the [OUR_EMPIRE]. Let us join forces to lead our countries to the cherished goals!</Spanish>
	</TEXT>
</Civ4GameText>