<?xml version="1.0" encoding="ISO-8859-1"?>
<!-- Sid Meier's Civilization 4 Beyond the Sword -->
<!-- Modified by the Civ Gold Team -->
<!-- -->
<Civ4GameText xmlns="http://www.firaxis.com">
	<TEXT>
		<Tag>TXT_KEY_CIV_MAJAPAHIT_DESC</Tag>
		<English>Majapahit Empire</English>
		<French>Royaume de Majapahit</French>
		<German>Majapahit Empire</German>
		<Italian>Majapahit Empire</Italian>
		<Spanish>Majapahit Empire</Spanish>
	</TEXT>
	<TEXT>
		<Tag>TXT_KEY_CIV_MAJAPAHIT_SHORT_DESC</Tag>
		<English>Majapahit</English>
		<French>Majapahit</French>
		<German>Majapahit</German>
		<Italian>Majapahit</Italian>
		<Spanish>Majapahit</Spanish>
	</TEXT>
	<TEXT>
		<Tag>TXT_KEY_CIV_MAJAPAHIT_ADJECTIVE</Tag>
		<English>Majapahit</English>
		<French>Majapahit</French>
		<German>Majapahit</German>
		<Italian>Majapahit</Italian>
		<Spanish>Majapahit</Spanish>
	</TEXT>
	<TEXT>
		<Tag>TXT_KEY_CIV_MAJAPAHIT_PEDIA</Tag>
		<English>[TAB]Majapahit was the last medieval Hindu-Javanese empire to wield much influence in Southeast Asia. When emissaries from Mongol China appeared at Singhasari in 1289, the great warrior-king Kertanagara promptly arrested and expelled them. This provoked a punitive Chinese expedition to eastern Java in 1292; it arrived to find that Kertanagara had been killed in an uprising engineered by a prince of the displaced house of Kadiri. Kertanagara's son Vijaya was forced to flee to a village on the Brantas River named Majapahit (bitter fruit). Vijaya enlisted the support of the newly arrived Chinese forces to drive the Kadiri usurper out of Singhasari and recover the throne. He then compelled his Chinese supporters to withdraw and depart homeward.[PARAGRAPH:1]The village of Majapahit became Vijaya's new capital. Gajah Mada was appointed prime minister in 1331, and under his direction Majapahit filled the political vacuum left by the fall of the Srivijaya empire and the dissolution of its temporary successor, Singhasari. As early as 1365, Majapahit could claim domination over most of Sumatra and the Malay Peninsula. Its hold on the latter extended as far north as Kedah, Langkasuka, and Pantai. Majapahit's influence extended to much of what now comprises Indonesia, extending to territories on the south and west coasts of Borneo, and to southern Celebes and the Moluccas. Some even claim that Majapahit power was felt as far away as the Indo-Chinese peninsula, in Siam, Cambodia, and Annam, though this is doubtful. The infiltration of Islam from the Straits of Malacca into the Southeast Asian archipelago gradually undermined the influence of Majapahit. In 1478 the Muslim coastal state of Demak invaded Majapahit itself, and by the late fifteenth century Majapahit was reduced to little more than an eastern Javanese state with a glorious past.[PARAGRAPH:1]</English>
		<French>[TAB]Majapahit was the last medieval Hindu-Javanese empire to wield much influence in Southeast Asia. When emissaries from Mongol China appeared at Singhasari in 1289, the great warrior-king Kertanagara promptly arrested and expelled them. This provoked a punitive Chinese expedition to eastern Java in 1292; it arrived to find that Kertanagara had been killed in an uprising engineered by a prince of the displaced house of Kadiri. Kertanagara's son Vijaya was forced to flee to a village on the Brantas River named Majapahit (bitter fruit). Vijaya enlisted the support of the newly arrived Chinese forces to drive the Kadiri usurper out of Singhasari and recover the throne. He then compelled his Chinese supporters to withdraw and depart homeward.[PARAGRAPH:1]The village of Majapahit became Vijaya's new capital. Gajah Mada was appointed prime minister in 1331, and under his direction Majapahit filled the political vacuum left by the fall of the Srivijaya empire and the dissolution of its temporary successor, Singhasari. As early as 1365, Majapahit could claim domination over most of Sumatra and the Malay Peninsula. Its hold on the latter extended as far north as Kedah, Langkasuka, and Pantai. Majapahit's influence extended to much of what now comprises Indonesia, extending to territories on the south and west coasts of Borneo, and to southern Celebes and the Moluccas. Some even claim that Majapahit power was felt as far away as the Indo-Chinese peninsula, in Siam, Cambodia, and Annam, though this is doubtful. The infiltration of Islam from the Straits of Malacca into the Southeast Asian archipelago gradually undermined the influence of Majapahit. In 1478 the Muslim coastal state of Demak invaded Majapahit itself, and by the late fifteenth century Majapahit was reduced to little more than an eastern Javanese state with a glorious past.[PARAGRAPH:1]</French>
		<German>[TAB]Majapahit was the last medieval Hindu-Javanese empire to wield much influence in Southeast Asia. When emissaries from Mongol China appeared at Singhasari in 1289, the great warrior-king Kertanagara promptly arrested and expelled them. This provoked a punitive Chinese expedition to eastern Java in 1292; it arrived to find that Kertanagara had been killed in an uprising engineered by a prince of the displaced house of Kadiri. Kertanagara's son Vijaya was forced to flee to a village on the Brantas River named Majapahit (bitter fruit). Vijaya enlisted the support of the newly arrived Chinese forces to drive the Kadiri usurper out of Singhasari and recover the throne. He then compelled his Chinese supporters to withdraw and depart homeward.[PARAGRAPH:1]The village of Majapahit became Vijaya's new capital. Gajah Mada was appointed prime minister in 1331, and under his direction Majapahit filled the political vacuum left by the fall of the Srivijaya empire and the dissolution of its temporary successor, Singhasari. As early as 1365, Majapahit could claim domination over most of Sumatra and the Malay Peninsula. Its hold on the latter extended as far north as Kedah, Langkasuka, and Pantai. Majapahit's influence extended to much of what now comprises Indonesia, extending to territories on the south and west coasts of Borneo, and to southern Celebes and the Moluccas. Some even claim that Majapahit power was felt as far away as the Indo-Chinese peninsula, in Siam, Cambodia, and Annam, though this is doubtful. The infiltration of Islam from the Straits of Malacca into the Southeast Asian archipelago gradually undermined the influence of Majapahit. In 1478 the Muslim coastal state of Demak invaded Majapahit itself, and by the late fifteenth century Majapahit was reduced to little more than an eastern Javanese state with a glorious past.[PARAGRAPH:1]</German>
		<Italian>[TAB]Majapahit was the last medieval Hindu-Javanese empire to wield much influence in Southeast Asia. When emissaries from Mongol China appeared at Singhasari in 1289, the great warrior-king Kertanagara promptly arrested and expelled them. This provoked a punitive Chinese expedition to eastern Java in 1292; it arrived to find that Kertanagara had been killed in an uprising engineered by a prince of the displaced house of Kadiri. Kertanagara's son Vijaya was forced to flee to a village on the Brantas River named Majapahit (bitter fruit). Vijaya enlisted the support of the newly arrived Chinese forces to drive the Kadiri usurper out of Singhasari and recover the throne. He then compelled his Chinese supporters to withdraw and depart homeward.[PARAGRAPH:1]The village of Majapahit became Vijaya's new capital. Gajah Mada was appointed prime minister in 1331, and under his direction Majapahit filled the political vacuum left by the fall of the Srivijaya empire and the dissolution of its temporary successor, Singhasari. As early as 1365, Majapahit could claim domination over most of Sumatra and the Malay Peninsula. Its hold on the latter extended as far north as Kedah, Langkasuka, and Pantai. Majapahit's influence extended to much of what now comprises Indonesia, extending to territories on the south and west coasts of Borneo, and to southern Celebes and the Moluccas. Some even claim that Majapahit power was felt as far away as the Indo-Chinese peninsula, in Siam, Cambodia, and Annam, though this is doubtful. The infiltration of Islam from the Straits of Malacca into the Southeast Asian archipelago gradually undermined the influence of Majapahit. In 1478 the Muslim coastal state of Demak invaded Majapahit itself, and by the late fifteenth century Majapahit was reduced to little more than an eastern Javanese state with a glorious past.[PARAGRAPH:1]</Italian>
		<Spanish>[TAB]Majapahit was the last medieval Hindu-Javanese empire to wield much influence in Southeast Asia. When emissaries from Mongol China appeared at Singhasari in 1289, the great warrior-king Kertanagara promptly arrested and expelled them. This provoked a punitive Chinese expedition to eastern Java in 1292; it arrived to find that Kertanagara had been killed in an uprising engineered by a prince of the displaced house of Kadiri. Kertanagara's son Vijaya was forced to flee to a village on the Brantas River named Majapahit (bitter fruit). Vijaya enlisted the support of the newly arrived Chinese forces to drive the Kadiri usurper out of Singhasari and recover the throne. He then compelled his Chinese supporters to withdraw and depart homeward.[PARAGRAPH:1]The village of Majapahit became Vijaya's new capital. Gajah Mada was appointed prime minister in 1331, and under his direction Majapahit filled the political vacuum left by the fall of the Srivijaya empire and the dissolution of its temporary successor, Singhasari. As early as 1365, Majapahit could claim domination over most of Sumatra and the Malay Peninsula. Its hold on the latter extended as far north as Kedah, Langkasuka, and Pantai. Majapahit's influence extended to much of what now comprises Indonesia, extending to territories on the south and west coasts of Borneo, and to southern Celebes and the Moluccas. Some even claim that Majapahit power was felt as far away as the Indo-Chinese peninsula, in Siam, Cambodia, and Annam, though this is doubtful. The infiltration of Islam from the Straits of Malacca into the Southeast Asian archipelago gradually undermined the influence of Majapahit. In 1478 the Muslim coastal state of Demak invaded Majapahit itself, and by the late fifteenth century Majapahit was reduced to little more than an eastern Javanese state with a glorious past.[PARAGRAPH:1]</Spanish>
	</TEXT>
	<TEXT>
		<Tag>TXT_KEY_CITY_NAME_TROWULAN</Tag>
		<English>Trowulan</English>
		<French>
			<Text>Trowulan</Text>
			<Gender>Male</Gender>
			<Plural>0</Plural>
		</French>
		<German>
			<Text>Trowulan</Text>
			<Gender>Male</Gender>
			<Plural>0</Plural>
		</German>
		<Italian>
			<Text>Trowulan</Text>
			<Gender>Female</Gender>
			<Plural>0</Plural>
		</Italian>
		<Spanish>
			<Text>Trowulan</Text>
			<Gender>Female</Gender>
			<Plural>0</Plural>
		</Spanish>
	</TEXT>
	<TEXT>
		<Tag>TXT_KEY_CITY_NAME_JAKARTA</Tag>
		<English>Jakarta</English>
		<French>
			<Text>Jakarta</Text>
			<Gender>Male</Gender>
			<Plural>0</Plural>
		</French>
		<German>
			<Text>Jakarta</Text>
			<Gender>Male</Gender>
			<Plural>0</Plural>
		</German>
		<Italian>
			<Text>Jakarta</Text>
			<Gender>Female</Gender>
			<Plural>0</Plural>
		</Italian>
		<Spanish>
			<Text>Jakarta</Text>
			<Gender>Female</Gender>
			<Plural>0</Plural>
		</Spanish>
	</TEXT>
	<TEXT>
		<Tag>TXT_KEY_CITY_NAME_ENDE</Tag>
		<English>Ende</English>
		<French>
			<Text>Ende</Text>
			<Gender>Male</Gender>
			<Plural>0</Plural>
		</French>
		<German>
			<Text>Ende</Text>
			<Gender>Male</Gender>
			<Plural>0</Plural>
		</German>
		<Italian>
			<Text>Ende</Text>
			<Gender>Female</Gender>
			<Plural>0</Plural>
		</Italian>
		<Spanish>
			<Text>Ende</Text>
			<Gender>Female</Gender>
			<Plural>0</Plural>
		</Spanish>
	</TEXT>
	<TEXT>
		<Tag>TXT_KEY_CITY_NAME_SURABAYA</Tag>
		<English>Surabaya</English>
		<French>
			<Text>Surabaya</Text>
			<Gender>Male</Gender>
			<Plural>0</Plural>
		</French>
		<German>
			<Text>Surabaya</Text>
			<Gender>Male</Gender>
			<Plural>0</Plural>
		</German>
		<Italian>
			<Text>Surabaya</Text>
			<Gender>Female</Gender>
			<Plural>0</Plural>
		</Italian>
		<Spanish>
			<Text>Surabaya</Text>
			<Gender>Female</Gender>
			<Plural>0</Plural>
		</Spanish>
	</TEXT>
	<TEXT>
		<Tag>TXT_KEY_CITY_NAME_BANDUNG</Tag>
		<English>Bandung</English>
		<French>
			<Text>Bandung</Text>
			<Gender>Male</Gender>
			<Plural>0</Plural>
		</French>
		<German>
			<Text>Bandung</Text>
			<Gender>Male</Gender>
			<Plural>0</Plural>
		</German>
		<Italian>
			<Text>Bandung</Text>
			<Gender>Female</Gender>
			<Plural>0</Plural>
		</Italian>
		<Spanish>
			<Text>Bandung</Text>
			<Gender>Female</Gender>
			<Plural>0</Plural>
		</Spanish>
	</TEXT>
	<TEXT>
		<Tag>TXT_KEY_CITY_NAME_MEDAN</Tag>
		<English>Medan</English>
		<French>
			<Text>Medan</Text>
			<Gender>Male</Gender>
			<Plural>0</Plural>
		</French>
		<German>
			<Text>Medan</Text>
			<Gender>Male</Gender>
			<Plural>0</Plural>
		</German>
		<Italian>
			<Text>Medan</Text>
			<Gender>Female</Gender>
			<Plural>0</Plural>
		</Italian>
		<Spanish>
			<Text>Medan</Text>
			<Gender>Female</Gender>
			<Plural>0</Plural>
		</Spanish>
	</TEXT>
	<TEXT>
		<Tag>TXT_KEY_CITY_NAME_SURABAYA</Tag>
		<English>Surabaya</English>
		<French>
			<Text>Surabaya</Text>
			<Gender>Male</Gender>
			<Plural>0</Plural>
		</French>
		<German>
			<Text>Surabaya</Text>
			<Gender>Male</Gender>
			<Plural>0</Plural>
		</German>
		<Italian>
			<Text>Surabaya</Text>
			<Gender>Female</Gender>
			<Plural>0</Plural>
		</Italian>
		<Spanish>
			<Text>Surabaya</Text>
			<Gender>Female</Gender>
			<Plural>0</Plural>
		</Spanish>
	</TEXT>
	<TEXT>
		<Tag>TXT_KEY_CITY_NAME_BANDUNG</Tag>
		<English>Bandung</English>
		<French>
			<Text>Bandung</Text>
			<Gender>Male</Gender>
			<Plural>0</Plural>
		</French>
		<German>
			<Text>Bandung</Text>
			<Gender>Male</Gender>
			<Plural>0</Plural>
		</German>
		<Italian>
			<Text>Bandung</Text>
			<Gender>Female</Gender>
			<Plural>0</Plural>
		</Italian>
		<Spanish>
			<Text>Bandung</Text>
			<Gender>Female</Gender>
			<Plural>0</Plural>
		</Spanish>
	</TEXT>
	<TEXT>
		<Tag>TXT_KEY_CITY_NAME_MEDAN</Tag>
		<English>Medan</English>
		<French>
			<Text>Medan</Text>
			<Gender>Male</Gender>
			<Plural>0</Plural>
		</French>
		<German>
			<Text>Medan</Text>
			<Gender>Male</Gender>
			<Plural>0</Plural>
		</German>
		<Italian>
			<Text>Medan</Text>
			<Gender>Female</Gender>
			<Plural>0</Plural>
		</Italian>
		<Spanish>
			<Text>Medan</Text>
			<Gender>Female</Gender>
			<Plural>0</Plural>
		</Spanish>
	</TEXT>
	<TEXT>
		<Tag>TXT_KEY_CITY_NAME_BEKASI</Tag>
		<English>Bekasi</English>
		<French>
			<Text>Bekasi</Text>
			<Gender>Male</Gender>
			<Plural>0</Plural>
		</French>
		<German>
			<Text>Bekasi</Text>
			<Gender>Male</Gender>
			<Plural>0</Plural>
		</German>
		<Italian>
			<Text>Bekasi</Text>
			<Gender>Female</Gender>
			<Plural>0</Plural>
		</Italian>
		<Spanish>
			<Text>Bekasi</Text>
			<Gender>Female</Gender>
			<Plural>0</Plural>
		</Spanish>
	</TEXT>
	<TEXT>
		<Tag>TXT_KEY_CITY_NAME_PALEMBANG</Tag>
		<English>Palembang</English>
		<French>
			<Text>Palembang</Text>
			<Gender>Male</Gender>
			<Plural>0</Plural>
		</French>
		<German>
			<Text>Palembang</Text>
			<Gender>Male</Gender>
			<Plural>0</Plural>
		</German>
		<Italian>
			<Text>Palembang</Text>
			<Gender>Female</Gender>
			<Plural>0</Plural>
		</Italian>
		<Spanish>
			<Text>Palembang</Text>
			<Gender>Female</Gender>
			<Plural>0</Plural>
		</Spanish>
	</TEXT>
	<TEXT>
		<Tag>TXT_KEY_CITY_NAME_SEMARANG</Tag>
		<English>Semarang</English>
		<French>
			<Text>Semarang</Text>
			<Gender>Male</Gender>
			<Plural>0</Plural>
		</French>
		<German>
			<Text>Semarang</Text>
			<Gender>Male</Gender>
			<Plural>0</Plural>
		</German>
		<Italian>
			<Text>Semarang</Text>
			<Gender>Female</Gender>
			<Plural>0</Plural>
		</Italian>
		<Spanish>
			<Text>Semarang</Text>
			<Gender>Female</Gender>
			<Plural>0</Plural>
		</Spanish>
	</TEXT>
	<TEXT>
		<Tag>TXT_KEY_CITY_NAME_TRANGERANG</Tag>
		<English>Trangerang</English>
		<French>
			<Text>Trangerang</Text>
			<Gender>Male</Gender>
			<Plural>0</Plural>
		</French>
		<German>
			<Text>Trangerang</Text>
			<Gender>Male</Gender>
			<Plural>0</Plural>
		</German>
		<Italian>
			<Text>Trangerang</Text>
			<Gender>Female</Gender>
			<Plural>0</Plural>
		</Italian>
		<Spanish>
			<Text>Trangerang</Text>
			<Gender>Female</Gender>
			<Plural>0</Plural>
		</Spanish>
	</TEXT>
	<TEXT>
		<Tag>TXT_KEY_CITY_NAME_DEPOK</Tag>
		<English>Depok</English>
		<French>
			<Text>Depok</Text>
			<Gender>Male</Gender>
			<Plural>0</Plural>
		</French>
		<German>
			<Text>Depok</Text>
			<Gender>Male</Gender>
			<Plural>0</Plural>
		</German>
		<Italian>
			<Text>Depok</Text>
			<Gender>Female</Gender>
			<Plural>0</Plural>
		</Italian>
		<Spanish>
			<Text>Depok</Text>
			<Gender>Female</Gender>
			<Plural>0</Plural>
		</Spanish>
	</TEXT>
	<TEXT>
		<Tag>TXT_KEY_CITY_NAME_UJUNGPANDANG</Tag>
		<English>Ujungpandang</English>
		<French>
			<Text>Ujungpandang</Text>
			<Gender>Male</Gender>
			<Plural>0</Plural>
		</French>
		<German>
			<Text>Ujungpandang</Text>
			<Gender>Male</Gender>
			<Plural>0</Plural>
		</German>
		<Italian>
			<Text>Ujungpandang</Text>
			<Gender>Female</Gender>
			<Plural>0</Plural>
		</Italian>
		<Spanish>
			<Text>Ujungpandang</Text>
			<Gender>Female</Gender>
			<Plural>0</Plural>
		</Spanish>
	</TEXT>
	<TEXT>
		<Tag>TXT_KEY_CITY_NAME_MALANG</Tag>
		<English>Malang</English>
		<French>
			<Text>Malang</Text>
			<Gender>Male</Gender>
			<Plural>0</Plural>
		</French>
		<German>
			<Text>Malang</Text>
			<Gender>Male</Gender>
			<Plural>0</Plural>
		</German>
		<Italian>
			<Text>Malang</Text>
			<Gender>Female</Gender>
			<Plural>0</Plural>
		</Italian>
		<Spanish>
			<Text>Malang</Text>
			<Gender>Female</Gender>
			<Plural>0</Plural>
		</Spanish>
	</TEXT>
	<TEXT>
		<Tag>TXT_KEY_CITY_NAME_BOGOR</Tag>
		<English>Bogor</English>
		<French>
			<Text>Bogor</Text>
			<Gender>Male</Gender>
			<Plural>0</Plural>
		</French>
		<German>
			<Text>Bogor</Text>
			<Gender>Male</Gender>
			<Plural>0</Plural>
		</German>
		<Italian>
			<Text>Bogor</Text>
			<Gender>Female</Gender>
			<Plural>0</Plural>
		</Italian>
		<Spanish>
			<Text>Bogor</Text>
			<Gender>Female</Gender>
			<Plural>0</Plural>
		</Spanish>
	</TEXT>
	<TEXT>
		<Tag>TXT_KEY_CITY_NAME_BANDAR_LAMPUNG</Tag>
		<English>Bandar Lampung</English>
		<French>
			<Text>Bandar Lampung</Text>
			<Gender>Male</Gender>
			<Plural>0</Plural>
		</French>
		<German>
			<Text>Bandar Lampung</Text>
			<Gender>Male</Gender>
			<Plural>0</Plural>
		</German>
		<Italian>
			<Text>Bandar Lampung</Text>
			<Gender>Female</Gender>
			<Plural>0</Plural>
		</Italian>
		<Spanish>
			<Text>Bandar Lampung</Text>
			<Gender>Female</Gender>
			<Plural>0</Plural>
		</Spanish>
	</TEXT>
	<TEXT>
		<Tag>TXT_KEY_CITY_NAME_PADANG</Tag>
		<English>Padang</English>
		<French>
			<Text>Padang</Text>
			<Gender>Male</Gender>
			<Plural>0</Plural>
		</French>
		<German>
			<Text>Padang</Text>
			<Gender>Male</Gender>
			<Plural>0</Plural>
		</German>
		<Italian>
			<Text>Padang</Text>
			<Gender>Female</Gender>
			<Plural>0</Plural>
		</Italian>
		<Spanish>
			<Text>Padang</Text>
			<Gender>Female</Gender>
			<Plural>0</Plural>
		</Spanish>
	</TEXT>
	<TEXT>
		<Tag>TXT_KEY_CITY_NAME_KAMPUNG_MEDAN</Tag>
		<English>Kampung Medan</English>
		<French>
			<Text>Kampung Medan</Text>
			<Gender>Male</Gender>
			<Plural>0</Plural>
		</French>
		<German>
			<Text>Kampung Medan</Text>
			<Gender>Male</Gender>
			<Plural>0</Plural>
		</German>
		<Italian>
			<Text>Kampung Medan</Text>
			<Gender>Female</Gender>
			<Plural>0</Plural>
		</Italian>
		<Spanish>
			<Text>Kampung Medan</Text>
			<Gender>Female</Gender>
			<Plural>0</Plural>
		</Spanish>
	</TEXT>
	<TEXT>
		<Tag>TXT_KEY_CITY_NAME_KOTA_BATU</Tag>
		<English>Kota Batu</English>
		<French>
			<Text>Kota Batu</Text>
			<Gender>Male</Gender>
			<Plural>0</Plural>
		</French>
		<German>
			<Text>Kota Batu</Text>
			<Gender>Male</Gender>
			<Plural>0</Plural>
		</German>
		<Italian>
			<Text>Kota Batu</Text>
			<Gender>Female</Gender>
			<Plural>0</Plural>
		</Italian>
		<Spanish>
			<Text>Kota Batu</Text>
			<Gender>Female</Gender>
			<Plural>0</Plural>
		</Spanish>
	</TEXT>
	<TEXT>
		<Tag>TXT_KEY_CITY_NAME_SIBU</Tag>
		<English>Sibu</English>
		<French>
			<Text>Sibu</Text>
			<Gender>Male</Gender>
			<Plural>0</Plural>
		</French>
		<German>
			<Text>Sibu</Text>
			<Gender>Male</Gender>
			<Plural>0</Plural>
		</German>
		<Italian>
			<Text>Sibu</Text>
			<Gender>Female</Gender>
			<Plural>0</Plural>
		</Italian>
		<Spanish>
			<Text>Sibu</Text>
			<Gender>Female</Gender>
			<Plural>0</Plural>
		</Spanish>
	</TEXT>
	<TEXT>
		<Tag>TXT_KEY_CITY_NAME_AITAPE</Tag>
		<English>Aitape</English>
		<French>
			<Text>Aitape</Text>
			<Gender>Male</Gender>
			<Plural>0</Plural>
		</French>
		<German>
			<Text>Aitape</Text>
			<Gender>Male</Gender>
			<Plural>0</Plural>
		</German>
		<Italian>
			<Text>Aitape</Text>
			<Gender>Female</Gender>
			<Plural>0</Plural>
		</Italian>
		<Spanish>
			<Text>Aitape</Text>
			<Gender>Female</Gender>
			<Plural>0</Plural>
		</Spanish>
	</TEXT>
	<TEXT>
		<Tag>TXT_KEY_CITY_NAME_CEBU</Tag>
		<English>Cebu</English>
		<French>
			<Text>Cebu</Text>
			<Gender>Male</Gender>
			<Plural>0</Plural>
		</French>
		<German>
			<Text>Cebu</Text>
			<Gender>Male</Gender>
			<Plural>0</Plural>
		</German>
		<Italian>
			<Text>Cebu</Text>
			<Gender>Female</Gender>
			<Plural>0</Plural>
		</Italian>
		<Spanish>
			<Text>Cebu</Text>
			<Gender>Female</Gender>
			<Plural>0</Plural>
		</Spanish>
	</TEXT>
	<TEXT>
		<Tag>TXT_KEY_CITY_NAME_OKABA</Tag>
		<English>Okaba</English>
		<French>
			<Text>Okaba</Text>
			<Gender>Male</Gender>
			<Plural>0</Plural>
		</French>
		<German>
			<Text>Okaba</Text>
			<Gender>Male</Gender>
			<Plural>0</Plural>
		</German>
		<Italian>
			<Text>Okaba</Text>
			<Gender>Female</Gender>
			<Plural>0</Plural>
		</Italian>
		<Spanish>
			<Text>Okaba</Text>
			<Gender>Female</Gender>
			<Plural>0</Plural>
		</Spanish>
	</TEXT>
	<TEXT>
		<Tag>TXT_KEY_CITY_NAME_TUBU</Tag>
		<English>Tubu</English>
		<French>
			<Text>Tubu</Text>
			<Gender>Male</Gender>
			<Plural>0</Plural>
		</French>
		<German>
			<Text>Tubu</Text>
			<Gender>Male</Gender>
			<Plural>0</Plural>
		</German>
		<Italian>
			<Text>Tubu</Text>
			<Gender>Female</Gender>
			<Plural>0</Plural>
		</Italian>
		<Spanish>
			<Text>Tubu</Text>
			<Gender>Female</Gender>
			<Plural>0</Plural>
		</Spanish>
	</TEXT>
	<TEXT>
		<Tag>TXT_KEY_CITY_NAME_TUAMOTU</Tag>
		<English>Tuamotu</English>
		<French>
			<Text>Tuamotu</Text>
			<Gender>Male</Gender>
			<Plural>0</Plural>
		</French>
		<German>
			<Text>Tuamotu</Text>
			<Gender>Male</Gender>
			<Plural>0</Plural>
		</German>
		<Italian>
			<Text>Tuamotu</Text>
			<Gender>Female</Gender>
			<Plural>0</Plural>
		</Italian>
		<Spanish>
			<Text>Tuamotu</Text>
			<Gender>Female</Gender>
			<Plural>0</Plural>
		</Spanish>
	</TEXT>
	<TEXT>
		<Tag>TXT_KEY_CITY_NAME_ATUONA</Tag>
		<English>Atuona</English>
		<French>
			<Text>Atuona</Text>
			<Gender>Male</Gender>
			<Plural>0</Plural>
		</French>
		<German>
			<Text>Atuona</Text>
			<Gender>Male</Gender>
			<Plural>0</Plural>
		</German>
		<Italian>
			<Text>Atuona</Text>
			<Gender>Female</Gender>
			<Plural>0</Plural>
		</Italian>
		<Spanish>
			<Text>Atuona</Text>
			<Gender>Female</Gender>
			<Plural>0</Plural>
		</Spanish>
	</TEXT>
	<TEXT>
		<Tag>TXT_KEY_CITY_NAME_TUPAI</Tag>
		<English>Tupai</English>
		<French>
			<Text>Tupai</Text>
			<Gender>Male</Gender>
			<Plural>0</Plural>
		</French>
		<German>
			<Text>Tupai</Text>
			<Gender>Male</Gender>
			<Plural>0</Plural>
		</German>
		<Italian>
			<Text>Tupai</Text>
			<Gender>Female</Gender>
			<Plural>0</Plural>
		</Italian>
		<Spanish>
			<Text>Tupai</Text>
			<Gender>Female</Gender>
			<Plural>0</Plural>
		</Spanish>
	</TEXT>
	<TEXT>
		<Tag>TXT_KEY_CITY_NAME_ORONA</Tag>
		<English>Orona</English>
		<French>
			<Text>Orona</Text>
			<Gender>Male</Gender>
			<Plural>0</Plural>
		</French>
		<German>
			<Text>Orona</Text>
			<Gender>Male</Gender>
			<Plural>0</Plural>
		</German>
		<Italian>
			<Text>Orona</Text>
			<Gender>Female</Gender>
			<Plural>0</Plural>
		</Italian>
		<Spanish>
			<Text>Orona</Text>
			<Gender>Female</Gender>
			<Plural>0</Plural>
		</Spanish>
	</TEXT>
	<TEXT>
		<Tag>TXT_KEY_CITY_NAME_NUKUMANU_ATOLL</Tag>
		<English>Nukumanu Atoll</English>
		<French>
			<Text>Nukumanu Atoll</Text>
			<Gender>Male</Gender>
			<Plural>0</Plural>
		</French>
		<German>
			<Text>Nukumanu Atoll</Text>
			<Gender>Male</Gender>
			<Plural>0</Plural>
		</German>
		<Italian>
			<Text>Nukumanu Atoll</Text>
			<Gender>Female</Gender>
			<Plural>0</Plural>
		</Italian>
		<Spanish>
			<Text>Nukumanu Atoll</Text>
			<Gender>Female</Gender>
			<Plural>0</Plural>
		</Spanish>
	</TEXT>
	<TEXT>
		<Tag>TXT_KEY_CITY_NAME_HALMAHERA</Tag>
		<English>Halmahera</English>
		<French>
			<Text>Halmahera</Text>
			<Gender>Male</Gender>
			<Plural>0</Plural>
		</French>
		<German>
			<Text>Halmahera</Text>
			<Gender>Male</Gender>
			<Plural>0</Plural>
		</German>
		<Italian>
			<Text>Halmahera</Text>
			<Gender>Female</Gender>
			<Plural>0</Plural>
		</Italian>
		<Spanish>
			<Text>Halmahera</Text>
			<Gender>Female</Gender>
			<Plural>0</Plural>
		</Spanish>
	</TEXT>
	<TEXT>
		<Tag>TXT_KEY_CITY_NAME_VANUATU</Tag>
		<English>Vanuatu</English>
		<French>
			<Text>Vanuatu</Text>
			<Gender>Male</Gender>
			<Plural>0</Plural>
		</French>
		<German>
			<Text>Vanuatu</Text>
			<Gender>Male</Gender>
			<Plural>0</Plural>
		</German>
		<Italian>
			<Text>Vanuatu</Text>
			<Gender>Female</Gender>
			<Plural>0</Plural>
		</Italian>
		<Spanish>
			<Text>Vanuatu</Text>
			<Gender>Female</Gender>
			<Plural>0</Plural>
		</Spanish>
	</TEXT>
	<TEXT>
		<Tag>TXT_KEY_CITY_NAME_TUVALU</Tag>
		<English>Tuvalu</English>
		<French>
			<Text>Tuvalu</Text>
			<Gender>Male</Gender>
			<Plural>0</Plural>
		</French>
		<German>
			<Text>Tuvalu</Text>
			<Gender>Male</Gender>
			<Plural>0</Plural>
		</German>
		<Italian>
			<Text>Tuvalu</Text>
			<Gender>Female</Gender>
			<Plural>0</Plural>
		</Italian>
		<Spanish>
			<Text>Tuvalu</Text>
			<Gender>Female</Gender>
			<Plural>0</Plural>
		</Spanish>
	</TEXT>
	<TEXT>
		<Tag>TXT_KEY_CITY_NAME_PEKANBARU</Tag>
		<English>Pekanbaru</English>
		<French>
			<Text>Pekanbaru</Text>
			<Gender>Male</Gender>
			<Plural>0</Plural>
		</French>
		<German>
			<Text>Pekanbaru</Text>
			<Gender>Male</Gender>
			<Plural>0</Plural>
		</German>
		<Italian>
			<Text>Pekanbaru</Text>
			<Gender>Female</Gender>
			<Plural>0</Plural>
		</Italian>
		<Spanish>
			<Text>Pekanbaru</Text>
			<Gender>Female</Gender>
			<Plural>0</Plural>
		</Spanish>
	</TEXT>
	<TEXT>
		<Tag>TXT_KEY_CITY_NAME_DENPASAR</Tag>
		<English>Denpasar</English>
		<French>
			<Text>Denpasar</Text>
			<Gender>Male</Gender>
			<Plural>0</Plural>
		</French>
		<German>
			<Text>Denpasar</Text>
			<Gender>Male</Gender>
			<Plural>0</Plural>
		</German>
		<Italian>
			<Text>Denpasar</Text>
			<Gender>Female</Gender>
			<Plural>0</Plural>
		</Italian>
		<Spanish>
			<Text>Denpasar</Text>
			<Gender>Female</Gender>
			<Plural>0</Plural>
		</Spanish>
	</TEXT>
	<TEXT>
		<Tag>TXT_KEY_CITY_NAME_BANJARMASIN</Tag>
		<English>Banjarmasin</English>
		<French>
			<Text>Banjarmasin</Text>
			<Gender>Male</Gender>
			<Plural>0</Plural>
		</French>
		<German>
			<Text>Banjarmasin</Text>
			<Gender>Male</Gender>
			<Plural>0</Plural>
		</German>
		<Italian>
			<Text>Banjarmasin</Text>
			<Gender>Female</Gender>
			<Plural>0</Plural>
		</Italian>
		<Spanish>
			<Text>Banjarmasin</Text>
			<Gender>Female</Gender>
			<Plural>0</Plural>
		</Spanish>
	</TEXT>
	<TEXT>
		<Tag>TXT_KEY_CITY_NAME_SAMARINDA</Tag>
		<English>Samarinda</English>
		<French>
			<Text>Samarinda</Text>
			<Gender>Male</Gender>
			<Plural>0</Plural>
		</French>
		<German>
			<Text>Samarinda</Text>
			<Gender>Male</Gender>
			<Plural>0</Plural>
		</German>
		<Italian>
			<Text>Samarinda</Text>
			<Gender>Female</Gender>
			<Plural>0</Plural>
		</Italian>
		<Spanish>
			<Text>Samarinda</Text>
			<Gender>Female</Gender>
			<Plural>0</Plural>
		</Spanish>
	</TEXT>
	<TEXT>
		<Tag>TXT_KEY_CITY_NAME_TASIKMALAYA</Tag>
		<English>Tasikmalaya</English>
		<French>
			<Text>Tasikmalaya</Text>
			<Gender>Male</Gender>
			<Plural>0</Plural>
		</French>
		<German>
			<Text>Tasikmalaya</Text>
			<Gender>Male</Gender>
			<Plural>0</Plural>
		</German>
		<Italian>
			<Text>Tasikmalaya</Text>
			<Gender>Female</Gender>
			<Plural>0</Plural>
		</Italian>
		<Spanish>
			<Text>Tasikmalaya</Text>
			<Gender>Female</Gender>
			<Plural>0</Plural>
		</Spanish>
	</TEXT>
	<TEXT>
		<Tag>TXT_KEY_CITY_NAME_SURAKARTA</Tag>
		<English>Surakarta</English>
		<French>
			<Text>Surakarta</Text>
			<Gender>Male</Gender>
			<Plural>0</Plural>
		</French>
		<German>
			<Text>Surakarta</Text>
			<Gender>Male</Gender>
			<Plural>0</Plural>
		</German>
		<Italian>
			<Text>Surakarta</Text>
			<Gender>Female</Gender>
			<Plural>0</Plural>
		</Italian>
		<Spanish>
			<Text>Surakarta</Text>
			<Gender>Female</Gender>
			<Plural>0</Plural>
		</Spanish>
	</TEXT>
	<TEXT>
		<Tag>TXT_KEY_CITY_NAME_PONTIANAK</Tag>
		<English>Pontianak</English>
		<French>
			<Text>Pontianak</Text>
			<Gender>Male</Gender>
			<Plural>0</Plural>
		</French>
		<German>
			<Text>Pontianak</Text>
			<Gender>Male</Gender>
			<Plural>0</Plural>
		</German>
		<Italian>
			<Text>Pontianak</Text>
			<Gender>Female</Gender>
			<Plural>0</Plural>
		</Italian>
		<Spanish>
			<Text>Pontianak</Text>
			<Gender>Female</Gender>
			<Plural>0</Plural>
		</Spanish>
	</TEXT>
	<TEXT>
		<Tag>TXT_KEY_CITY_NAME_BATAM</Tag>
		<English>Batam</English>
		<French>
			<Text>Batam</Text>
			<Gender>Male</Gender>
			<Plural>0</Plural>
		</French>
		<German>
			<Text>Batam</Text>
			<Gender>Male</Gender>
			<Plural>0</Plural>
		</German>
		<Italian>
			<Text>Batam</Text>
			<Gender>Female</Gender>
			<Plural>0</Plural>
		</Italian>
		<Spanish>
			<Text>Batam</Text>
			<Gender>Female</Gender>
			<Plural>0</Plural>
		</Spanish>
	</TEXT>
	<TEXT>
		<Tag>TXT_KEY_CITY_NAME_CIMAHI</Tag>
		<English>Cimahi</English>
		<French>
			<Text>Cimahi</Text>
			<Gender>Male</Gender>
			<Plural>0</Plural>
		</French>
		<German>
			<Text>Cimahi</Text>
			<Gender>Male</Gender>
			<Plural>0</Plural>
		</German>
		<Italian>
			<Text>Cimahi</Text>
			<Gender>Female</Gender>
			<Plural>0</Plural>
		</Italian>
		<Spanish>
			<Text>Cimahi</Text>
			<Gender>Female</Gender>
			<Plural>0</Plural>
		</Spanish>
	</TEXT>
	<TEXT>
		<Tag>TXT_KEY_CITY_NAME_JAMBI</Tag>
		<English>Jambi</English>
		<French>
			<Text>Jambi</Text>
			<Gender>Male</Gender>
			<Plural>0</Plural>
		</French>
		<German>
			<Text>Jambi</Text>
			<Gender>Male</Gender>
			<Plural>0</Plural>
		</German>
		<Italian>
			<Text>Jambi</Text>
			<Gender>Female</Gender>
			<Plural>0</Plural>
		</Italian>
		<Spanish>
			<Text>Jambi</Text>
			<Gender>Female</Gender>
			<Plural>0</Plural>
		</Spanish>
	</TEXT>
	<TEXT>
		<Tag>TXT_KEY_CITY_NAME_BALIKPAPAN</Tag>
		<English>Balikpapan</English>
		<French>
			<Text>Balikpapan</Text>
			<Gender>Male</Gender>
			<Plural>0</Plural>
		</French>
		<German>
			<Text>Balikpapan</Text>
			<Gender>Male</Gender>
			<Plural>0</Plural>
		</German>
		<Italian>
			<Text>Balikpapan</Text>
			<Gender>Female</Gender>
			<Plural>0</Plural>
		</Italian>
		<Spanish>
			<Text>Balikpapan</Text>
			<Gender>Female</Gender>
			<Plural>0</Plural>
		</Spanish>
	</TEXT>
	<TEXT>
		<Tag>TXT_KEY_CITY_NAME_YOGYAKARTA</Tag>
		<English>Yogyakarta</English>
		<French>
			<Text>Yogyakarta</Text>
			<Gender>Male</Gender>
			<Plural>0</Plural>
		</French>
		<German>
			<Text>Yogyakarta</Text>
			<Gender>Male</Gender>
			<Plural>0</Plural>
		</German>
		<Italian>
			<Text>Yogyakarta</Text>
			<Gender>Female</Gender>
			<Plural>0</Plural>
		</Italian>
		<Spanish>
			<Text>Yogyakarta</Text>
			<Gender>Female</Gender>
			<Plural>0</Plural>
		</Spanish>
	</TEXT>
	<TEXT>
		<Tag>TXT_KEY_CITY_NAME_MANADA</Tag>
		<English>Manada</English>
		<French>
			<Text>Manada</Text>
			<Gender>Male</Gender>
			<Plural>0</Plural>
		</French>
		<German>
			<Text>Manada</Text>
			<Gender>Male</Gender>
			<Plural>0</Plural>
		</German>
		<Italian>
			<Text>Manada</Text>
			<Gender>Female</Gender>
			<Plural>0</Plural>
		</Italian>
		<Spanish>
			<Text>Manada</Text>
			<Gender>Female</Gender>
			<Plural>0</Plural>
		</Spanish>
	</TEXT>
	<TEXT>
		<Tag>TXT_KEY_CITY_NAME_MATARAM</Tag>
		<English>Mataram</English>
		<French>
			<Text>Mataram</Text>
			<Gender>Male</Gender>
			<Plural>0</Plural>
		</French>
		<German>
			<Text>Mataram</Text>
			<Gender>Male</Gender>
			<Plural>0</Plural>
		</German>
		<Italian>
			<Text>Mataram</Text>
			<Gender>Female</Gender>
			<Plural>0</Plural>
		</Italian>
		<Spanish>
			<Text>Mataram</Text>
			<Gender>Female</Gender>
			<Plural>0</Plural>
		</Spanish>
	</TEXT>
	<TEXT>
		<Tag>TXT_KEY_CITY_NAME_CILEGON</Tag>
		<English>Cilegon</English>
		<French>
			<Text>Cilegon</Text>
			<Gender>Male</Gender>
			<Plural>0</Plural>
		</French>
		<German>
			<Text>Cilegon</Text>
			<Gender>Male</Gender>
			<Plural>0</Plural>
		</German>
		<Italian>
			<Text>Cilegon</Text>
			<Gender>Female</Gender>
			<Plural>0</Plural>
		</Italian>
		<Spanish>
			<Text>Cilegon</Text>
			<Gender>Female</Gender>
			<Plural>0</Plural>
		</Spanish>
	</TEXT>
	<TEXT>
		<Tag>TXT_KEY_CITY_NAME_BENGKULU</Tag>
		<English>Bengkulu</English>
		<French>
			<Text>Bengkulu</Text>
			<Gender>Male</Gender>
			<Plural>0</Plural>
		</French>
		<German>
			<Text>Bengkulu</Text>
			<Gender>Male</Gender>
			<Plural>0</Plural>
		</German>
		<Italian>
			<Text>Bengkulu</Text>
			<Gender>Female</Gender>
			<Plural>0</Plural>
		</Italian>
		<Spanish>
			<Text>Bengkulu</Text>
			<Gender>Female</Gender>
			<Plural>0</Plural>
		</Spanish>
	</TEXT>
</Civ4GameText>	