<?xml version="1.0" encoding="ISO-8859-1"?>
<!-- Sid Meier's Civilization 4 Beyond the Sword -->
<!-- Modified by the Civ Gold Team -->
<!-- -->
<Civ4GameText xmlns="http://www.firaxis.com">
	<TEXT>
		<Tag>TXT_KEY_LEADER_ALOOMA</Tag>
		<English>Alooma</English>
		<French>
			<Text>Alooma</Text>
			<Gender>Male</Gender>
			<Plural>0</Plural>
		</French>
		<German>
			<Text>Alooma</Text>
			<Gender>Male</Gender>
			<Plural>0</Plural>
		</German>
		<Italian>
			<Text>Alooma</Text>
			<Gender>Male</Gender>
			<Plural>0</Plural>
		</Italian>
		<Spanish>
			<Text>Alooma</Text>
			<Gender>Male</Gender>
			<Plural>0</Plural>
		</Spanish>
	</TEXT>
	<TEXT>
		<Tag>TXT_KEY_LEADER_ALOOMA_PEDIA</Tag>
		<English>[H1]Alooma[\H1][NEWLINE][BOLD]Mai of the Kanem-Bornu Empire[\BOLD][NEWLINE][BOLD]Lived: [\BOLD]1571 - 1603[NEWLINE][PARAGRAPH:2][BOLD]Background:[\BOLD][NEWLINE][TAB]Idris Alooma was mai (king) of the Kanem-Bornu Empire, located mainly in Chad and Nigeria. An outstanding statesman, under his rule (1571-1603) Kanem-Bornu touched the zenith of its power. Idris is remembered for his military skills, administrative reforms, and Islamic piety. His feats are mainly known through his chronicler Ahmad bin Fartuwa.[PARAGRAPH:1]His main adversaries were the Hausa to the west, the Tuareg and Toubou to the north, and the Bulala to the east. One epic poem extols his victories in 330 wars and more than 1,000 battles. His innovations included the employment of fixed military camps (with walls); permanent sieges and "scorched earth" tactics, where soldiers burned everything in their path; armored horses and riders; and the use of Berber camelry, Kotoko boatmen, and iron-helmeted musketeers trained by Turkish military advisers. His active diplomacy featured relations with Tripoli, Egypt, and the Ottoman Empire, which sent a 200-member ambassadorial party across the desert to Alooma's court at Ngazargamu. Alooma also signed what was probably the first written treaty or cease-fire in Chadian history.[PARAGRAPH:1]Alooma introduced a number of legal and administrative reforms based on his religious beliefs and Islamic law (sharia). He sponsored the construction of numerous mosques and made a pilgrimage to Mecca, where he arranged for the establishment of a hostel to be used by pilgrims from his empire. As with other dynamic politicians, Alooma's reformist goals led him to seek loyal and competent advisers and allies, and he frequently relied on slaves who had been educated in noble homes. Alooma regularly sought advice from a council composed of heads of the most important clans. He required major political figures to live at the court, and he reinforced political alliances through appropriate marriages (Alooma himself was the son of a Kanuri father and a Bulala mother).[PARAGRAPH:1]Kanem-Bornu under Alooma was strong and wealthy. Government revenue came from tribute (or booty, if the recalcitrant people had to be conquered), sales of slaves, and duties on and participation in trans-Saharan trade. Unlike West Africa, the Chadian region did not have gold. Still, it was central to one of the most convenient trans-Saharan routes. Between Lake Chad and Fezzan lay a sequence of well-spaced wells and oases, and from Fezzan there were easy connections to North Africa and the Mediterranean Sea. Many products were sent north, including natron (sodium carbonate), cotton, kola nuts, ivory, ostrich feathers, perfume, wax, and hides, but the most important of all were slaves. Imports included salt, horses, silks, glass, muskets, and copper.[PARAGRAPH:1]Alooma took a keen interest in trade and other economic matters. He is credited with having the roads cleared, designing better boats for Lake Chad, introducing standard units of measure for grain, and moving farmers into new lands. In addition, he improved the ease and security of transit through the empire with the goal of making it so safe that "a lone woman clad in gold might walk with none to fear but God.</English>
		<French>[H1]Alooma[\H1][NEWLINE][BOLD]Mai of the Kanem-Bornu Empire[\BOLD][NEWLINE][BOLD]Lived: [\BOLD]1571 - 1603[NEWLINE][PARAGRAPH:2][BOLD]Background:[\BOLD][NEWLINE][TAB]Idris Alooma was mai (king) of the Kanem-Bornu Empire, located mainly in Chad and Nigeria. An outstanding statesman, under his rule (1571-1603) Kanem-Bornu touched the zenith of its power. Idris is remembered for his military skills, administrative reforms, and Islamic piety. His feats are mainly known through his chronicler Ahmad bin Fartuwa.[PARAGRAPH:1]His main adversaries were the Hausa to the west, the Tuareg and Toubou to the north, and the Bulala to the east. One epic poem extols his victories in 330 wars and more than 1,000 battles. His innovations included the employment of fixed military camps (with walls); permanent sieges and "scorched earth" tactics, where soldiers burned everything in their path; armored horses and riders; and the use of Berber camelry, Kotoko boatmen, and iron-helmeted musketeers trained by Turkish military advisers. His active diplomacy featured relations with Tripoli, Egypt, and the Ottoman Empire, which sent a 200-member ambassadorial party across the desert to Alooma's court at Ngazargamu. Alooma also signed what was probably the first written treaty or cease-fire in Chadian history.[PARAGRAPH:1]Alooma introduced a number of legal and administrative reforms based on his religious beliefs and Islamic law (sharia). He sponsored the construction of numerous mosques and made a pilgrimage to Mecca, where he arranged for the establishment of a hostel to be used by pilgrims from his empire. As with other dynamic politicians, Alooma's reformist goals led him to seek loyal and competent advisers and allies, and he frequently relied on slaves who had been educated in noble homes. Alooma regularly sought advice from a council composed of heads of the most important clans. He required major political figures to live at the court, and he reinforced political alliances through appropriate marriages (Alooma himself was the son of a Kanuri father and a Bulala mother).[PARAGRAPH:1]Kanem-Bornu under Alooma was strong and wealthy. Government revenue came from tribute (or booty, if the recalcitrant people had to be conquered), sales of slaves, and duties on and participation in trans-Saharan trade. Unlike West Africa, the Chadian region did not have gold. Still, it was central to one of the most convenient trans-Saharan routes. Between Lake Chad and Fezzan lay a sequence of well-spaced wells and oases, and from Fezzan there were easy connections to North Africa and the Mediterranean Sea. Many products were sent north, including natron (sodium carbonate), cotton, kola nuts, ivory, ostrich feathers, perfume, wax, and hides, but the most important of all were slaves. Imports included salt, horses, silks, glass, muskets, and copper.[PARAGRAPH:1]Alooma took a keen interest in trade and other economic matters. He is credited with having the roads cleared, designing better boats for Lake Chad, introducing standard units of measure for grain, and moving farmers into new lands. In addition, he improved the ease and security of transit through the empire with the goal of making it so safe that "a lone woman clad in gold might walk with none to fear but God.</French>
		<German>[H1]Alooma[\H1][NEWLINE][BOLD]Mai of the Kanem-Bornu Empire[\BOLD][NEWLINE][BOLD]Lived: [\BOLD]1571 - 1603[NEWLINE][PARAGRAPH:2][BOLD]Background:[\BOLD][NEWLINE][TAB]Idris Alooma was mai (king) of the Kanem-Bornu Empire, located mainly in Chad and Nigeria. An outstanding statesman, under his rule (1571-1603) Kanem-Bornu touched the zenith of its power. Idris is remembered for his military skills, administrative reforms, and Islamic piety. His feats are mainly known through his chronicler Ahmad bin Fartuwa.[PARAGRAPH:1]His main adversaries were the Hausa to the west, the Tuareg and Toubou to the north, and the Bulala to the east. One epic poem extols his victories in 330 wars and more than 1,000 battles. His innovations included the employment of fixed military camps (with walls); permanent sieges and "scorched earth" tactics, where soldiers burned everything in their path; armored horses and riders; and the use of Berber camelry, Kotoko boatmen, and iron-helmeted musketeers trained by Turkish military advisers. His active diplomacy featured relations with Tripoli, Egypt, and the Ottoman Empire, which sent a 200-member ambassadorial party across the desert to Alooma's court at Ngazargamu. Alooma also signed what was probably the first written treaty or cease-fire in Chadian history.[PARAGRAPH:1]Alooma introduced a number of legal and administrative reforms based on his religious beliefs and Islamic law (sharia). He sponsored the construction of numerous mosques and made a pilgrimage to Mecca, where he arranged for the establishment of a hostel to be used by pilgrims from his empire. As with other dynamic politicians, Alooma's reformist goals led him to seek loyal and competent advisers and allies, and he frequently relied on slaves who had been educated in noble homes. Alooma regularly sought advice from a council composed of heads of the most important clans. He required major political figures to live at the court, and he reinforced political alliances through appropriate marriages (Alooma himself was the son of a Kanuri father and a Bulala mother).[PARAGRAPH:1]Kanem-Bornu under Alooma was strong and wealthy. Government revenue came from tribute (or booty, if the recalcitrant people had to be conquered), sales of slaves, and duties on and participation in trans-Saharan trade. Unlike West Africa, the Chadian region did not have gold. Still, it was central to one of the most convenient trans-Saharan routes. Between Lake Chad and Fezzan lay a sequence of well-spaced wells and oases, and from Fezzan there were easy connections to North Africa and the Mediterranean Sea. Many products were sent north, including natron (sodium carbonate), cotton, kola nuts, ivory, ostrich feathers, perfume, wax, and hides, but the most important of all were slaves. Imports included salt, horses, silks, glass, muskets, and copper.[PARAGRAPH:1]Alooma took a keen interest in trade and other economic matters. He is credited with having the roads cleared, designing better boats for Lake Chad, introducing standard units of measure for grain, and moving farmers into new lands. In addition, he improved the ease and security of transit through the empire with the goal of making it so safe that "a lone woman clad in gold might walk with none to fear but God.</German>
		<Italian>[H1]Alooma[\H1][NEWLINE][BOLD]Mai of the Kanem-Bornu Empire[\BOLD][NEWLINE][BOLD]Lived: [\BOLD]1571 - 1603[NEWLINE][PARAGRAPH:2][BOLD]Background:[\BOLD][NEWLINE][TAB]Idris Alooma was mai (king) of the Kanem-Bornu Empire, located mainly in Chad and Nigeria. An outstanding statesman, under his rule (1571-1603) Kanem-Bornu touched the zenith of its power. Idris is remembered for his military skills, administrative reforms, and Islamic piety. His feats are mainly known through his chronicler Ahmad bin Fartuwa.[PARAGRAPH:1]His main adversaries were the Hausa to the west, the Tuareg and Toubou to the north, and the Bulala to the east. One epic poem extols his victories in 330 wars and more than 1,000 battles. His innovations included the employment of fixed military camps (with walls); permanent sieges and "scorched earth" tactics, where soldiers burned everything in their path; armored horses and riders; and the use of Berber camelry, Kotoko boatmen, and iron-helmeted musketeers trained by Turkish military advisers. His active diplomacy featured relations with Tripoli, Egypt, and the Ottoman Empire, which sent a 200-member ambassadorial party across the desert to Alooma's court at Ngazargamu. Alooma also signed what was probably the first written treaty or cease-fire in Chadian history.[PARAGRAPH:1]Alooma introduced a number of legal and administrative reforms based on his religious beliefs and Islamic law (sharia). He sponsored the construction of numerous mosques and made a pilgrimage to Mecca, where he arranged for the establishment of a hostel to be used by pilgrims from his empire. As with other dynamic politicians, Alooma's reformist goals led him to seek loyal and competent advisers and allies, and he frequently relied on slaves who had been educated in noble homes. Alooma regularly sought advice from a council composed of heads of the most important clans. He required major political figures to live at the court, and he reinforced political alliances through appropriate marriages (Alooma himself was the son of a Kanuri father and a Bulala mother).[PARAGRAPH:1]Kanem-Bornu under Alooma was strong and wealthy. Government revenue came from tribute (or booty, if the recalcitrant people had to be conquered), sales of slaves, and duties on and participation in trans-Saharan trade. Unlike West Africa, the Chadian region did not have gold. Still, it was central to one of the most convenient trans-Saharan routes. Between Lake Chad and Fezzan lay a sequence of well-spaced wells and oases, and from Fezzan there were easy connections to North Africa and the Mediterranean Sea. Many products were sent north, including natron (sodium carbonate), cotton, kola nuts, ivory, ostrich feathers, perfume, wax, and hides, but the most important of all were slaves. Imports included salt, horses, silks, glass, muskets, and copper.[PARAGRAPH:1]Alooma took a keen interest in trade and other economic matters. He is credited with having the roads cleared, designing better boats for Lake Chad, introducing standard units of measure for grain, and moving farmers into new lands. In addition, he improved the ease and security of transit through the empire with the goal of making it so safe that "a lone woman clad in gold might walk with none to fear but God.</Italian>
		<Spanish>[H1]Alooma[\H1][NEWLINE][BOLD]Mai of the Kanem-Bornu Empire[\BOLD][NEWLINE][BOLD]Lived: [\BOLD]1571 - 1603[NEWLINE][PARAGRAPH:2][BOLD]Background:[\BOLD][NEWLINE][TAB]Idris Alooma was mai (king) of the Kanem-Bornu Empire, located mainly in Chad and Nigeria. An outstanding statesman, under his rule (1571-1603) Kanem-Bornu touched the zenith of its power. Idris is remembered for his military skills, administrative reforms, and Islamic piety. His feats are mainly known through his chronicler Ahmad bin Fartuwa.[PARAGRAPH:1]His main adversaries were the Hausa to the west, the Tuareg and Toubou to the north, and the Bulala to the east. One epic poem extols his victories in 330 wars and more than 1,000 battles. His innovations included the employment of fixed military camps (with walls); permanent sieges and "scorched earth" tactics, where soldiers burned everything in their path; armored horses and riders; and the use of Berber camelry, Kotoko boatmen, and iron-helmeted musketeers trained by Turkish military advisers. His active diplomacy featured relations with Tripoli, Egypt, and the Ottoman Empire, which sent a 200-member ambassadorial party across the desert to Alooma's court at Ngazargamu. Alooma also signed what was probably the first written treaty or cease-fire in Chadian history.[PARAGRAPH:1]Alooma introduced a number of legal and administrative reforms based on his religious beliefs and Islamic law (sharia). He sponsored the construction of numerous mosques and made a pilgrimage to Mecca, where he arranged for the establishment of a hostel to be used by pilgrims from his empire. As with other dynamic politicians, Alooma's reformist goals led him to seek loyal and competent advisers and allies, and he frequently relied on slaves who had been educated in noble homes. Alooma regularly sought advice from a council composed of heads of the most important clans. He required major political figures to live at the court, and he reinforced political alliances through appropriate marriages (Alooma himself was the son of a Kanuri father and a Bulala mother).[PARAGRAPH:1]Kanem-Bornu under Alooma was strong and wealthy. Government revenue came from tribute (or booty, if the recalcitrant people had to be conquered), sales of slaves, and duties on and participation in trans-Saharan trade. Unlike West Africa, the Chadian region did not have gold. Still, it was central to one of the most convenient trans-Saharan routes. Between Lake Chad and Fezzan lay a sequence of well-spaced wells and oases, and from Fezzan there were easy connections to North Africa and the Mediterranean Sea. Many products were sent north, including natron (sodium carbonate), cotton, kola nuts, ivory, ostrich feathers, perfume, wax, and hides, but the most important of all were slaves. Imports included salt, horses, silks, glass, muskets, and copper.[PARAGRAPH:1]Alooma took a keen interest in trade and other economic matters. He is credited with having the roads cleared, designing better boats for Lake Chad, introducing standard units of measure for grain, and moving farmers into new lands. In addition, he improved the ease and security of transit through the empire with the goal of making it so safe that "a lone woman clad in gold might walk with none to fear but God.</Spanish>
	</TEXT>
	<TEXT>
		<Tag>AI_DIPLO_FIRST_CONTACT_LEADER_ALOOMA_1</Tag>
		<English>The mighty [OUR_EMPIRE] greets you. We value our safety so that a lone woman clad in gold might walk with none to fear but God.</English>
		<French>Le terrifiant royaume Kanem-Bornou vous salue. Dieu nous prot�ge au point qu'une femme seule couverte d'or peut marcher sans peur dans l'inconnu.</French>
		<German>The mighty [OUR_EMPIRE] greets you. We value our safety so that a lone woman clad in gold might walk with none to fear but God.</German>
		<Italian>The mighty [OUR_EMPIRE] greets you. We value our safety so that a lone woman clad in gold might walk with none to fear but God.</Italian>
		<Spanish>The mighty [OUR_EMPIRE] greets you. We value our safety so that a lone woman clad in gold might walk with none to fear but God.</Spanish>
	</TEXT>
</Civ4GameText>