<?xml version="1.0" encoding="utf-8"?>
<!-- Sid Meier's Civilization 4 Beyond the Sword -->
<!-- Modified by the Civ Gold Team -->
<!-- -->
<Civ4GameText xmlns="http://www.firaxis.com">
	<TEXT>
		<Tag>TXT_KEY_LEADER_SEPE_TIARAJU</Tag>
		<English>Sepe Tiaraju</English>
		<French>Sepe Tiaraju</French>
		<German>Sepe Tiaraju</German>
		<Italian>Sepe Tiaraju</Italian>
		<Spanish>Sepe Tiaraju</Spanish>
	</TEXT>
	<TEXT>
		<Tag>TXT_KEY_LEADER_SEPE_TIARAJU_PEDIA</Tag>
		<English>[H1]Sepé Tiaraju[\H1][NEWLINE][BOLD]Lived: [\BOLD]??? - 1756[NEWLINE][PARAGRAPH:2][BOLD]Background:[\BOLD][PARAGRAPH:1]Sepé Tiaraju was an indigenous Guarani leader born in the Jesuit reduction mission of São Luiz Gonzaga and who died on February 7, 1756, in the municipality of São Gabriel, in the present-day state of Rio Grande do Sul, Brazil.  Sepé Tiaraju led the fight against the Portuguese and Spanish colonial powers in the Guerras Guaraníticas (Guarani War) and was killed three days before a massacre that killed around fifteen hundred of his fellow warriors. After two hundred and fifty years of the date of his death he still remains a very influential figure in the popular imagination, considered a saint by some.  This conflict in South America resulted from the land demarcations established by the European powers with the Tratado de Madrid (1750). According to this treaty the Guarani population inhabiting the Jesuit missions in the region had to be evacuated. After one hundred and fifty years living a unique communal life, neither the prospect of returning to the forests nor moving to another place were considered as options by most mission Guaranis. Further treaties such as the San Idelfonso Treaty (1777) and the Badajoz Treaty (1801) still grappled with issues related to this topic.  The Christianized Guarani population residing in the Jesuit missions (called missões or reduções, in Portuguese), that is in Brazil, Paraguay and Argentina combined, is estimated to have numbered approximately eighty thousand at the start of the conflict. At that time these so called evangelized Guaranis - as opposed to the many Guaranis living the traditional way and not in the Jesuit missions - raised what is believed to have been the largest herd of cattle in all of Latin America. Therefore, the Europeans' interests in the area extended beyond land appropriations.  Sepé Tiaraju was immortalized in the letters by Brazilian writer Basílio da Gama in the epic poem O Uraguai (1769) and in the poem "O Lunar de Sepé", collected by Simões Lopes Neto and published in the beginning of the 20th century. Since then, he has been a character in many major literary works, like "O tempo e o vento" ["The time and the wind"], by Erico Verissimo. The expression and battle cry "Esta terra tem dono!" (or "This land has owners!") is attributed to Sepé Tiaraju.</English>
		<French>[H1]Sepé Tiaraju[\H1][NEWLINE][BOLD]Lived: [\BOLD]??? - 1756[NEWLINE][PARAGRAPH:2][BOLD]Background:[\BOLD][PARAGRAPH:1]Sepé Tiaraju was an indigenous Guarani leader born in the Jesuit reduction mission of São Luiz Gonzaga and who died on February 7, 1756, in the municipality of São Gabriel, in the present-day state of Rio Grande do Sul, Brazil.  Sepé Tiaraju led the fight against the Portuguese and Spanish colonial powers in the Guerras Guaraníticas (Guarani War) and was killed three days before a massacre that killed around fifteen hundred of his fellow warriors. After two hundred and fifty years of the date of his death he still remains a very influential figure in the popular imagination, considered a saint by some.  This conflict in South America resulted from the land demarcations established by the European powers with the Tratado de Madrid (1750). According to this treaty the Guarani population inhabiting the Jesuit missions in the region had to be evacuated. After one hundred and fifty years living a unique communal life, neither the prospect of returning to the forests nor moving to another place were considered as options by most mission Guaranis. Further treaties such as the San Idelfonso Treaty (1777) and the Badajoz Treaty (1801) still grappled with issues related to this topic.  The Christianized Guarani population residing in the Jesuit missions (called missões or reduções, in Portuguese), that is in Brazil, Paraguay and Argentina combined, is estimated to have numbered approximately eighty thousand at the start of the conflict. At that time these so called evangelized Guaranis - as opposed to the many Guaranis living the traditional way and not in the Jesuit missions - raised what is believed to have been the largest herd of cattle in all of Latin America. Therefore, the Europeans' interests in the area extended beyond land appropriations.  Sepé Tiaraju was immortalized in the letters by Brazilian writer Basílio da Gama in the epic poem O Uraguai (1769) and in the poem "O Lunar de Sepé", collected by Simões Lopes Neto and published in the beginning of the 20th century. Since then, he has been a character in many major literary works, like "O tempo e o vento" ["The time and the wind"], by Erico Verissimo. The expression and battle cry "Esta terra tem dono!" (or "This land has owners!") is attributed to Sepé Tiaraju.</French>
		<German>[H1]Sepé Tiaraju[\H1][NEWLINE][BOLD]Lived: [\BOLD]??? - 1756[NEWLINE][PARAGRAPH:2][BOLD]Background:[\BOLD][PARAGRAPH:1]Sepé Tiaraju was an indigenous Guarani leader born in the Jesuit reduction mission of São Luiz Gonzaga and who died on February 7, 1756, in the municipality of São Gabriel, in the present-day state of Rio Grande do Sul, Brazil.  Sepé Tiaraju led the fight against the Portuguese and Spanish colonial powers in the Guerras Guaraníticas (Guarani War) and was killed three days before a massacre that killed around fifteen hundred of his fellow warriors. After two hundred and fifty years of the date of his death he still remains a very influential figure in the popular imagination, considered a saint by some.  This conflict in South America resulted from the land demarcations established by the European powers with the Tratado de Madrid (1750). According to this treaty the Guarani population inhabiting the Jesuit missions in the region had to be evacuated. After one hundred and fifty years living a unique communal life, neither the prospect of returning to the forests nor moving to another place were considered as options by most mission Guaranis. Further treaties such as the San Idelfonso Treaty (1777) and the Badajoz Treaty (1801) still grappled with issues related to this topic.  The Christianized Guarani population residing in the Jesuit missions (called missões or reduções, in Portuguese), that is in Brazil, Paraguay and Argentina combined, is estimated to have numbered approximately eighty thousand at the start of the conflict. At that time these so called evangelized Guaranis - as opposed to the many Guaranis living the traditional way and not in the Jesuit missions - raised what is believed to have been the largest herd of cattle in all of Latin America. Therefore, the Europeans' interests in the area extended beyond land appropriations.  Sepé Tiaraju was immortalized in the letters by Brazilian writer Basílio da Gama in the epic poem O Uraguai (1769) and in the poem "O Lunar de Sepé", collected by Simões Lopes Neto and published in the beginning of the 20th century. Since then, he has been a character in many major literary works, like "O tempo e o vento" ["The time and the wind"], by Erico Verissimo. The expression and battle cry "Esta terra tem dono!" (or "This land has owners!") is attributed to Sepé Tiaraju.</German>
		<Italian>[H1]Sepé Tiaraju[\H1][NEWLINE][BOLD]Lived: [\BOLD]??? - 1756[NEWLINE][PARAGRAPH:2][BOLD]Background:[\BOLD][PARAGRAPH:1]Sepé Tiaraju was an indigenous Guarani leader born in the Jesuit reduction mission of São Luiz Gonzaga and who died on February 7, 1756, in the municipality of São Gabriel, in the present-day state of Rio Grande do Sul, Brazil.  Sepé Tiaraju led the fight against the Portuguese and Spanish colonial powers in the Guerras Guaraníticas (Guarani War) and was killed three days before a massacre that killed around fifteen hundred of his fellow warriors. After two hundred and fifty years of the date of his death he still remains a very influential figure in the popular imagination, considered a saint by some.  This conflict in South America resulted from the land demarcations established by the European powers with the Tratado de Madrid (1750). According to this treaty the Guarani population inhabiting the Jesuit missions in the region had to be evacuated. After one hundred and fifty years living a unique communal life, neither the prospect of returning to the forests nor moving to another place were considered as options by most mission Guaranis. Further treaties such as the San Idelfonso Treaty (1777) and the Badajoz Treaty (1801) still grappled with issues related to this topic.  The Christianized Guarani population residing in the Jesuit missions (called missões or reduções, in Portuguese), that is in Brazil, Paraguay and Argentina combined, is estimated to have numbered approximately eighty thousand at the start of the conflict. At that time these so called evangelized Guaranis - as opposed to the many Guaranis living the traditional way and not in the Jesuit missions - raised what is believed to have been the largest herd of cattle in all of Latin America. Therefore, the Europeans' interests in the area extended beyond land appropriations.  Sepé Tiaraju was immortalized in the letters by Brazilian writer Basílio da Gama in the epic poem O Uraguai (1769) and in the poem "O Lunar de Sepé", collected by Simões Lopes Neto and published in the beginning of the 20th century. Since then, he has been a character in many major literary works, like "O tempo e o vento" ["The time and the wind"], by Erico Verissimo. The expression and battle cry "Esta terra tem dono!" (or "This land has owners!") is attributed to Sepé Tiaraju.</Italian>
		<Spanish>[H1]Sepé Tiaraju[\H1][NEWLINE][BOLD]Lived: [\BOLD]??? - 1756[NEWLINE][PARAGRAPH:2][BOLD]Background:[\BOLD][PARAGRAPH:1]Sepé Tiaraju was an indigenous Guarani leader born in the Jesuit reduction mission of São Luiz Gonzaga and who died on February 7, 1756, in the municipality of São Gabriel, in the present-day state of Rio Grande do Sul, Brazil.  Sepé Tiaraju led the fight against the Portuguese and Spanish colonial powers in the Guerras Guaraníticas (Guarani War) and was killed three days before a massacre that killed around fifteen hundred of his fellow warriors. After two hundred and fifty years of the date of his death he still remains a very influential figure in the popular imagination, considered a saint by some.  This conflict in South America resulted from the land demarcations established by the European powers with the Tratado de Madrid (1750). According to this treaty the Guarani population inhabiting the Jesuit missions in the region had to be evacuated. After one hundred and fifty years living a unique communal life, neither the prospect of returning to the forests nor moving to another place were considered as options by most mission Guaranis. Further treaties such as the San Idelfonso Treaty (1777) and the Badajoz Treaty (1801) still grappled with issues related to this topic.  The Christianized Guarani population residing in the Jesuit missions (called missões or reduções, in Portuguese), that is in Brazil, Paraguay and Argentina combined, is estimated to have numbered approximately eighty thousand at the start of the conflict. At that time these so called evangelized Guaranis - as opposed to the many Guaranis living the traditional way and not in the Jesuit missions - raised what is believed to have been the largest herd of cattle in all of Latin America. Therefore, the Europeans' interests in the area extended beyond land appropriations.  Sepé Tiaraju was immortalized in the letters by Brazilian writer Basílio da Gama in the epic poem O Uraguai (1769) and in the poem "O Lunar de Sepé", collected by Simões Lopes Neto and published in the beginning of the 20th century. Since then, he has been a character in many major literary works, like "O tempo e o vento" ["The time and the wind"], by Erico Verissimo. The expression and battle cry "Esta terra tem dono!" (or "This land has owners!") is attributed to Sepé Tiaraju.</Spanish>
	</TEXT>
	<TEXT>
		<Tag>AI_DIPLO_FIRST_CONTACT_LEADER_SEPE_TIARAJU_1</Tag>
		<English>Greetings, [CT_NAME]! This land has people, remember that, and peace can exist.</English>
		<French>Salutations, [CT_NAME] ! Cette terre possède un peuple, souvenez-vous de cela et la paix pourra exister.</French>
		<German>Greetings, [CT_NAME]! This land has people, remember that, and peace can exist.</German>
		<Italian>Greetings, [CT_NAME]! This land has people, remember that, and peace can exist.</Italian>
		<Spanish>Greetings, [CT_NAME]! This land has people, remember that, and peace can exist.</Spanish>
	</TEXT>
</Civ4GameText>