<?xml version="1.0" encoding="utf-8"?>
<!-- Sid Meier's Civilization 4 Beyond the Sword -->
<!-- Modified by the Civ Gold Team -->
<!-- -->
<Civ4GameText xmlns="http://www.firaxis.com">
	<TEXT>
		<Tag>TXT_KEY_LEADER_HAAKON</Tag>
		<English>Haakon VII</English>
		<French>
			<Text>Haakon VII</Text>
			<Gender>Male</Gender>
			<Plural>0</Plural>
		</French>
		<German>
			<Text>Haakon VII</Text>
			<Gender>Male</Gender>
			<Plural>0</Plural>
		</German>
		<Italian>
			<Text>Haakon VII</Text>
			<Gender>Male</Gender>
			<Plural>0</Plural>
		</Italian>
		<Spanish>
			<Text>Haakon VII</Text>
			<Gender>Male</Gender>
			<Plural>0</Plural>
		</Spanish>
	</TEXT>
	<TEXT>
		<Tag>TXT_KEY_LEADER_HAAKON_PEDIA</Tag>
		<English>[H1]Haakon VII[\H1][NEWLINE][BOLD]King of Norway[\BOLD][NEWLINE][BOLD]Lived: [\BOLD] 1872 - 1957[NEWLINE][PARAGRAPH:2][BOLD]Background:[\BOLD][NEWLINE][TAB]After the Union between Sweden and Norway was dissolved  in 1905, a committee of the Norwegian government identified several members of European royalty as candidates for Norway's first King of its own in several centuries. Gradually, Prince Carl became the leading candidate, largely because of the fact that he was descended from independent Norwegian kings. He also had a son (and hence an heir to the throne), and Princess Maud's ties to the British Royal Family were viewed as advantageous to the newly independent Norwegian nation.  The democratically minded Carl, aware that Norway was still debating whether to retain its monarchy or to switch to a republican  system of government, was flattered by the Norwegian government's overtures, but declined to accept the offer without a referendum to show whether monarchy was truly the choice of the Norwegian people.  After the referendum overwhelmingly confirmed by 79 percent majority that Norwegians desired to retain a monarchy, Prince Carl was formally offered the throne of Norway by the Storting  (parliament) and elected on 18 November 1905. When Carl accepted the offer that same evening (after the approval of his grandfather Christian IX of Denmark), he immediately endeared himself to his adopted country by taking the Old Norse name of Haakon, a name used by previous Kings of Norway.  In so doing, he succeeded his grand-uncle, Oscar II of Sweden, who had abdicated the Norwegian throne in October following the agreement between Sweden and Norway on the terms of the separation of the union.  King Haakon gained much sympathy from the Norwegian people. He traveled around and visited many places. He participated in the political process after the first prime minister from the labor party was chosen in 1928, a process that caused a special parliamentary situation.

Norway was invaded by the naval and air forces of Nazi Germany during the early hours of 9 April 1940. The German naval detachment sent to capture Oslo was challenged at Oscarsborg Fortress. The fortress fired at the invaders, causing damage to the pocket battleship Lützow and sinking the heavy cruiser Blücher, with heavy German losses that included many of the armed forces, Gestapo agents, and administrative personnel who were to have occupied the Norwegian capital. These events led to the withdrawal of the rest of the German flotilla, preventing the invaders from occupying Oslo at dawn as had been intended in the order of battle. The German occupation forces' delay in occupying Oslo, along with swift action from the President of the Storting, C. J Hambro, created the opportunity for the Norwegian Royal Family, the Cabinet, and most of the 150 members of the Storting (parliament) to make a hasty departure from the capital by special train.  The Storting first convened at Hamar the same afternoon, but with the rapid advance of German troops, the group moved on to Elverum. The assembled Parliament unanimously enacted a resolution, the so-called Elverumsfullmakten (Elverum Authorization), granting the Cabinet full powers to protect the country until such time as the Storting could meet again.  The next day, German Minister Curt Bräuer demanded a meeting with Haakon. The German diplomat called on the Norwegians to cease their resistance and stated Hitler's demand that the King appoint Nazi sympathizer Vidkun Quisling, who had declared himself prime minister hours earlier in Oslo, as head of what would be a German puppet government. Bräuer suggested that Haakon follow the example of the Danish government and his brother, Christian X, which had surrendered almost immediately after the previous day's invasion, and threatened Norway with harsh conditions if it did not surrender. Haakon told Bräuer that he could not make such a decision himself, but only on the advice of the Government. Although the Constitution of Norway nominally gives the King the final responsibility for making such a decision, in practice nearly all major governmental decisions are made by the Government (the Council of State) in his name.  Haakon went on to say that he could not appoint any government headed by Quisling because he knew neither the people nor the Storting had confidence in him. However, if the Cabinet felt otherwise, the King said he would abdicate so as not to stand in the way of the Government's decision.  Nils Hjelmtveit, Minister of Church and Education, later wrote: "This made a great impression on us all. More clearly than ever before we could see the man behind the words; the king who had drawn a line for himself and his task, a line from which he could not deviate. We had through the five years [in government] learned to respect and appreciate our king and now, through his words, he came to us as a great man, just and forceful; a leader in these fatal times to our country."  Inspired by Haakon's stand, the Government unanimously advised Haakon not to appoint any government headed by Quisling. Within hours, it telephoned its refusal to Bräuer. That night, NRK broadcast the government's refusal to the Norwegian people. In that same broadcast, the government announced that they would resist the German attack as long as possible, and expressed their confidence that Norwegians would lend their support to the cause.  The following morning, 11 April 1940, bomber aircraft of the Luftwaffe  attacked Nybergsund, destroying the small town where the Norwegian government was staying in an attempt to wipe out Norway's unyielding King and Government. The King and his ministers took refuge in the snow-covered woods and escaped harm, continuing farther north through the rugged Norwegian mountains toward Molde  on Norway's northwestern coast. As the British forces in the area lost ground under Luftwaffe bombardment, the King and his party were taken aboard the British cruiser HMS Glasgow at Molde and conveyed by sea another 1000 km north to Tromsø where a provisional capital was established on 1 May. Haakon and Crown Prince Olav took up residence in a forest cabin in Maalselvdalen valley in inner Troms county where they would stay until the evacuation to the United Kingdom. While residing in Troms the two were protected by local rifle association members armed with the ubiquitous Krag-Jørgensen rifle.  During Norway's five years under German control, many Norwegians surreptitiously wore clothing or jewelry made from coins bearing Haakon's "H7" monogram as symbols of resistance to the German occupation and of solidarity with their exiled king and government, just as many people in Denmark wore his brother's monogram on a pin. The King's monogram was also painted and otherwise reproduced on various surfaces as a show of resistance to the occupation.  After the end of the war, Haakon and the Norwegian Royal Family returned to Norway aboard the cruiser HMS Norfolk, arriving with the First Cruiser Squadron to cheering crowds in Oslo on 7 June 1945 exactly five years after they had been evacuated from Tromsø.

In 1947 the Norwegian people, by public subscription, purchased the Royal Yacht, Norge, for the King. In 2009 it remains as one of only two such vessels belonging to a European monarch. The other yacht belonging to the Queen of Denmark.  King Haakon VII fell in his bathroom at the estate at Bygdøy in July 1955. This fall, which occurred just a month before his eighty-third birthday, broke the King's thighbone and, although there were few other complications resulting from the fall, the King was left confined to a wheelchair. The once-active king was said to have been depressed by his resulting helplessness and began to lose his customary involvement and interest in current events. With Haakon's loss of mobility, and as the King's health deteriorated further in the summer of 1957, Crown Prince Olav appeared on behalf of his father on ceremonial occasions and took a more active role in state affairs. At Haakon's death in 1957, the Crown Prince succeeded as Olav V.  Today, King Haakon is regarded by many as one of the greatest Norwegian leaders of the pre-war period, managing to hold his young and fragile country together in unstable political conditions. In 1927 he said, "I am also the King of the Communists" (Norwegian: "Jeg er ogsaa kommunistenes konge").  His loyalty to democracy proved to be crucial for the political situation of Norway during and after World War II.</English>
		<French>[H1]Haakon VII[\H1][NEWLINE][BOLD]King of Norway[\BOLD][NEWLINE][BOLD]Lived: [\BOLD] 1872 - 1957[NEWLINE][PARAGRAPH:2][BOLD]Background:[\BOLD][NEWLINE][TAB]After the Union between Sweden and Norway was dissolved  in 1905, a committee of the Norwegian government identified several members of European royalty as candidates for Norway's first King of its own in several centuries. Gradually, Prince Carl became the leading candidate, largely because of the fact that he was descended from independent Norwegian kings. He also had a son (and hence an heir to the throne), and Princess Maud's ties to the British Royal Family were viewed as advantageous to the newly independent Norwegian nation.  The democratically minded Carl, aware that Norway was still debating whether to retain its monarchy or to switch to a republican  system of government, was flattered by the Norwegian government's overtures, but declined to accept the offer without a referendum to show whether monarchy was truly the choice of the Norwegian people.  After the referendum overwhelmingly confirmed by 79 percent majority that Norwegians desired to retain a monarchy, Prince Carl was formally offered the throne of Norway by the Storting  (parliament) and elected on 18 November 1905. When Carl accepted the offer that same evening (after the approval of his grandfather Christian IX of Denmark), he immediately endeared himself to his adopted country by taking the Old Norse name of Haakon, a name used by previous Kings of Norway.  In so doing, he succeeded his grand-uncle, Oscar II of Sweden, who had abdicated the Norwegian throne in October following the agreement between Sweden and Norway on the terms of the separation of the union.  King Haakon gained much sympathy from the Norwegian people. He traveled around and visited many places. He participated in the political process after the first prime minister from the labor party was chosen in 1928, a process that caused a special parliamentary situation.

Norway was invaded by the naval and air forces of Nazi Germany during the early hours of 9 April 1940. The German naval detachment sent to capture Oslo was challenged at Oscarsborg Fortress. The fortress fired at the invaders, causing damage to the pocket battleship Lützow and sinking the heavy cruiser Blücher, with heavy German losses that included many of the armed forces, Gestapo agents, and administrative personnel who were to have occupied the Norwegian capital. These events led to the withdrawal of the rest of the German flotilla, preventing the invaders from occupying Oslo at dawn as had been intended in the order of battle. The German occupation forces' delay in occupying Oslo, along with swift action from the President of the Storting, C. J Hambro, created the opportunity for the Norwegian Royal Family, the Cabinet, and most of the 150 members of the Storting (parliament) to make a hasty departure from the capital by special train.  The Storting first convened at Hamar the same afternoon, but with the rapid advance of German troops, the group moved on to Elverum. The assembled Parliament unanimously enacted a resolution, the so-called Elverumsfullmakten (Elverum Authorization), granting the Cabinet full powers to protect the country until such time as the Storting could meet again.  The next day, German Minister Curt Bräuer demanded a meeting with Haakon. The German diplomat called on the Norwegians to cease their resistance and stated Hitler's demand that the King appoint Nazi sympathizer Vidkun Quisling, who had declared himself prime minister hours earlier in Oslo, as head of what would be a German puppet government. Bräuer suggested that Haakon follow the example of the Danish government and his brother, Christian X, which had surrendered almost immediately after the previous day's invasion, and threatened Norway with harsh conditions if it did not surrender. Haakon told Bräuer that he could not make such a decision himself, but only on the advice of the Government. Although the Constitution of Norway nominally gives the King the final responsibility for making such a decision, in practice nearly all major governmental decisions are made by the Government (the Council of State) in his name.  Haakon went on to say that he could not appoint any government headed by Quisling because he knew neither the people nor the Storting had confidence in him. However, if the Cabinet felt otherwise, the King said he would abdicate so as not to stand in the way of the Government's decision.  Nils Hjelmtveit, Minister of Church and Education, later wrote: "This made a great impression on us all. More clearly than ever before we could see the man behind the words; the king who had drawn a line for himself and his task, a line from which he could not deviate. We had through the five years [in government] learned to respect and appreciate our king and now, through his words, he came to us as a great man, just and forceful; a leader in these fatal times to our country."  Inspired by Haakon's stand, the Government unanimously advised Haakon not to appoint any government headed by Quisling. Within hours, it telephoned its refusal to Bräuer. That night, NRK broadcast the government's refusal to the Norwegian people. In that same broadcast, the government announced that they would resist the German attack as long as possible, and expressed their confidence that Norwegians would lend their support to the cause.  The following morning, 11 April 1940, bomber aircraft of the Luftwaffe  attacked Nybergsund, destroying the small town where the Norwegian government was staying in an attempt to wipe out Norway's unyielding King and Government. The King and his ministers took refuge in the snow-covered woods and escaped harm, continuing farther north through the rugged Norwegian mountains toward Molde  on Norway's northwestern coast. As the British forces in the area lost ground under Luftwaffe bombardment, the King and his party were taken aboard the British cruiser HMS Glasgow at Molde and conveyed by sea another 1000 km north to Tromsø where a provisional capital was established on 1 May. Haakon and Crown Prince Olav took up residence in a forest cabin in Maalselvdalen valley in inner Troms county where they would stay until the evacuation to the United Kingdom. While residing in Troms the two were protected by local rifle association members armed with the ubiquitous Krag-Jørgensen rifle.  During Norway's five years under German control, many Norwegians surreptitiously wore clothing or jewelry made from coins bearing Haakon's "H7" monogram as symbols of resistance to the German occupation and of solidarity with their exiled king and government, just as many people in Denmark wore his brother's monogram on a pin. The King's monogram was also painted and otherwise reproduced on various surfaces as a show of resistance to the occupation.  After the end of the war, Haakon and the Norwegian Royal Family returned to Norway aboard the cruiser HMS Norfolk, arriving with the First Cruiser Squadron to cheering crowds in Oslo on 7 June 1945 exactly five years after they had been evacuated from Tromsø.

In 1947 the Norwegian people, by public subscription, purchased the Royal Yacht, Norge, for the King. In 2009 it remains as one of only two such vessels belonging to a European monarch. The other yacht belonging to the Queen of Denmark.  King Haakon VII fell in his bathroom at the estate at Bygdøy in July 1955. This fall, which occurred just a month before his eighty-third birthday, broke the King's thighbone and, although there were few other complications resulting from the fall, the King was left confined to a wheelchair. The once-active king was said to have been depressed by his resulting helplessness and began to lose his customary involvement and interest in current events. With Haakon's loss of mobility, and as the King's health deteriorated further in the summer of 1957, Crown Prince Olav appeared on behalf of his father on ceremonial occasions and took a more active role in state affairs. At Haakon's death in 1957, the Crown Prince succeeded as Olav V.  Today, King Haakon is regarded by many as one of the greatest Norwegian leaders of the pre-war period, managing to hold his young and fragile country together in unstable political conditions. In 1927 he said, "I am also the King of the Communists" (Norwegian: "Jeg er ogsaa kommunistenes konge").  His loyalty to democracy proved to be crucial for the political situation of Norway during and after World War II.</French>
		<German>[H1]Haakon VII[\H1][NEWLINE][BOLD]King of Norway[\BOLD][NEWLINE][BOLD]Lived: [\BOLD] 1872 - 1957[NEWLINE][PARAGRAPH:2][BOLD]Background:[\BOLD][NEWLINE][TAB]After the Union between Sweden and Norway was dissolved  in 1905, a committee of the Norwegian government identified several members of European royalty as candidates for Norway's first King of its own in several centuries. Gradually, Prince Carl became the leading candidate, largely because of the fact that he was descended from independent Norwegian kings. He also had a son (and hence an heir to the throne), and Princess Maud's ties to the British Royal Family were viewed as advantageous to the newly independent Norwegian nation.  The democratically minded Carl, aware that Norway was still debating whether to retain its monarchy or to switch to a republican  system of government, was flattered by the Norwegian government's overtures, but declined to accept the offer without a referendum to show whether monarchy was truly the choice of the Norwegian people.  After the referendum overwhelmingly confirmed by 79 percent majority that Norwegians desired to retain a monarchy, Prince Carl was formally offered the throne of Norway by the Storting  (parliament) and elected on 18 November 1905. When Carl accepted the offer that same evening (after the approval of his grandfather Christian IX of Denmark), he immediately endeared himself to his adopted country by taking the Old Norse name of Haakon, a name used by previous Kings of Norway.  In so doing, he succeeded his grand-uncle, Oscar II of Sweden, who had abdicated the Norwegian throne in October following the agreement between Sweden and Norway on the terms of the separation of the union.  King Haakon gained much sympathy from the Norwegian people. He traveled around and visited many places. He participated in the political process after the first prime minister from the labor party was chosen in 1928, a process that caused a special parliamentary situation.

Norway was invaded by the naval and air forces of Nazi Germany during the early hours of 9 April 1940. The German naval detachment sent to capture Oslo was challenged at Oscarsborg Fortress. The fortress fired at the invaders, causing damage to the pocket battleship Lützow and sinking the heavy cruiser Blücher, with heavy German losses that included many of the armed forces, Gestapo agents, and administrative personnel who were to have occupied the Norwegian capital. These events led to the withdrawal of the rest of the German flotilla, preventing the invaders from occupying Oslo at dawn as had been intended in the order of battle. The German occupation forces' delay in occupying Oslo, along with swift action from the President of the Storting, C. J Hambro, created the opportunity for the Norwegian Royal Family, the Cabinet, and most of the 150 members of the Storting (parliament) to make a hasty departure from the capital by special train.  The Storting first convened at Hamar the same afternoon, but with the rapid advance of German troops, the group moved on to Elverum. The assembled Parliament unanimously enacted a resolution, the so-called Elverumsfullmakten (Elverum Authorization), granting the Cabinet full powers to protect the country until such time as the Storting could meet again.  The next day, German Minister Curt Bräuer demanded a meeting with Haakon. The German diplomat called on the Norwegians to cease their resistance and stated Hitler's demand that the King appoint Nazi sympathizer Vidkun Quisling, who had declared himself prime minister hours earlier in Oslo, as head of what would be a German puppet government. Bräuer suggested that Haakon follow the example of the Danish government and his brother, Christian X, which had surrendered almost immediately after the previous day's invasion, and threatened Norway with harsh conditions if it did not surrender. Haakon told Bräuer that he could not make such a decision himself, but only on the advice of the Government. Although the Constitution of Norway nominally gives the King the final responsibility for making such a decision, in practice nearly all major governmental decisions are made by the Government (the Council of State) in his name.  Haakon went on to say that he could not appoint any government headed by Quisling because he knew neither the people nor the Storting had confidence in him. However, if the Cabinet felt otherwise, the King said he would abdicate so as not to stand in the way of the Government's decision.  Nils Hjelmtveit, Minister of Church and Education, later wrote: "This made a great impression on us all. More clearly than ever before we could see the man behind the words; the king who had drawn a line for himself and his task, a line from which he could not deviate. We had through the five years [in government] learned to respect and appreciate our king and now, through his words, he came to us as a great man, just and forceful; a leader in these fatal times to our country."  Inspired by Haakon's stand, the Government unanimously advised Haakon not to appoint any government headed by Quisling. Within hours, it telephoned its refusal to Bräuer. That night, NRK broadcast the government's refusal to the Norwegian people. In that same broadcast, the government announced that they would resist the German attack as long as possible, and expressed their confidence that Norwegians would lend their support to the cause.  The following morning, 11 April 1940, bomber aircraft of the Luftwaffe  attacked Nybergsund, destroying the small town where the Norwegian government was staying in an attempt to wipe out Norway's unyielding King and Government. The King and his ministers took refuge in the snow-covered woods and escaped harm, continuing farther north through the rugged Norwegian mountains toward Molde  on Norway's northwestern coast. As the British forces in the area lost ground under Luftwaffe bombardment, the King and his party were taken aboard the British cruiser HMS Glasgow at Molde and conveyed by sea another 1000 km north to Tromsø where a provisional capital was established on 1 May. Haakon and Crown Prince Olav took up residence in a forest cabin in Maalselvdalen valley in inner Troms county where they would stay until the evacuation to the United Kingdom. While residing in Troms the two were protected by local rifle association members armed with the ubiquitous Krag-Jørgensen rifle.  During Norway's five years under German control, many Norwegians surreptitiously wore clothing or jewelry made from coins bearing Haakon's "H7" monogram as symbols of resistance to the German occupation and of solidarity with their exiled king and government, just as many people in Denmark wore his brother's monogram on a pin. The King's monogram was also painted and otherwise reproduced on various surfaces as a show of resistance to the occupation.  After the end of the war, Haakon and the Norwegian Royal Family returned to Norway aboard the cruiser HMS Norfolk, arriving with the First Cruiser Squadron to cheering crowds in Oslo on 7 June 1945 exactly five years after they had been evacuated from Tromsø.

In 1947 the Norwegian people, by public subscription, purchased the Royal Yacht, Norge, for the King. In 2009 it remains as one of only two such vessels belonging to a European monarch. The other yacht belonging to the Queen of Denmark.  King Haakon VII fell in his bathroom at the estate at Bygdøy in July 1955. This fall, which occurred just a month before his eighty-third birthday, broke the King's thighbone and, although there were few other complications resulting from the fall, the King was left confined to a wheelchair. The once-active king was said to have been depressed by his resulting helplessness and began to lose his customary involvement and interest in current events. With Haakon's loss of mobility, and as the King's health deteriorated further in the summer of 1957, Crown Prince Olav appeared on behalf of his father on ceremonial occasions and took a more active role in state affairs. At Haakon's death in 1957, the Crown Prince succeeded as Olav V.  Today, King Haakon is regarded by many as one of the greatest Norwegian leaders of the pre-war period, managing to hold his young and fragile country together in unstable political conditions. In 1927 he said, "I am also the King of the Communists" (Norwegian: "Jeg er ogsaa kommunistenes konge").  His loyalty to democracy proved to be crucial for the political situation of Norway during and after World War II.</German>
		<Italian>[H1]Haakon VII[\H1][NEWLINE][BOLD]King of Norway[\BOLD][NEWLINE][BOLD]Lived: [\BOLD] 1872 - 1957[NEWLINE][PARAGRAPH:2][BOLD]Background:[\BOLD][NEWLINE][TAB]After the Union between Sweden and Norway was dissolved  in 1905, a committee of the Norwegian government identified several members of European royalty as candidates for Norway's first King of its own in several centuries. Gradually, Prince Carl became the leading candidate, largely because of the fact that he was descended from independent Norwegian kings. He also had a son (and hence an heir to the throne), and Princess Maud's ties to the British Royal Family were viewed as advantageous to the newly independent Norwegian nation.  The democratically minded Carl, aware that Norway was still debating whether to retain its monarchy or to switch to a republican  system of government, was flattered by the Norwegian government's overtures, but declined to accept the offer without a referendum to show whether monarchy was truly the choice of the Norwegian people.  After the referendum overwhelmingly confirmed by 79 percent majority that Norwegians desired to retain a monarchy, Prince Carl was formally offered the throne of Norway by the Storting  (parliament) and elected on 18 November 1905. When Carl accepted the offer that same evening (after the approval of his grandfather Christian IX of Denmark), he immediately endeared himself to his adopted country by taking the Old Norse name of Haakon, a name used by previous Kings of Norway.  In so doing, he succeeded his grand-uncle, Oscar II of Sweden, who had abdicated the Norwegian throne in October following the agreement between Sweden and Norway on the terms of the separation of the union.  King Haakon gained much sympathy from the Norwegian people. He traveled around and visited many places. He participated in the political process after the first prime minister from the labor party was chosen in 1928, a process that caused a special parliamentary situation.

Norway was invaded by the naval and air forces of Nazi Germany during the early hours of 9 April 1940. The German naval detachment sent to capture Oslo was challenged at Oscarsborg Fortress. The fortress fired at the invaders, causing damage to the pocket battleship Lützow and sinking the heavy cruiser Blücher, with heavy German losses that included many of the armed forces, Gestapo agents, and administrative personnel who were to have occupied the Norwegian capital. These events led to the withdrawal of the rest of the German flotilla, preventing the invaders from occupying Oslo at dawn as had been intended in the order of battle. The German occupation forces' delay in occupying Oslo, along with swift action from the President of the Storting, C. J Hambro, created the opportunity for the Norwegian Royal Family, the Cabinet, and most of the 150 members of the Storting (parliament) to make a hasty departure from the capital by special train.  The Storting first convened at Hamar the same afternoon, but with the rapid advance of German troops, the group moved on to Elverum. The assembled Parliament unanimously enacted a resolution, the so-called Elverumsfullmakten (Elverum Authorization), granting the Cabinet full powers to protect the country until such time as the Storting could meet again.  The next day, German Minister Curt Bräuer demanded a meeting with Haakon. The German diplomat called on the Norwegians to cease their resistance and stated Hitler's demand that the King appoint Nazi sympathizer Vidkun Quisling, who had declared himself prime minister hours earlier in Oslo, as head of what would be a German puppet government. Bräuer suggested that Haakon follow the example of the Danish government and his brother, Christian X, which had surrendered almost immediately after the previous day's invasion, and threatened Norway with harsh conditions if it did not surrender. Haakon told Bräuer that he could not make such a decision himself, but only on the advice of the Government. Although the Constitution of Norway nominally gives the King the final responsibility for making such a decision, in practice nearly all major governmental decisions are made by the Government (the Council of State) in his name.  Haakon went on to say that he could not appoint any government headed by Quisling because he knew neither the people nor the Storting had confidence in him. However, if the Cabinet felt otherwise, the King said he would abdicate so as not to stand in the way of the Government's decision.  Nils Hjelmtveit, Minister of Church and Education, later wrote: "This made a great impression on us all. More clearly than ever before we could see the man behind the words; the king who had drawn a line for himself and his task, a line from which he could not deviate. We had through the five years [in government] learned to respect and appreciate our king and now, through his words, he came to us as a great man, just and forceful; a leader in these fatal times to our country."  Inspired by Haakon's stand, the Government unanimously advised Haakon not to appoint any government headed by Quisling. Within hours, it telephoned its refusal to Bräuer. That night, NRK broadcast the government's refusal to the Norwegian people. In that same broadcast, the government announced that they would resist the German attack as long as possible, and expressed their confidence that Norwegians would lend their support to the cause.  The following morning, 11 April 1940, bomber aircraft of the Luftwaffe  attacked Nybergsund, destroying the small town where the Norwegian government was staying in an attempt to wipe out Norway's unyielding King and Government. The King and his ministers took refuge in the snow-covered woods and escaped harm, continuing farther north through the rugged Norwegian mountains toward Molde  on Norway's northwestern coast. As the British forces in the area lost ground under Luftwaffe bombardment, the King and his party were taken aboard the British cruiser HMS Glasgow at Molde and conveyed by sea another 1000 km north to Tromsø where a provisional capital was established on 1 May. Haakon and Crown Prince Olav took up residence in a forest cabin in Maalselvdalen valley in inner Troms county where they would stay until the evacuation to the United Kingdom. While residing in Troms the two were protected by local rifle association members armed with the ubiquitous Krag-Jørgensen rifle.  During Norway's five years under German control, many Norwegians surreptitiously wore clothing or jewelry made from coins bearing Haakon's "H7" monogram as symbols of resistance to the German occupation and of solidarity with their exiled king and government, just as many people in Denmark wore his brother's monogram on a pin. The King's monogram was also painted and otherwise reproduced on various surfaces as a show of resistance to the occupation.  After the end of the war, Haakon and the Norwegian Royal Family returned to Norway aboard the cruiser HMS Norfolk, arriving with the First Cruiser Squadron to cheering crowds in Oslo on 7 June 1945 exactly five years after they had been evacuated from Tromsø.

In 1947 the Norwegian people, by public subscription, purchased the Royal Yacht, Norge, for the King. In 2009 it remains as one of only two such vessels belonging to a European monarch. The other yacht belonging to the Queen of Denmark.  King Haakon VII fell in his bathroom at the estate at Bygdøy in July 1955. This fall, which occurred just a month before his eighty-third birthday, broke the King's thighbone and, although there were few other complications resulting from the fall, the King was left confined to a wheelchair. The once-active king was said to have been depressed by his resulting helplessness and began to lose his customary involvement and interest in current events. With Haakon's loss of mobility, and as the King's health deteriorated further in the summer of 1957, Crown Prince Olav appeared on behalf of his father on ceremonial occasions and took a more active role in state affairs. At Haakon's death in 1957, the Crown Prince succeeded as Olav V.  Today, King Haakon is regarded by many as one of the greatest Norwegian leaders of the pre-war period, managing to hold his young and fragile country together in unstable political conditions. In 1927 he said, "I am also the King of the Communists" (Norwegian: "Jeg er ogsaa kommunistenes konge").  His loyalty to democracy proved to be crucial for the political situation of Norway during and after World War II.</Italian>
		<Spanish>[H1]Haakon VII[\H1][NEWLINE][BOLD]King of Norway[\BOLD][NEWLINE][BOLD]Lived: [\BOLD] 1872 - 1957[NEWLINE][PARAGRAPH:2][BOLD]Background:[\BOLD][NEWLINE][TAB]After the Union between Sweden and Norway was dissolved  in 1905, a committee of the Norwegian government identified several members of European royalty as candidates for Norway's first King of its own in several centuries. Gradually, Prince Carl became the leading candidate, largely because of the fact that he was descended from independent Norwegian kings. He also had a son (and hence an heir to the throne), and Princess Maud's ties to the British Royal Family were viewed as advantageous to the newly independent Norwegian nation.  The democratically minded Carl, aware that Norway was still debating whether to retain its monarchy or to switch to a republican  system of government, was flattered by the Norwegian government's overtures, but declined to accept the offer without a referendum to show whether monarchy was truly the choice of the Norwegian people.  After the referendum overwhelmingly confirmed by 79 percent majority that Norwegians desired to retain a monarchy, Prince Carl was formally offered the throne of Norway by the Storting  (parliament) and elected on 18 November 1905. When Carl accepted the offer that same evening (after the approval of his grandfather Christian IX of Denmark), he immediately endeared himself to his adopted country by taking the Old Norse name of Haakon, a name used by previous Kings of Norway.  In so doing, he succeeded his grand-uncle, Oscar II of Sweden, who had abdicated the Norwegian throne in October following the agreement between Sweden and Norway on the terms of the separation of the union.  King Haakon gained much sympathy from the Norwegian people. He traveled around and visited many places. He participated in the political process after the first prime minister from the labor party was chosen in 1928, a process that caused a special parliamentary situation.

Norway was invaded by the naval and air forces of Nazi Germany during the early hours of 9 April 1940. The German naval detachment sent to capture Oslo was challenged at Oscarsborg Fortress. The fortress fired at the invaders, causing damage to the pocket battleship Lützow and sinking the heavy cruiser Blücher, with heavy German losses that included many of the armed forces, Gestapo agents, and administrative personnel who were to have occupied the Norwegian capital. These events led to the withdrawal of the rest of the German flotilla, preventing the invaders from occupying Oslo at dawn as had been intended in the order of battle. The German occupation forces' delay in occupying Oslo, along with swift action from the President of the Storting, C. J Hambro, created the opportunity for the Norwegian Royal Family, the Cabinet, and most of the 150 members of the Storting (parliament) to make a hasty departure from the capital by special train.  The Storting first convened at Hamar the same afternoon, but with the rapid advance of German troops, the group moved on to Elverum. The assembled Parliament unanimously enacted a resolution, the so-called Elverumsfullmakten (Elverum Authorization), granting the Cabinet full powers to protect the country until such time as the Storting could meet again.  The next day, German Minister Curt Bräuer demanded a meeting with Haakon. The German diplomat called on the Norwegians to cease their resistance and stated Hitler's demand that the King appoint Nazi sympathizer Vidkun Quisling, who had declared himself prime minister hours earlier in Oslo, as head of what would be a German puppet government. Bräuer suggested that Haakon follow the example of the Danish government and his brother, Christian X, which had surrendered almost immediately after the previous day's invasion, and threatened Norway with harsh conditions if it did not surrender. Haakon told Bräuer that he could not make such a decision himself, but only on the advice of the Government. Although the Constitution of Norway nominally gives the King the final responsibility for making such a decision, in practice nearly all major governmental decisions are made by the Government (the Council of State) in his name.  Haakon went on to say that he could not appoint any government headed by Quisling because he knew neither the people nor the Storting had confidence in him. However, if the Cabinet felt otherwise, the King said he would abdicate so as not to stand in the way of the Government's decision.  Nils Hjelmtveit, Minister of Church and Education, later wrote: "This made a great impression on us all. More clearly than ever before we could see the man behind the words; the king who had drawn a line for himself and his task, a line from which he could not deviate. We had through the five years [in government] learned to respect and appreciate our king and now, through his words, he came to us as a great man, just and forceful; a leader in these fatal times to our country."  Inspired by Haakon's stand, the Government unanimously advised Haakon not to appoint any government headed by Quisling. Within hours, it telephoned its refusal to Bräuer. That night, NRK broadcast the government's refusal to the Norwegian people. In that same broadcast, the government announced that they would resist the German attack as long as possible, and expressed their confidence that Norwegians would lend their support to the cause.  The following morning, 11 April 1940, bomber aircraft of the Luftwaffe  attacked Nybergsund, destroying the small town where the Norwegian government was staying in an attempt to wipe out Norway's unyielding King and Government. The King and his ministers took refuge in the snow-covered woods and escaped harm, continuing farther north through the rugged Norwegian mountains toward Molde  on Norway's northwestern coast. As the British forces in the area lost ground under Luftwaffe bombardment, the King and his party were taken aboard the British cruiser HMS Glasgow at Molde and conveyed by sea another 1000 km north to Tromsø where a provisional capital was established on 1 May. Haakon and Crown Prince Olav took up residence in a forest cabin in Maalselvdalen valley in inner Troms county where they would stay until the evacuation to the United Kingdom. While residing in Troms the two were protected by local rifle association members armed with the ubiquitous Krag-Jørgensen rifle.  During Norway's five years under German control, many Norwegians surreptitiously wore clothing or jewelry made from coins bearing Haakon's "H7" monogram as symbols of resistance to the German occupation and of solidarity with their exiled king and government, just as many people in Denmark wore his brother's monogram on a pin. The King's monogram was also painted and otherwise reproduced on various surfaces as a show of resistance to the occupation.  After the end of the war, Haakon and the Norwegian Royal Family returned to Norway aboard the cruiser HMS Norfolk, arriving with the First Cruiser Squadron to cheering crowds in Oslo on 7 June 1945 exactly five years after they had been evacuated from Tromsø.

In 1947 the Norwegian people, by public subscription, purchased the Royal Yacht, Norge, for the King. In 2009 it remains as one of only two such vessels belonging to a European monarch. The other yacht belonging to the Queen of Denmark.  King Haakon VII fell in his bathroom at the estate at Bygdøy in July 1955. This fall, which occurred just a month before his eighty-third birthday, broke the King's thighbone and, although there were few other complications resulting from the fall, the King was left confined to a wheelchair. The once-active king was said to have been depressed by his resulting helplessness and began to lose his customary involvement and interest in current events. With Haakon's loss of mobility, and as the King's health deteriorated further in the summer of 1957, Crown Prince Olav appeared on behalf of his father on ceremonial occasions and took a more active role in state affairs. At Haakon's death in 1957, the Crown Prince succeeded as Olav V.  Today, King Haakon is regarded by many as one of the greatest Norwegian leaders of the pre-war period, managing to hold his young and fragile country together in unstable political conditions. In 1927 he said, "I am also the King of the Communists" (Norwegian: "Jeg er ogsaa kommunistenes konge").  His loyalty to democracy proved to be crucial for the political situation of Norway during and after World War II.</Spanish>
	</TEXT>
	<TEXT>
		<Tag>AI_DIPLO_FIRST_CONTACT_LEADER_HAAKON_1</Tag>
		<English>I represent all people of [OUR_CIV_SHORT], and I will not support those who do not fufill that duty to their people.</English>
		<French>Je représente le peuple de Norvège, et je ne supporterais pas ceux qui ne représentent pas le souhait de leur peuple.</French>
		<German>I represent all people of [OUR_CIV_SHORT], and I will not support those who do not fufill that duty to their people.</German>
		<Italian>I represent all people of [OUR_CIV_SHORT], and I will not support those who do not fufill that duty to their people.</Italian>
		<Spanish>I represent all people of [OUR_CIV_SHORT], and I will not support those who do not fufill that duty to their people.</Spanish>
	</TEXT>
</Civ4GameText>