<?xml version="1.0" encoding="utf-8"?>
<!-- Sid Meier's Civilization 4 Beyond the Sword -->
<!-- Modified by the Civ Gold Team -->
<!-- -->
<Civ4GameText xmlns="http://www.firaxis.com">
	<TEXT>
		<Tag>TXT_KEY_UNIT_VEDIC_RATHIN</Tag>
		<English>Rathin</English>
		<French>Rathin</French>
		<German>Rathin</German>
		<Italian>Rathin</Italian>
		<Spanish>Rathin</Spanish>
	</TEXT>
	<TEXT>
		<Tag>TXT_KEY_UNIT_VEDIC_RATHIN_PEDIA</Tag>
		<English>[TAB]The main duty of the king in Vedic civilizations was to protect the tribe. He was aided by two functionaries, the "purohita" (chaplain) and the "senani" (army chief; "sena": army). The former not only gave advice to the ruler but also practiced spells and charms for success in war. Soldiers on foot ("patti") and on chariots ("rathin"), armed with bow and arrow were common. The king employed "spasa" (spies) and "duta"s (messengers). He often got a ceremonial gift, "bali", from the people. </English>
		<French>[TAB]The main duty of the king in Vedic civilizations was to protect the tribe. He was aided by two functionaries, the "purohita" (chaplain) and the "senani" (army chief; "sena": army). The former not only gave advice to the ruler but also practiced spells and charms for success in war. Soldiers on foot ("patti") and on chariots ("rathin"), armed with bow and arrow were common. The king employed "spasa" (spies) and "duta"s (messengers). He often got a ceremonial gift, "bali", from the people. </French>
		<German>[TAB]The main duty of the king in Vedic civilizations was to protect the tribe. He was aided by two functionaries, the "purohita" (chaplain) and the "senani" (army chief; "sena": army). The former not only gave advice to the ruler but also practiced spells and charms for success in war. Soldiers on foot ("patti") and on chariots ("rathin"), armed with bow and arrow were common. The king employed "spasa" (spies) and "duta"s (messengers). He often got a ceremonial gift, "bali", from the people. </German>
		<Italian>[TAB]The main duty of the king in Vedic civilizations was to protect the tribe. He was aided by two functionaries, the "purohita" (chaplain) and the "senani" (army chief; "sena": army). The former not only gave advice to the ruler but also practiced spells and charms for success in war. Soldiers on foot ("patti") and on chariots ("rathin"), armed with bow and arrow were common. The king employed "spasa" (spies) and "duta"s (messengers). He often got a ceremonial gift, "bali", from the people. </Italian>
		<Spanish>[TAB]The main duty of the king in Vedic civilizations was to protect the tribe. He was aided by two functionaries, the "purohita" (chaplain) and the "senani" (army chief; "sena": army). The former not only gave advice to the ruler but also practiced spells and charms for success in war. Soldiers on foot ("patti") and on chariots ("rathin"), armed with bow and arrow were common. The king employed "spasa" (spies) and "duta"s (messengers). He often got a ceremonial gift, "bali", from the people. </Spanish>
	</TEXT>
	<TEXT>
		<Tag>TXT_KEY_UNIT_VEDIC_RATHIN_STRATEGY</Tag>
		<English>The large stone chariots of the Vedic civilization - called [COLOR_UNIT_TEXT]Rathins[COLOR_REVERT] - replace the traditional [COLOR_UNIT_TEXT]Chariot[COLOR_REVERT], and gain both a offensive bonus against Melee units.</English>
		<French>Les grands chars de pierre de la civilisation védique - appellés [COLOR_UNIT_TEXT]rathins[COLOR_REVERT] - remplace le [COLOR_UNIT_TEXT]char[COLOR_REVERT] traditionel, et procurent un bonus offensif contre les unités de combat rapproché.</French>
		<German>The large stone chariots of the Vedic civilization - called [COLOR_UNIT_TEXT]Rathins[COLOR_REVERT] - replace the traditional [COLOR_UNIT_TEXT]Chariot[COLOR_REVERT], and gain both a offensive bonus against Melee units.</German>
		<Italian>The large stone chariots of the Vedic civilization - called [COLOR_UNIT_TEXT]Rathins[COLOR_REVERT] - replace the traditional [COLOR_UNIT_TEXT]Chariot[COLOR_REVERT], and gain both a offensive bonus against Melee units.</Italian>
		<Spanish>The large stone chariots of the Vedic civilization - called [COLOR_UNIT_TEXT]Rathins[COLOR_REVERT] - replace the traditional [COLOR_UNIT_TEXT]Chariot[COLOR_REVERT], and gain both a offensive bonus against Melee units.</Spanish>
	</TEXT>
</Civ4GameText>
