<?xml version="1.0" encoding="ISO-8859-1"?>
<!-- Sid Meier's Civilization 4 Beyond the Sword -->
<!-- Modified by the Civ Gold Team -->
<!-- -->
<Civ4GameText xmlns="http://www.firaxis.com">
	<TEXT>
		<Tag>TXT_KEY_LEADER_CHANGAMIRE</Tag>
		<English>Changamire</English>
		<French>Changamire</French>
		<German>Changamire</German>
		<Italian>Changamire</Italian>
		<Spanish>Changamire</Spanish>
	</TEXT>
	<TEXT>
		<Tag>TXT_KEY_LEADER_CHANGAMIRE_PEDIA</Tag>
		<English>[H1]Changamire Dombo[\H1][NEWLINE][BOLD]King of the Rozwi Empire[\BOLD][NEWLINE][BOLD]Lived: [\BOLD]c. 1660 - 1695[NEWLINE][PARAGRAPH:2][BOLD]Background:[\BOLD][NEWLINE][TAB]In 1693 the Portuguese were defeated by the Rozwi. Modern scholars think they were led by Changamire Dombo, whose power was based in Butua in the southwest. The Rozwi were formed from several Shona states that dominated the plateau of present-day Zimbabwe at the time. They drove the Portuguese off the central plateau, and the Europeans retained only a nominal presence at one of the fairs in the eastern highlands.  Changamire brought the whole of present-day Zimbabwe under his control, forming a polity that became known as the Rozwi Empire. This fierce tribe of warriors was to be known as the Rozvi people.  They established their capital at Danamombe, also known as Dhlo-Dhlo.  Many sources see the Rozvi not as a recovering segment of the Mutapa people, but in fact a people in its own right emerging under the wing of the Mutapa (compare the rise of the Khumalo from under the Zulu nation). The administrative power of the Mutapa began to fail to control the whole empire, and tributaries began to exert more independence.  A leader of the people of guruuswa, given the title Changamire and known as Dombo, became independent from the Mutapa. When the Portuguese tried to colonize, Changamire Dombo led rebellions against their rule. The area of the Rozwi empire fluctuated. Its influence extended over much of present-day Zimbabwe, westward into Botswana, and southward into northeastern South Africa.</English>
		<French>[H1]Changamire Dombo[\H1][NEWLINE][BOLD]King of the Rozwi Empire[\BOLD][NEWLINE][BOLD]Lived: [\BOLD]c. 1660 - 1695[NEWLINE][PARAGRAPH:2][BOLD]Background:[\BOLD][NEWLINE][TAB]In 1693 the Portuguese were defeated by the Rozwi. Modern scholars think they were led by Changamire Dombo, whose power was based in Butua in the southwest. The Rozwi were formed from several Shona states that dominated the plateau of present-day Zimbabwe at the time. They drove the Portuguese off the central plateau, and the Europeans retained only a nominal presence at one of the fairs in the eastern highlands.  Changamire brought the whole of present-day Zimbabwe under his control, forming a polity that became known as the Rozwi Empire. This fierce tribe of warriors was to be known as the Rozvi people.  They established their capital at Danamombe, also known as Dhlo-Dhlo.  Many sources see the Rozvi not as a recovering segment of the Mutapa people, but in fact a people in its own right emerging under the wing of the Mutapa (compare the rise of the Khumalo from under the Zulu nation). The administrative power of the Mutapa began to fail to control the whole empire, and tributaries began to exert more independence.  A leader of the people of guruuswa, given the title Changamire and known as Dombo, became independent from the Mutapa. When the Portuguese tried to colonize, Changamire Dombo led rebellions against their rule. The area of the Rozwi empire fluctuated. Its influence extended over much of present-day Zimbabwe, westward into Botswana, and southward into northeastern South Africa.</French>
		<German>[H1]Changamire Dombo[\H1][NEWLINE][BOLD]King of the Rozwi Empire[\BOLD][NEWLINE][BOLD]Lived: [\BOLD]c. 1660 - 1695[NEWLINE][PARAGRAPH:2][BOLD]Background:[\BOLD][NEWLINE][TAB]In 1693 the Portuguese were defeated by the Rozwi. Modern scholars think they were led by Changamire Dombo, whose power was based in Butua in the southwest. The Rozwi were formed from several Shona states that dominated the plateau of present-day Zimbabwe at the time. They drove the Portuguese off the central plateau, and the Europeans retained only a nominal presence at one of the fairs in the eastern highlands.  Changamire brought the whole of present-day Zimbabwe under his control, forming a polity that became known as the Rozwi Empire. This fierce tribe of warriors was to be known as the Rozvi people.  They established their capital at Danamombe, also known as Dhlo-Dhlo.  Many sources see the Rozvi not as a recovering segment of the Mutapa people, but in fact a people in its own right emerging under the wing of the Mutapa (compare the rise of the Khumalo from under the Zulu nation). The administrative power of the Mutapa began to fail to control the whole empire, and tributaries began to exert more independence.  A leader of the people of guruuswa, given the title Changamire and known as Dombo, became independent from the Mutapa. When the Portuguese tried to colonize, Changamire Dombo led rebellions against their rule. The area of the Rozwi empire fluctuated. Its influence extended over much of present-day Zimbabwe, westward into Botswana, and southward into northeastern South Africa.</German>
		<Italian>[H1]Changamire Dombo[\H1][NEWLINE][BOLD]King of the Rozwi Empire[\BOLD][NEWLINE][BOLD]Lived: [\BOLD]c. 1660 - 1695[NEWLINE][PARAGRAPH:2][BOLD]Background:[\BOLD][NEWLINE][TAB]In 1693 the Portuguese were defeated by the Rozwi. Modern scholars think they were led by Changamire Dombo, whose power was based in Butua in the southwest. The Rozwi were formed from several Shona states that dominated the plateau of present-day Zimbabwe at the time. They drove the Portuguese off the central plateau, and the Europeans retained only a nominal presence at one of the fairs in the eastern highlands.  Changamire brought the whole of present-day Zimbabwe under his control, forming a polity that became known as the Rozwi Empire. This fierce tribe of warriors was to be known as the Rozvi people.  They established their capital at Danamombe, also known as Dhlo-Dhlo.  Many sources see the Rozvi not as a recovering segment of the Mutapa people, but in fact a people in its own right emerging under the wing of the Mutapa (compare the rise of the Khumalo from under the Zulu nation). The administrative power of the Mutapa began to fail to control the whole empire, and tributaries began to exert more independence.  A leader of the people of guruuswa, given the title Changamire and known as Dombo, became independent from the Mutapa. When the Portuguese tried to colonize, Changamire Dombo led rebellions against their rule. The area of the Rozwi empire fluctuated. Its influence extended over much of present-day Zimbabwe, westward into Botswana, and southward into northeastern South Africa.</Italian>
		<Spanish>[H1]Changamire Dombo[\H1][NEWLINE][BOLD]King of the Rozwi Empire[\BOLD][NEWLINE][BOLD]Lived: [\BOLD]c. 1660 - 1695[NEWLINE][PARAGRAPH:2][BOLD]Background:[\BOLD][NEWLINE][TAB]In 1693 the Portuguese were defeated by the Rozwi. Modern scholars think they were led by Changamire Dombo, whose power was based in Butua in the southwest. The Rozwi were formed from several Shona states that dominated the plateau of present-day Zimbabwe at the time. They drove the Portuguese off the central plateau, and the Europeans retained only a nominal presence at one of the fairs in the eastern highlands.  Changamire brought the whole of present-day Zimbabwe under his control, forming a polity that became known as the Rozwi Empire. This fierce tribe of warriors was to be known as the Rozvi people.  They established their capital at Danamombe, also known as Dhlo-Dhlo.  Many sources see the Rozvi not as a recovering segment of the Mutapa people, but in fact a people in its own right emerging under the wing of the Mutapa (compare the rise of the Khumalo from under the Zulu nation). The administrative power of the Mutapa began to fail to control the whole empire, and tributaries began to exert more independence.  A leader of the people of guruuswa, given the title Changamire and known as Dombo, became independent from the Mutapa. When the Portuguese tried to colonize, Changamire Dombo led rebellions against their rule. The area of the Rozwi empire fluctuated. Its influence extended over much of present-day Zimbabwe, westward into Botswana, and southward into northeastern South Africa.</Spanish>
	</TEXT>
	<TEXT>
		<Tag>AI_DIPLO_FIRST_CONTACT_LEADER_CHANGAMIRE_1</Tag>
		<English>Beware [CT_NAME]!  We drove out our enemies before and we can do it again!</English>
		<French>Prenez garde [CT_NAME]!  Nous avons �conduit nos ennemis auparavant, et nous pouvons le refaire !</French>
		<German>Beware [CT_NAME]!  We drove out our enemies before and we can do it again!</German>
		<Italian>Beware [CT_NAME]!  We drove out our enemies before and we can do it again!</Italian>
		<Spanish>Beware [CT_NAME]!  We drove out our enemies before and we can do it again!</Spanish>
	</TEXT>
</Civ4GameText>