<?xml version="1.0" encoding="utf-8"?>
<!-- Sid Meier's Civilization 4 Beyond the Sword -->
<!-- Modified by the Civ Gold Team -->
<!-- -->
<Civ4GameText xmlns="http://www.firaxis.com">
	<TEXT>
		<Tag>TXT_KEY_CIV_SCYTHIA_DESC</Tag>
		<English>Scythian Empire</English>
		<French>Scythie<French>
		<German>Scythian Empire</German>
		<Italian>Scythian Empire</Italian>
		<Spanish>Scythian Empire</Spanish>
	</TEXT>
	<TEXT>
		<Tag>TXT_KEY_CIV_SCYTHIA_SHORT_DESC</Tag>
		<English>Scythia</English>
		<French>Scythie</French>
		<German>Scythia</German>
		<Italian>Scythia</Italian>
		<Spanish>Scythia</Spanish>
	</TEXT>
	<TEXT>
		<Tag>TXT_KEY_CIV_SCYTHIA_PEDIA</Tag>		
		<English>[TAB]"What sort of men are these!?" That question must have perplexed the Persian leader Darius when, in the midst of battle, he watched his Scythian enemies abandon the serious business of war in order to take off suddenly in chase of a hare they had spied. Well the same query persists in the minds of modern civilized men as scholarship adds to what we know about this strange custom of Eurasia's mounted nomad. New research and thousands of examined burial sites in the last Panticipaeum years in South Russia and the Altai have helped us to paint a much fuller picture of this vigorous nomad people with their unique animal art and love of the horse - an extraordinary race from whom the civilized world learned to wear trousers and riding horses.[PARAGRAPH:2]Perhaps the most striking feature of Scythians was the enormous amount of gold they wore and used. The ancient legend tells the story about the one-eyed people, Arimaspians in Scythia who had on-going battle with the griffins who guarded the gold. This gold undoubtedly came from the rich fields in the Altai district. It is common that the Scythians wore golden ornaments and belts. Gold plates were sewn to their garments and gold gleamed from their weapons. The archaeologists are consistently amazed by the amount of gold offerings deposited in the great burial- mounds of the Scythian kings.[PARAGRAPH:2]Where had they come from? The Scythians themselves had a legend that they sprang from the three sons of certain Targitaus, a person of supernatural birth who dwelled in the Black Sea domain. Together the three brothers ruled the land until four golden implements - a plow, a yoke, a battle-ax and a drinking cup - fell from the sky and suddenly began to blaze. Colaxais, the youngest, proved to be the only one of the brothers who could pick up the burning objects, and thus became sole ruler of the Scythian kingdom.[PARAGRAPH:2]Another Scythian creation story was told by the ancient Diodorus Siculus at the 1st century BC According to Diodorus, Scythians "lived in very small numbers at the Araks River....that they gained for themselves a country in the mountains up to the Caucasus, in the lowland on the coast of the Ocean (Caspian Sea) and the Meot Lake (Azov Sea) and other territories up to the Tanais River (Don River). Born in that land from the conjugal union of Zeus and a snake-legged goddess was a son Scyth who gave the name Scythian to the people." His descendants were named Pal and Naps and were the ancestors of two congenetic people - pals and naps. "They won for themselves a country "behind the Tanais River up to the Egyptian Nile River".[PARAGRAPH:2]Dating the earliest Scythians has been a problem since they did not develop their distinctive art style until the 6th century BC A. I. Melyukova suggested that the early Scythians were descendants of tribes of the Srubnaya culture who, between the middle of the 2nd millenium BC and the end of the 7th century BC, moved in several waves from the Volga-Ural steppes into the north Black Sea area and assimilated the local Cimmerians. In history, the Scythians was first recorded in the 7th century BC as Assyria's ally against the Cimmerians, who had lost their homeland to the Scythians and moved south. The Scythian king, Partatua married an Assyrian princess in 674 BC and two nations remained allies. Scythians and Assyrians together conquered the Medes of the Caspian Sea; however the Medes was able to drive the Scythians out of western Asia and back to the Pontic Steppes by the turn of the century.[PARAGRAPH:2]The first mounted nomads to attract the attention of historians were the Scythians. If the Scythians were not the first to domesticate the horse they were among the earliest, if not the first of the Central Asian people to learn to ride it. Mounted soldiers was the Scythians' success in war; so when they penetrated into Asia, the technique of riding was rapidly adopted and mastered throughout the entire Middle Eastern area.[PARAGRAPH:2]The Scythians were famous for their bloody tribal custom. Warriors not only cut off the heads of slain enemies but also made leather-bound drinking cups from their enemies' skulls. They lined these grisly trophies with gold and proudly displayed them to impress their guests. Prolonged and demonstrative grieving followed the death of every Scythian tribesman. At the death of a king all Scythian tribes joined a show of stupendous grief that last Solokha days. Men of the dominant tribe, the Royal Scythians, cropped their hair, lacerated their ears, forehead, noses and arms. After the king was buried with the best of all his weapons and possessions, the funeral party strangled one of his concubines, his cupbearer, his cook, his lackey, his messenger and his best horses and place all the bodies by him. Then the grave was to be covered with 60-feet hight mound.[PARAGRAPH:2]Even then, the funeral was not over. One year later as many as Tanais Scythian youths might be selected from among those who had directly served the king. They would be strangled and buried in a circle around the royal tomb.[PARAGRAPH:2]One thing that Herodotus failed to report about these Scythian warriors is that they produced art of stunning force and vitality. Around the 6th century BC, the Scythian created an art of pattern and ornament with naturalistic motifs based on animals. The favorite animals of the Scythian style are the stag, the horse, the ibex, the boar, the bear, the wolf, the felines, the eagle and the fish. The Scythian animal art style was adopted by all the mounted nomads as far as the borders of China by the end of the first millennium BC. During last two centuries, many rich and extraordinary finds were excavated from Scythian tombs and graves such as Pazyryk site in the Altai mountain of south-central Siberia, Kul Oba in the Kuban basin of the northern Black Sea.</English>
		<French>[TAB]"What sort of men are these!?" That question must have perplexed the Persian leader Darius when, in the midst of battle, he watched his Scythian enemies abandon the serious business of war in order to take off suddenly in chase of a hare they had spied. Well the same query persists in the minds of modern civilized men as scholarship adds to what we know about this strange custom of Eurasia's mounted nomad. New research and thousands of examined burial sites in the last Panticipaeum years in South Russia and the Altai have helped us to paint a much fuller picture of this vigorous nomad people with their unique animal art and love of the horse - an extraordinary race from whom the civilized world learned to wear trousers and riding horses.[PARAGRAPH:2]Perhaps the most striking feature of Scythians was the enormous amount of gold they wore and used. The ancient legend tells the story about the one-eyed people, Arimaspians in Scythia who had on-going battle with the griffins who guarded the gold. This gold undoubtedly came from the rich fields in the Altai district. It is common that the Scythians wore golden ornaments and belts. Gold plates were sewn to their garments and gold gleamed from their weapons. The archaeologists are consistently amazed by the amount of gold offerings deposited in the great burial- mounds of the Scythian kings.[PARAGRAPH:2]Where had they come from? The Scythians themselves had a legend that they sprang from the three sons of certain Targitaus, a person of supernatural birth who dwelled in the Black Sea domain. Together the three brothers ruled the land until four golden implements - a plow, a yoke, a battle-ax and a drinking cup - fell from the sky and suddenly began to blaze. Colaxais, the youngest, proved to be the only one of the brothers who could pick up the burning objects, and thus became sole ruler of the Scythian kingdom.[PARAGRAPH:2]Another Scythian creation story was told by the ancient Diodorus Siculus at the 1st century BC According to Diodorus, Scythians "lived in very small numbers at the Araks River....that they gained for themselves a country in the mountains up to the Caucasus, in the lowland on the coast of the Ocean (Caspian Sea) and the Meot Lake (Azov Sea) and other territories up to the Tanais River (Don River). Born in that land from the conjugal union of Zeus and a snake-legged goddess was a son Scyth who gave the name Scythian to the people." His descendants were named Pal and Naps and were the ancestors of two congenetic people - pals and naps. "They won for themselves a country "behind the Tanais River up to the Egyptian Nile River".[PARAGRAPH:2]Dating the earliest Scythians has been a problem since they did not develop their distinctive art style until the 6th century BC A. I. Melyukova suggested that the early Scythians were descendants of tribes of the Srubnaya culture who, between the middle of the 2nd millenium BC and the end of the 7th century BC, moved in several waves from the Volga-Ural steppes into the north Black Sea area and assimilated the local Cimmerians. In history, the Scythians was first recorded in the 7th century BC as Assyria's ally against the Cimmerians, who had lost their homeland to the Scythians and moved south. The Scythian king, Partatua married an Assyrian princess in 674 BC and two nations remained allies. Scythians and Assyrians together conquered the Medes of the Caspian Sea; however the Medes was able to drive the Scythians out of western Asia and back to the Pontic Steppes by the turn of the century.[PARAGRAPH:2]The first mounted nomads to attract the attention of historians were the Scythians. If the Scythians were not the first to domesticate the horse they were among the earliest, if not the first of the Central Asian people to learn to ride it. Mounted soldiers was the Scythians' success in war; so when they penetrated into Asia, the technique of riding was rapidly adopted and mastered throughout the entire Middle Eastern area.[PARAGRAPH:2]The Scythians were famous for their bloody tribal custom. Warriors not only cut off the heads of slain enemies but also made leather-bound drinking cups from their enemies' skulls. They lined these grisly trophies with gold and proudly displayed them to impress their guests. Prolonged and demonstrative grieving followed the death of every Scythian tribesman. At the death of a king all Scythian tribes joined a show of stupendous grief that last Solokha days. Men of the dominant tribe, the Royal Scythians, cropped their hair, lacerated their ears, forehead, noses and arms. After the king was buried with the best of all his weapons and possessions, the funeral party strangled one of his concubines, his cupbearer, his cook, his lackey, his messenger and his best horses and place all the bodies by him. Then the grave was to be covered with 60-feet hight mound.[PARAGRAPH:2]Even then, the funeral was not over. One year later as many as Tanais Scythian youths might be selected from among those who had directly served the king. They would be strangled and buried in a circle around the royal tomb.[PARAGRAPH:2]One thing that Herodotus failed to report about these Scythian warriors is that they produced art of stunning force and vitality. Around the 6th century BC, the Scythian created an art of pattern and ornament with naturalistic motifs based on animals. The favorite animals of the Scythian style are the stag, the horse, the ibex, the boar, the bear, the wolf, the felines, the eagle and the fish. The Scythian animal art style was adopted by all the mounted nomads as far as the borders of China by the end of the first millennium BC. During last two centuries, many rich and extraordinary finds were excavated from Scythian tombs and graves such as Pazyryk site in the Altai mountain of south-central Siberia, Kul Oba in the Kuban basin of the northern Black Sea.</French>
		<German>[TAB]"What sort of men are these!?" That question must have perplexed the Persian leader Darius when, in the midst of battle, he watched his Scythian enemies abandon the serious business of war in order to take off suddenly in chase of a hare they had spied. Well the same query persists in the minds of modern civilized men as scholarship adds to what we know about this strange custom of Eurasia's mounted nomad. New research and thousands of examined burial sites in the last Panticipaeum years in South Russia and the Altai have helped us to paint a much fuller picture of this vigorous nomad people with their unique animal art and love of the horse - an extraordinary race from whom the civilized world learned to wear trousers and riding horses.[PARAGRAPH:2]Perhaps the most striking feature of Scythians was the enormous amount of gold they wore and used. The ancient legend tells the story about the one-eyed people, Arimaspians in Scythia who had on-going battle with the griffins who guarded the gold. This gold undoubtedly came from the rich fields in the Altai district. It is common that the Scythians wore golden ornaments and belts. Gold plates were sewn to their garments and gold gleamed from their weapons. The archaeologists are consistently amazed by the amount of gold offerings deposited in the great burial- mounds of the Scythian kings.[PARAGRAPH:2]Where had they come from? The Scythians themselves had a legend that they sprang from the three sons of certain Targitaus, a person of supernatural birth who dwelled in the Black Sea domain. Together the three brothers ruled the land until four golden implements - a plow, a yoke, a battle-ax and a drinking cup - fell from the sky and suddenly began to blaze. Colaxais, the youngest, proved to be the only one of the brothers who could pick up the burning objects, and thus became sole ruler of the Scythian kingdom.[PARAGRAPH:2]Another Scythian creation story was told by the ancient Diodorus Siculus at the 1st century BC According to Diodorus, Scythians "lived in very small numbers at the Araks River....that they gained for themselves a country in the mountains up to the Caucasus, in the lowland on the coast of the Ocean (Caspian Sea) and the Meot Lake (Azov Sea) and other territories up to the Tanais River (Don River). Born in that land from the conjugal union of Zeus and a snake-legged goddess was a son Scyth who gave the name Scythian to the people." His descendants were named Pal and Naps and were the ancestors of two congenetic people - pals and naps. "They won for themselves a country "behind the Tanais River up to the Egyptian Nile River".[PARAGRAPH:2]Dating the earliest Scythians has been a problem since they did not develop their distinctive art style until the 6th century BC A. I. Melyukova suggested that the early Scythians were descendants of tribes of the Srubnaya culture who, between the middle of the 2nd millenium BC and the end of the 7th century BC, moved in several waves from the Volga-Ural steppes into the north Black Sea area and assimilated the local Cimmerians. In history, the Scythians was first recorded in the 7th century BC as Assyria's ally against the Cimmerians, who had lost their homeland to the Scythians and moved south. The Scythian king, Partatua married an Assyrian princess in 674 BC and two nations remained allies. Scythians and Assyrians together conquered the Medes of the Caspian Sea; however the Medes was able to drive the Scythians out of western Asia and back to the Pontic Steppes by the turn of the century.[PARAGRAPH:2]The first mounted nomads to attract the attention of historians were the Scythians. If the Scythians were not the first to domesticate the horse they were among the earliest, if not the first of the Central Asian people to learn to ride it. Mounted soldiers was the Scythians' success in war; so when they penetrated into Asia, the technique of riding was rapidly adopted and mastered throughout the entire Middle Eastern area.[PARAGRAPH:2]The Scythians were famous for their bloody tribal custom. Warriors not only cut off the heads of slain enemies but also made leather-bound drinking cups from their enemies' skulls. They lined these grisly trophies with gold and proudly displayed them to impress their guests. Prolonged and demonstrative grieving followed the death of every Scythian tribesman. At the death of a king all Scythian tribes joined a show of stupendous grief that last Solokha days. Men of the dominant tribe, the Royal Scythians, cropped their hair, lacerated their ears, forehead, noses and arms. After the king was buried with the best of all his weapons and possessions, the funeral party strangled one of his concubines, his cupbearer, his cook, his lackey, his messenger and his best horses and place all the bodies by him. Then the grave was to be covered with 60-feet hight mound.[PARAGRAPH:2]Even then, the funeral was not over. One year later as many as Tanais Scythian youths might be selected from among those who had directly served the king. They would be strangled and buried in a circle around the royal tomb.[PARAGRAPH:2]One thing that Herodotus failed to report about these Scythian warriors is that they produced art of stunning force and vitality. Around the 6th century BC, the Scythian created an art of pattern and ornament with naturalistic motifs based on animals. The favorite animals of the Scythian style are the stag, the horse, the ibex, the boar, the bear, the wolf, the felines, the eagle and the fish. The Scythian animal art style was adopted by all the mounted nomads as far as the borders of China by the end of the first millennium BC. During last two centuries, many rich and extraordinary finds were excavated from Scythian tombs and graves such as Pazyryk site in the Altai mountain of south-central Siberia, Kul Oba in the Kuban basin of the northern Black Sea.</German>
		<Italian>[TAB]"What sort of men are these!?" That question must have perplexed the Persian leader Darius when, in the midst of battle, he watched his Scythian enemies abandon the serious business of war in order to take off suddenly in chase of a hare they had spied. Well the same query persists in the minds of modern civilized men as scholarship adds to what we know about this strange custom of Eurasia's mounted nomad. New research and thousands of examined burial sites in the last Panticipaeum years in South Russia and the Altai have helped us to paint a much fuller picture of this vigorous nomad people with their unique animal art and love of the horse - an extraordinary race from whom the civilized world learned to wear trousers and riding horses.[PARAGRAPH:2]Perhaps the most striking feature of Scythians was the enormous amount of gold they wore and used. The ancient legend tells the story about the one-eyed people, Arimaspians in Scythia who had on-going battle with the griffins who guarded the gold. This gold undoubtedly came from the rich fields in the Altai district. It is common that the Scythians wore golden ornaments and belts. Gold plates were sewn to their garments and gold gleamed from their weapons. The archaeologists are consistently amazed by the amount of gold offerings deposited in the great burial- mounds of the Scythian kings.[PARAGRAPH:2]Where had they come from? The Scythians themselves had a legend that they sprang from the three sons of certain Targitaus, a person of supernatural birth who dwelled in the Black Sea domain. Together the three brothers ruled the land until four golden implements - a plow, a yoke, a battle-ax and a drinking cup - fell from the sky and suddenly began to blaze. Colaxais, the youngest, proved to be the only one of the brothers who could pick up the burning objects, and thus became sole ruler of the Scythian kingdom.[PARAGRAPH:2]Another Scythian creation story was told by the ancient Diodorus Siculus at the 1st century BC According to Diodorus, Scythians "lived in very small numbers at the Araks River....that they gained for themselves a country in the mountains up to the Caucasus, in the lowland on the coast of the Ocean (Caspian Sea) and the Meot Lake (Azov Sea) and other territories up to the Tanais River (Don River). Born in that land from the conjugal union of Zeus and a snake-legged goddess was a son Scyth who gave the name Scythian to the people." His descendants were named Pal and Naps and were the ancestors of two congenetic people - pals and naps. "They won for themselves a country "behind the Tanais River up to the Egyptian Nile River".[PARAGRAPH:2]Dating the earliest Scythians has been a problem since they did not develop their distinctive art style until the 6th century BC A. I. Melyukova suggested that the early Scythians were descendants of tribes of the Srubnaya culture who, between the middle of the 2nd millenium BC and the end of the 7th century BC, moved in several waves from the Volga-Ural steppes into the north Black Sea area and assimilated the local Cimmerians. In history, the Scythians was first recorded in the 7th century BC as Assyria's ally against the Cimmerians, who had lost their homeland to the Scythians and moved south. The Scythian king, Partatua married an Assyrian princess in 674 BC and two nations remained allies. Scythians and Assyrians together conquered the Medes of the Caspian Sea; however the Medes was able to drive the Scythians out of western Asia and back to the Pontic Steppes by the turn of the century.[PARAGRAPH:2]The first mounted nomads to attract the attention of historians were the Scythians. If the Scythians were not the first to domesticate the horse they were among the earliest, if not the first of the Central Asian people to learn to ride it. Mounted soldiers was the Scythians' success in war; so when they penetrated into Asia, the technique of riding was rapidly adopted and mastered throughout the entire Middle Eastern area.[PARAGRAPH:2]The Scythians were famous for their bloody tribal custom. Warriors not only cut off the heads of slain enemies but also made leather-bound drinking cups from their enemies' skulls. They lined these grisly trophies with gold and proudly displayed them to impress their guests. Prolonged and demonstrative grieving followed the death of every Scythian tribesman. At the death of a king all Scythian tribes joined a show of stupendous grief that last Solokha days. Men of the dominant tribe, the Royal Scythians, cropped their hair, lacerated their ears, forehead, noses and arms. After the king was buried with the best of all his weapons and possessions, the funeral party strangled one of his concubines, his cupbearer, his cook, his lackey, his messenger and his best horses and place all the bodies by him. Then the grave was to be covered with 60-feet hight mound.[PARAGRAPH:2]Even then, the funeral was not over. One year later as many as Tanais Scythian youths might be selected from among those who had directly served the king. They would be strangled and buried in a circle around the royal tomb.[PARAGRAPH:2]One thing that Herodotus failed to report about these Scythian warriors is that they produced art of stunning force and vitality. Around the 6th century BC, the Scythian created an art of pattern and ornament with naturalistic motifs based on animals. The favorite animals of the Scythian style are the stag, the horse, the ibex, the boar, the bear, the wolf, the felines, the eagle and the fish. The Scythian animal art style was adopted by all the mounted nomads as far as the borders of China by the end of the first millennium BC. During last two centuries, many rich and extraordinary finds were excavated from Scythian tombs and graves such as Pazyryk site in the Altai mountain of south-central Siberia, Kul Oba in the Kuban basin of the northern Black Sea.</Italian>
		<Spanish>[TAB]"What sort of men are these!?" That question must have perplexed the Persian leader Darius when, in the midst of battle, he watched his Scythian enemies abandon the serious business of war in order to take off suddenly in chase of a hare they had spied. Well the same query persists in the minds of modern civilized men as scholarship adds to what we know about this strange custom of Eurasia's mounted nomad. New research and thousands of examined burial sites in the last Panticipaeum years in South Russia and the Altai have helped us to paint a much fuller picture of this vigorous nomad people with their unique animal art and love of the horse - an extraordinary race from whom the civilized world learned to wear trousers and riding horses.[PARAGRAPH:2]Perhaps the most striking feature of Scythians was the enormous amount of gold they wore and used. The ancient legend tells the story about the one-eyed people, Arimaspians in Scythia who had on-going battle with the griffins who guarded the gold. This gold undoubtedly came from the rich fields in the Altai district. It is common that the Scythians wore golden ornaments and belts. Gold plates were sewn to their garments and gold gleamed from their weapons. The archaeologists are consistently amazed by the amount of gold offerings deposited in the great burial- mounds of the Scythian kings.[PARAGRAPH:2]Where had they come from? The Scythians themselves had a legend that they sprang from the three sons of certain Targitaus, a person of supernatural birth who dwelled in the Black Sea domain. Together the three brothers ruled the land until four golden implements - a plow, a yoke, a battle-ax and a drinking cup - fell from the sky and suddenly began to blaze. Colaxais, the youngest, proved to be the only one of the brothers who could pick up the burning objects, and thus became sole ruler of the Scythian kingdom.[PARAGRAPH:2]Another Scythian creation story was told by the ancient Diodorus Siculus at the 1st century BC According to Diodorus, Scythians "lived in very small numbers at the Araks River....that they gained for themselves a country in the mountains up to the Caucasus, in the lowland on the coast of the Ocean (Caspian Sea) and the Meot Lake (Azov Sea) and other territories up to the Tanais River (Don River). Born in that land from the conjugal union of Zeus and a snake-legged goddess was a son Scyth who gave the name Scythian to the people." His descendants were named Pal and Naps and were the ancestors of two congenetic people - pals and naps. "They won for themselves a country "behind the Tanais River up to the Egyptian Nile River".[PARAGRAPH:2]Dating the earliest Scythians has been a problem since they did not develop their distinctive art style until the 6th century BC A. I. Melyukova suggested that the early Scythians were descendants of tribes of the Srubnaya culture who, between the middle of the 2nd millenium BC and the end of the 7th century BC, moved in several waves from the Volga-Ural steppes into the north Black Sea area and assimilated the local Cimmerians. In history, the Scythians was first recorded in the 7th century BC as Assyria's ally against the Cimmerians, who had lost their homeland to the Scythians and moved south. The Scythian king, Partatua married an Assyrian princess in 674 BC and two nations remained allies. Scythians and Assyrians together conquered the Medes of the Caspian Sea; however the Medes was able to drive the Scythians out of western Asia and back to the Pontic Steppes by the turn of the century.[PARAGRAPH:2]The first mounted nomads to attract the attention of historians were the Scythians. If the Scythians were not the first to domesticate the horse they were among the earliest, if not the first of the Central Asian people to learn to ride it. Mounted soldiers was the Scythians' success in war; so when they penetrated into Asia, the technique of riding was rapidly adopted and mastered throughout the entire Middle Eastern area.[PARAGRAPH:2]The Scythians were famous for their bloody tribal custom. Warriors not only cut off the heads of slain enemies but also made leather-bound drinking cups from their enemies' skulls. They lined these grisly trophies with gold and proudly displayed them to impress their guests. Prolonged and demonstrative grieving followed the death of every Scythian tribesman. At the death of a king all Scythian tribes joined a show of stupendous grief that last Solokha days. Men of the dominant tribe, the Royal Scythians, cropped their hair, lacerated their ears, forehead, noses and arms. After the king was buried with the best of all his weapons and possessions, the funeral party strangled one of his concubines, his cupbearer, his cook, his lackey, his messenger and his best horses and place all the bodies by him. Then the grave was to be covered with 60-feet hight mound.[PARAGRAPH:2]Even then, the funeral was not over. One year later as many as Tanais Scythian youths might be selected from among those who had directly served the king. They would be strangled and buried in a circle around the royal tomb.[PARAGRAPH:2]One thing that Herodotus failed to report about these Scythian warriors is that they produced art of stunning force and vitality. Around the 6th century BC, the Scythian created an art of pattern and ornament with naturalistic motifs based on animals. The favorite animals of the Scythian style are the stag, the horse, the ibex, the boar, the bear, the wolf, the felines, the eagle and the fish. The Scythian animal art style was adopted by all the mounted nomads as far as the borders of China by the end of the first millennium BC. During last two centuries, many rich and extraordinary finds were excavated from Scythian tombs and graves such as Pazyryk site in the Altai mountain of south-central Siberia, Kul Oba in the Kuban basin of the northern Black Sea.</Spanish>
	</TEXT>
	<TEXT>
		<Tag>TXT_KEY_CIV_SCYTHIA_ADJECTIVE</Tag>
		<English>Scythian</English>
		<French>Scythe</French>
		<German>Scythian</German>
		<Italian>Scythian</Italian>
		<Spanish>Scythian</Spanish>
	</TEXT>
	<TEXT>
		<Tag>TXT_KEY_CITY_NAME_KUL_OBA</Tag>
		<English>Kul-Oba</English>
		<French>
			<Text>Kul-Oba</Text>
			<Gender>Male</Gender>
			<Plural>0</Plural>
		</French>
		<German>
			<Text>Kul-Oba</Text>
			<Gender>Male</Gender>
			<Plural>0</Plural>
		</German>
		<Italian>
			<Text>Kul-Oba</Text>
			<Gender>Female</Gender>
			<Plural>0</Plural>
		</Italian>
		<Spanish>
			<Text>Kul-Oba</Text>
			<Gender>Female</Gender>
			<Plural>0</Plural>
		</Spanish>
	</TEXT>
		<TEXT>
		<Tag>TXT_KEY_CITY_NAME_SARMATIA</Tag>
		<English>Sarmatia</English>
		<French>
			<Text>Sarmatia</Text>
			<Gender>Male</Gender>
			<Plural>0</Plural>
		</French>
		<German>
			<Text>Sarmatia</Text>
			<Gender>Male</Gender>
			<Plural>0</Plural>
		</German>
		<Italian>
			<Text>Sarmatia</Text>
			<Gender>Female</Gender>
			<Plural>0</Plural>
		</Italian>
		<Spanish>
			<Text>Sarmatia</Text>
			<Gender>Female</Gender>
			<Plural>0</Plural>
		</Spanish>
	</TEXT>
	<TEXT>
		<Tag>TXT_KEY_CITY_NAME_SAKA</Tag>
		<English>Saka</English>
		<French>
			<Text>Saka</Text>
			<Gender>Male</Gender>
			<Plural>0</Plural>
		</French>
		<German>
			<Text>Saka</Text>
			<Gender>Male</Gender>
			<Plural>0</Plural>
		</German>
		<Italian>
			<Text>Saka</Text>
			<Gender>Female</Gender>
			<Plural>0</Plural>
		</Italian>
		<Spanish>
			<Text>Saka</Text>
			<Gender>Female</Gender>
			<Plural>0</Plural>
		</Spanish>
	</TEXT>
	<TEXT>
		<Tag>TXT_KEY_CITY_NAME_PAZYRYK</Tag>
		<English>Pazyryk</English>
		<French>
			<Text>Pazyryk</Text>
			<Gender>Male</Gender>
			<Plural>0</Plural>
		</French>
		<German>
			<Text>Pazyryk</Text>
			<Gender>Male</Gender>
			<Plural>0</Plural>
		</German>
		<Italian>
			<Text>Pazyryk</Text>
			<Gender>Female</Gender>
			<Plural>0</Plural>
		</Italian>
		<Spanish>
			<Text>Pazyryk</Text>
			<Gender>Female</Gender>
			<Plural>0</Plural>
		</Spanish>
	</TEXT>
	<TEXT>
		<Tag>TXT_KEY_CITY_NAME_MASSAGETAI</Tag>
		<English>Massagetai</English>
		<French>
			<Text>Massagetai</Text>
			<Gender>Male</Gender>
			<Plural>0</Plural>
		</French>
		<German>
			<Text>Massagetai</Text>
			<Gender>Male</Gender>
			<Plural>0</Plural>
		</German>
		<Italian>
			<Text>Massagetai</Text>
			<Gender>Female</Gender>
			<Plural>0</Plural>
		</Italian>
		<Spanish>
			<Text>Massagetai</Text>
			<Gender>Female</Gender>
			<Plural>0</Plural>
		</Spanish>
	</TEXT>
	<TEXT>
		<Tag>TXT_KEY_CITY_NAME_RHOXOLANI</Tag>
		<English>Rhoxolani</English>
		<French>
			<Text>Rhoxolani</Text>
			<Gender>Male</Gender>
			<Plural>0</Plural>
		</French>
		<German>
			<Text>Rhoxolani</Text>
			<Gender>Male</Gender>
			<Plural>0</Plural>
		</German>
		<Italian>
			<Text>Rhoxolani</Text>
			<Gender>Female</Gender>
			<Plural>0</Plural>
		</Italian>
		<Spanish>
			<Text>Rhoxolani</Text>
			<Gender>Female</Gender>
			<Plural>0</Plural>
		</Spanish>
	</TEXT>
	<TEXT>
		<Tag>TXT_KEY_CITY_NAME_SIRACAE</Tag>
		<English>Siracae</English>
		<French>
			<Text>Siracae</Text>
			<Gender>Male</Gender>
			<Plural>0</Plural>
		</French>
		<German>
			<Text>Siracae</Text>
			<Gender>Male</Gender>
			<Plural>0</Plural>
		</German>
		<Italian>
			<Text>Siracae</Text>
			<Gender>Female</Gender>
			<Plural>0</Plural>
		</Italian>
		<Spanish>
			<Text>Siracae</Text>
			<Gender>Female</Gender>
			<Plural>0</Plural>
		</Spanish>
	</TEXT>
	<TEXT>
		<Tag>TXT_KEY_CITY_NAME_SINDI</Tag>
		<English>Sindi</English>
		<French>
			<Text>Sindi</Text>
			<Gender>Male</Gender>
			<Plural>0</Plural>
		</French>
		<German>
			<Text>Sindi</Text>
			<Gender>Male</Gender>
			<Plural>0</Plural>
		</German>
		<Italian>
			<Text>Sindi</Text>
			<Gender>Female</Gender>
			<Plural>0</Plural>
		</Italian>
		<Spanish>
			<Text>Sindi</Text>
			<Gender>Female</Gender>
			<Plural>0</Plural>
		</Spanish>
	</TEXT>
	<TEXT>
		<Tag>TXT_KEY_CITY_NAME_TAURI</Tag>
		<English>Tauri</English>
		<French>
			<Text>Tauri</Text>
			<Gender>Male</Gender>
			<Plural>0</Plural>
		</French>
		<German>
			<Text>Tauri</Text>
			<Gender>Male</Gender>
			<Plural>0</Plural>
		</German>
		<Italian>
			<Text>Tauri</Text>
			<Gender>Female</Gender>
			<Plural>0</Plural>
		</Italian>
		<Spanish>
			<Text>Tauri</Text>
			<Gender>Female</Gender>
			<Plural>0</Plural>
		</Spanish>
	</TEXT>
	<TEXT>
		<Tag>TXT_KEY_CITY_NAME_MAIOTIA</Tag>
		<English>Maiotia</English>
		<French>
			<Text>Maiotia</Text>
			<Gender>Male</Gender>
			<Plural>0</Plural>
		</French>
		<German>
			<Text>Maiotia</Text>
			<Gender>Male</Gender>
			<Plural>0</Plural>
		</German>
		<Italian>
			<Text>Maiotia</Text>
			<Gender>Female</Gender>
			<Plural>0</Plural>
		</Italian>
		<Spanish>
			<Text>Maiotia</Text>
			<Gender>Female</Gender>
			<Plural>0</Plural>
		</Spanish>
	</TEXT>
	<TEXT>
		<Tag>TXT_KEY_CITY_NAME_KIMMERIA</Tag>
		<English>Kimmeria</English>
		<French>
			<Text>Kimmeria</Text>
			<Gender>Male</Gender>
			<Plural>0</Plural>
		</French>
		<German>
			<Text>Kimmeria</Text>
			<Gender>Male</Gender>
			<Plural>0</Plural>
		</German>
		<Italian>
			<Text>Kimmeria</Text>
			<Gender>Female</Gender>
			<Plural>0</Plural>
		</Italian>
		<Spanish>
			<Text>Kimmeria</Text>
			<Gender>Female</Gender>
			<Plural>0</Plural>
		</Spanish>
	</TEXT>
	<TEXT>
		<Tag>TXT_KEY_CITY_NAME_GETAE</Tag>
		<English>Getae</English>
		<French>
			<Text>Getae</Text>
			<Gender>Male</Gender>
			<Plural>0</Plural>
		</French>
		<German>
			<Text>Getae</Text>
			<Gender>Male</Gender>
			<Plural>0</Plural>
		</German>
		<Italian>
			<Text>Getae</Text>
			<Gender>Female</Gender>
			<Plural>0</Plural>
		</Italian>
		<Spanish>
			<Text>Getae</Text>
			<Gender>Female</Gender>
			<Plural>0</Plural>
		</Spanish>
	</TEXT>
	<TEXT>
		<Tag>TXT_KEY_CITY_NAME_IAZYGIA</Tag>
		<English>Iazygia</English>
		<French>
			<Text>Iazygia</Text>
			<Gender>Male</Gender>
			<Plural>0</Plural>
		</French>
		<German>
			<Text>Iazygia</Text>
			<Gender>Male</Gender>
			<Plural>0</Plural>
		</German>
		<Italian>
			<Text>Iazygia</Text>
			<Gender>Female</Gender>
			<Plural>0</Plural>
		</Italian>
		<Spanish>
			<Text>Iazygia</Text>
			<Gender>Female</Gender>
			<Plural>0</Plural>
		</Spanish>
	</TEXT>
	<TEXT>
		<Tag>TXT_KEY_CITY_NAME_ALANIA</Tag>
		<English>Alania</English>
		<French>
			<Text>Alania</Text>
			<Gender>Male</Gender>
			<Plural>0</Plural>
		</French>
		<German>
			<Text>Alania</Text>
			<Gender>Male</Gender>
			<Plural>0</Plural>
		</German>
		<Italian>
			<Text>Alania</Text>
			<Gender>Female</Gender>
			<Plural>0</Plural>
		</Italian>
		<Spanish>
			<Text>Alania</Text>
			<Gender>Female</Gender>
			<Plural>0</Plural>
		</Spanish>
	</TEXT>
	<TEXT>
		<Tag>TXT_KEY_CITY_NAME_TANAIS</Tag>
		<English>Tanais</English>
		<French>
			<Text>Tanais</Text>
			<Gender>Male</Gender>
			<Plural>0</Plural>
		</French>
		<German>
			<Text>Tanais</Text>
			<Gender>Male</Gender>
			<Plural>0</Plural>
		</German>
		<Italian>
			<Text>Tanais</Text>
			<Gender>Female</Gender>
			<Plural>0</Plural>
		</Italian>
		<Spanish>
			<Text>Tanais</Text>
			<Gender>Female</Gender>
			<Plural>0</Plural>
		</Spanish>
	</TEXT>
	<TEXT>
		<Tag>TXT_KEY_CITY_NAME_CHERSONESUS</Tag>
		<English>Chersonesus</English>
		<French>
			<Text>Chersonesus</Text>
			<Gender>Male</Gender>
			<Plural>0</Plural>
		</French>
		<German>
			<Text>Chersonesus</Text>
			<Gender>Male</Gender>
			<Plural>0</Plural>
		</German>
		<Italian>
			<Text>Chersonesus</Text>
			<Gender>Female</Gender>
			<Plural>0</Plural>
		</Italian>
		<Spanish>
			<Text>Chersonesus</Text>
			<Gender>Female</Gender>
			<Plural>0</Plural>
		</Spanish>
	</TEXT>
	<TEXT>
		<Tag>TXT_KEY_CITY_NAME_TYRAS</Tag>
		<English>Tyras</English>
		<French>
			<Text>Tyras</Text>
			<Gender>Male</Gender>
			<Plural>0</Plural>
		</French>
		<German>
			<Text>Tyras</Text>
			<Gender>Male</Gender>
			<Plural>0</Plural>
		</German>
		<Italian>
			<Text>Tyras</Text>
			<Gender>Female</Gender>
			<Plural>0</Plural>
		</Italian>
		<Spanish>
			<Text>Tyras</Text>
			<Gender>Female</Gender>
			<Plural>0</Plural>
		</Spanish>
	</TEXT>
	<TEXT>
		<Tag>TXT_KEY_CITY_NAME_OBLIA</Tag>
		<English>Oblia</English>
		<French>
			<Text>Oblia</Text>
			<Gender>Male</Gender>
			<Plural>0</Plural>
		</French>
		<German>
			<Text>Oblia</Text>
			<Gender>Male</Gender>
			<Plural>0</Plural>
		</German>
		<Italian>
			<Text>Oblia</Text>
			<Gender>Female</Gender>
			<Plural>0</Plural>
		</Italian>
		<Spanish>
			<Text>Oblia</Text>
			<Gender>Female</Gender>
			<Plural>0</Plural>
		</Spanish>
	</TEXT>
	<TEXT>
		<Tag>TXT_KEY_CITY_NAME_THEODOSIOPOLIS</Tag>
		<English>Theodosiopolis</English>
		<French>
			<Text>Theodosiopolis</Text>
			<Gender>Male</Gender>
			<Plural>0</Plural>
		</French>
		<German>
			<Text>Theodosiopolis</Text>
			<Gender>Male</Gender>
			<Plural>0</Plural>
		</German>
		<Italian>
			<Text>Theodosiopolis</Text>
			<Gender>Female</Gender>
			<Plural>0</Plural>
		</Italian>
		<Spanish>
			<Text>Theodosiopolis</Text>
			<Gender>Female</Gender>
			<Plural>0</Plural>
		</Spanish>
	</TEXT>
	<TEXT>
		<Tag>TXT_KEY_CITY_NAME_PANTICIPAEUM</Tag>
		<English>Panticipaeum</English>
		<French>
			<Text>Panticipaeum</Text>
			<Gender>Male</Gender>
			<Plural>0</Plural>
		</French>
		<German>
			<Text>Panticipaeum</Text>
			<Gender>Male</Gender>
			<Plural>0</Plural>
		</German>
		<Italian>
			<Text>Panticipaeum</Text>
			<Gender>Female</Gender>
			<Plural>0</Plural>
		</Italian>
		<Spanish>
			<Text>Panticipaeum</Text>
			<Gender>Female</Gender>
			<Plural>0</Plural>
		</Spanish>
	</TEXT>
	<TEXT>
		<Tag>TXT_KEY_CITY_NAME_PITYUS</Tag>
		<English>Pityus</English>
		<French>
			<Text>Pityus</Text>
			<Gender>Male</Gender>
			<Plural>0</Plural>
		</French>
		<German>
			<Text>Pityus</Text>
			<Gender>Male</Gender>
			<Plural>0</Plural>
		</German>
		<Italian>
			<Text>Pityus</Text>
			<Gender>Female</Gender>
			<Plural>0</Plural>
		</Italian>
		<Spanish>
			<Text>Pityus</Text>
			<Gender>Female</Gender>
			<Plural>0</Plural>
		</Spanish>
	</TEXT>
	<TEXT>
		<Tag>TXT_KEY_CITY_NAME_DIOSCURIAS</Tag>
		<English>Dioscurias</English>
		<French>
			<Text>Dioscurias</Text>
			<Gender>Male</Gender>
			<Plural>0</Plural>
		</French>
		<German>
			<Text>Dioscurias</Text>
			<Gender>Male</Gender>
			<Plural>0</Plural>
		</German>
		<Italian>
			<Text>Dioscurias</Text>
			<Gender>Female</Gender>
			<Plural>0</Plural>
		</Italian>
		<Spanish>
			<Text>Dioscurias</Text>
			<Gender>Female</Gender>
			<Plural>0</Plural>
		</Spanish>
	</TEXT>
	<TEXT>
		<Tag>TXT_KEY_CITY_NAME_PHASIS</Tag>
		<English>Phasis</English>
		<French>
			<Text>Phasis</Text>
			<Gender>Male</Gender>
			<Plural>0</Plural>
		</French>
		<German>
			<Text>Phasis</Text>
			<Gender>Male</Gender>
			<Plural>0</Plural>
		</German>
		<Italian>
			<Text>Phasis</Text>
			<Gender>Female</Gender>
			<Plural>0</Plural>
		</Italian>
		<Spanish>
			<Text>Phasis</Text>
			<Gender>Female</Gender>
			<Plural>0</Plural>
		</Spanish>
	</TEXT>
	<TEXT>
		<Tag>TXT_KEY_CITY_NAME_TIFLIS</Tag>
		<English>Tiflis</English>
		<French>
			<Text>Tiflis</Text>
			<Gender>Male</Gender>
			<Plural>0</Plural>
		</French>
		<German>
			<Text>Tiflis</Text>
			<Gender>Male</Gender>
			<Plural>0</Plural>
		</German>
		<Italian>
			<Text>Tiflis</Text>
			<Gender>Female</Gender>
			<Plural>0</Plural>
		</Italian>
		<Spanish>
			<Text>Tiflis</Text>
			<Gender>Female</Gender>
			<Plural>0</Plural>
		</Spanish>
	</TEXT>
	<TEXT>
		<Tag>TXT_KEY_CITY_NAME_ASIOPOLIS</Tag>
		<English>Asiopolis</English>
		<French>
			<Text>Asiopolis</Text>
			<Gender>Male</Gender>
			<Plural>0</Plural>
		</French>
		<German>
			<Text>Asiopolis</Text>
			<Gender>Male</Gender>
			<Plural>0</Plural>
		</German>
		<Italian>
			<Text>Asiopolis</Text>
			<Gender>Female</Gender>
			<Plural>0</Plural>
		</Italian>
		<Spanish>
			<Text>Asiopolis</Text>
			<Gender>Female</Gender>
			<Plural>0</Plural>
		</Spanish>
	</TEXT>
	<TEXT>
		<Tag>TXT_KEY_CITY_NAME_TABAE</Tag>
		<English>Tabae</English>
		<French>
			<Text>Tabae</Text>
			<Gender>Male</Gender>
			<Plural>0</Plural>
		</French>
		<German>
			<Text>Tabae</Text>
			<Gender>Male</Gender>
			<Plural>0</Plural>
		</German>
		<Italian>
			<Text>Tabae</Text>
			<Gender>Female</Gender>
			<Plural>0</Plural>
		</Italian>
		<Spanish>
			<Text>Tabae</Text>
			<Gender>Female</Gender>
			<Plural>0</Plural>
		</Spanish>
	</TEXT>
	<TEXT>
		<Tag>TXT_KEY_CITY_NAME_PARATAE</Tag>
		<English>Paratae</English>
		<French>
			<Text>Paratae</Text>
			<Gender>Male</Gender>
			<Plural>0</Plural>
		</French>
		<German>
			<Text>Paratae</Text>
			<Gender>Male</Gender>
			<Plural>0</Plural>
		</German>
		<Italian>
			<Text>Paratae</Text>
			<Gender>Female</Gender>
			<Plural>0</Plural>
		</Italian>
		<Spanish>
			<Text>Paratae</Text>
			<Gender>Female</Gender>
			<Plural>0</Plural>
		</Spanish>
	</TEXT>
	<TEXT>
		<Tag>TXT_KEY_CITY_NAME_PARNII</Tag>
		<English>Parnii</English>
		<French>
			<Text>Parnii</Text>
			<Gender>Male</Gender>
			<Plural>0</Plural>
		</French>
		<German>
			<Text>Parnii</Text>
			<Gender>Male</Gender>
			<Plural>0</Plural>
		</German>
		<Italian>
			<Text>Parnii</Text>
			<Gender>Female</Gender>
			<Plural>0</Plural>
		</Italian>
		<Spanish>
			<Text>Parnii</Text>
			<Gender>Female</Gender>
			<Plural>0</Plural>
		</Spanish>
	</TEXT>
	<TEXT>
		<Tag>TXT_KEY_CITY_NAME_MARACANDANS</Tag>
		<English>Maracandans</English>
		<French>
			<Text>Maracandans</Text>
			<Gender>Male</Gender>
			<Plural>0</Plural>
		</French>
		<German>
			<Text>Maracandans</Text>
			<Gender>Male</Gender>
			<Plural>0</Plural>
		</German>
		<Italian>
			<Text>Maracandans</Text>
			<Gender>Female</Gender>
			<Plural>0</Plural>
		</Italian>
		<Spanish>
			<Text>Maracandans</Text>
			<Gender>Female</Gender>
			<Plural>0</Plural>
		</Spanish>
	</TEXT>
	<TEXT>
		<Tag>TXT_KEY_CITY_NAME_MARGIANES</Tag>
		<English>Margianes</English>
		<French>
			<Text>Margianes</Text>
			<Gender>Male</Gender>
			<Plural>0</Plural>
		</French>
		<German>
			<Text>Margianes</Text>
			<Gender>Male</Gender>
			<Plural>0</Plural>
		</German>
		<Italian>
			<Text>Margianes</Text>
			<Gender>Female</Gender>
			<Plural>0</Plural>
		</Italian>
		<Spanish>
			<Text>Margianes</Text>
			<Gender>Female</Gender>
			<Plural>0</Plural>
		</Spanish>
	</TEXT>
	<TEXT>
		<Tag>TXT_KEY_CITY_NAME_SARSAE</Tag>
		<English>Sarsae</English>
		<French>
			<Text>Sarsae</Text>
			<Gender>Male</Gender>
			<Plural>0</Plural>
		</French>
		<German>
			<Text>Sarsae</Text>
			<Gender>Male</Gender>
			<Plural>0</Plural>
		</German>
		<Italian>
			<Text>Sarsae</Text>
			<Gender>Female</Gender>
			<Plural>0</Plural>
		</Italian>
		<Spanish>
			<Text>Sarsae</Text>
			<Gender>Female</Gender>
			<Plural>0</Plural>
		</Spanish>
	</TEXT>
	<TEXT>
		<Tag>TXT_KEY_CITY_NAME_CHORESMII</Tag>
		<English>Choresmii</English>
		<French>
			<Text>Choresmii</Text>
			<Gender>Male</Gender>
			<Plural>0</Plural>
		</French>
		<German>
			<Text>Choresmii</Text>
			<Gender>Male</Gender>
			<Plural>0</Plural>
		</German>
		<Italian>
			<Text>Choresmii</Text>
			<Gender>Female</Gender>
			<Plural>0</Plural>
		</Italian>
		<Spanish>
			<Text>Choresmii</Text>
			<Gender>Female</Gender>
			<Plural>0</Plural>
		</Spanish>
	</TEXT>
	<TEXT>
		<Tag>TXT_KEY_CITY_NAME_CHERTOMLYK</Tag>
		<English>Chertomlyk</English>
		<French>
			<Text>Chertomlyk</Text>
			<Gender>Male</Gender>
			<Plural>0</Plural>
		</French>
		<German>
			<Text>Chertomlyk</Text>
			<Gender>Male</Gender>
			<Plural>0</Plural>
		</German>
		<Italian>
			<Text>Chertomlyk</Text>
			<Gender>Female</Gender>
			<Plural>0</Plural>
		</Italian>
		<Spanish>
			<Text>Chertomlyk</Text>
			<Gender>Female</Gender>
			<Plural>0</Plural>
		</Spanish>
	</TEXT>
	<TEXT>
		<Tag>TXT_KEY_CITY_NAME_SOLOCHA</Tag>
		<English>Solocha</English>
		<French>
			<Text>Solocha</Text>
			<Gender>Male</Gender>
			<Plural>0</Plural>
		</French>
		<German>
			<Text>Solocha</Text>
			<Gender>Male</Gender>
			<Plural>0</Plural>
		</German>
		<Italian>
			<Text>Solocha</Text>
			<Gender>Female</Gender>
			<Plural>0</Plural>
		</Italian>
		<Spanish>
			<Text>Solocha</Text>
			<Gender>Female</Gender>
			<Plural>0</Plural>
		</Spanish>
	</TEXT>
	<TEXT>
		<Tag>TXT_KEY_CITY_NAME_LITOJ_KURGAN</Tag>
		<English>Litoj-Kurgan</English>
		<French>
			<Text>Litoj-Kurgan</Text>
			<Gender>Male</Gender>
			<Plural>0</Plural>
		</French>
		<German>
			<Text>Litoj-Kurgan</Text>
			<Gender>Male</Gender>
			<Plural>0</Plural>
		</German>
		<Italian>
			<Text>Litoj-Kurgan</Text>
			<Gender>Female</Gender>
			<Plural>0</Plural>
		</Italian>
		<Spanish>
			<Text>Litoj-Kurgan</Text>
			<Gender>Female</Gender>
			<Plural>0</Plural>
		</Spanish>
	</TEXT>
	<TEXT>
		<Tag>TXT_KEY_CITY_NAME_KELERMES</Tag>
		<English>Kelermes</English>
		<French>
			<Text>Kelermes</Text>
			<Gender>Male</Gender>
			<Plural>0</Plural>
		</French>
		<German>
			<Text>Kelermes</Text>
			<Gender>Male</Gender>
			<Plural>0</Plural>
		</German>
		<Italian>
			<Text>Kelermes</Text>
			<Gender>Female</Gender>
			<Plural>0</Plural>
		</Italian>
		<Spanish>
			<Text>Kelermes</Text>
			<Gender>Female</Gender>
			<Plural>0</Plural>
		</Spanish>
	</TEXT>
	<TEXT>
		<Tag>TXT_KEY_CITY_NAME_MELITOPOL</Tag>
		<English>Melitopol</English>
		<French>
			<Text>Melitopol</Text>
			<Gender>Male</Gender>
			<Plural>0</Plural>
		</French>
		<German>
			<Text>Melitopol</Text>
			<Gender>Male</Gender>
			<Plural>0</Plural>
		</German>
		<Italian>
			<Text>Melitopol</Text>
			<Gender>Female</Gender>
			<Plural>0</Plural>
		</Italian>
		<Spanish>
			<Text>Melitopol</Text>
			<Gender>Female</Gender>
			<Plural>0</Plural>
		</Spanish>
	</TEXT>
	<TEXT>
		<Tag>TXT_KEY_CITY_NAME_KAMENSKOE</Tag>
		<English>Kamenskoe</English>
		<French>
			<Text>Kamenskoe</Text>
			<Gender>Male</Gender>
			<Plural>0</Plural>
		</French>
		<German>
			<Text>Kamenskoe</Text>
			<Gender>Male</Gender>
			<Plural>0</Plural>
		</German>
		<Italian>
			<Text>Kamenskoe</Text>
			<Gender>Female</Gender>
			<Plural>0</Plural>
		</Italian>
		<Spanish>
			<Text>Kamenskoe</Text>
			<Gender>Female</Gender>
			<Plural>0</Plural>
		</Spanish>
	</TEXT>
	<TEXT>
		<Tag>TXT_KEY_CITY_NAME_GORODISHCHE</Tag>
		<English>Gorodishche</English>
		<French>
			<Text>Gorodishche</Text>
			<Gender>Male</Gender>
			<Plural>0</Plural>
		</French>
		<German>
			<Text>Gorodishche</Text>
			<Gender>Male</Gender>
			<Plural>0</Plural>
		</German>
		<Italian>
			<Text>Gorodishche</Text>
			<Gender>Female</Gender>
			<Plural>0</Plural>
		</Italian>
		<Spanish>
			<Text>Gorodishche</Text>
			<Gender>Female</Gender>
			<Plural>0</Plural>
		</Spanish>
	</TEXT>
	<TEXT>
		<Tag>TXT_KEY_CITY_NAME_SOLOKHA</Tag>
		<English>Solokha</English>
		<French>
			<Text>Solokha</Text>
			<Gender>Male</Gender>
			<Plural>0</Plural>
		</French>
		<German>
			<Text>Solokha</Text>
			<Gender>Male</Gender>
			<Plural>0</Plural>
		</German>
		<Italian>
			<Text>Solokha</Text>
			<Gender>Female</Gender>
			<Plural>0</Plural>
		</Italian>
		<Spanish>
			<Text>Solokha</Text>
			<Gender>Female</Gender>
			<Plural>0</Plural>
		</Spanish>
	</TEXT>
	<TEXT>
		<Tag>TXT_KEY_CITY_NAME_MAIKOP</Tag>
		<English>Maikop</English>
		<French>
			<Text>Maikop</Text>
			<Gender>Male</Gender>
			<Plural>0</Plural>
		</French>
		<German>
			<Text>Maikop</Text>
			<Gender>Male</Gender>
			<Plural>0</Plural>
		</German>
		<Italian>
			<Text>Maikop</Text>
			<Gender>Female</Gender>
			<Plural>0</Plural>
		</Italian>
		<Spanish>
			<Text>Maikop</Text>
			<Gender>Female</Gender>
			<Plural>0</Plural>
		</Spanish>
	</TEXT>
	<TEXT>
		<Tag>TXT_KEY_CITY_NAME_ULSKI</Tag>
		<English>Ulski</English>
		<French>
			<Text>Ulski</Text>
			<Gender>Male</Gender>
			<Plural>0</Plural>
		</French>
		<German>
			<Text>Ulski</Text>
			<Gender>Male</Gender>
			<Plural>0</Plural>
		</German>
		<Italian>
			<Text>Ulski</Text>
			<Gender>Female</Gender>
			<Plural>0</Plural>
		</Italian>
		<Spanish>
			<Text>Ulski</Text>
			<Gender>Female</Gender>
			<Plural>0</Plural>
		</Spanish>
	</TEXT>
	<TEXT>
		<Tag>TXT_KEY_CITY_NAME_ELIZAVETINSKAYA</Tag>
		<English>Elizavetinskaya</English>
		<French>
			<Text>Elizavetinskaya</Text>
			<Gender>Male</Gender>
			<Plural>0</Plural>
		</French>
		<German>
			<Text>Elizavetinskaya</Text>
			<Gender>Male</Gender>
			<Plural>0</Plural>
		</German>
		<Italian>
			<Text>Elizavetinskaya</Text>
			<Gender>Female</Gender>
			<Plural>0</Plural>
		</Italian>
		<Spanish>
			<Text>Elizavetinskaya</Text>
			<Gender>Female</Gender>
			<Plural>0</Plural>
		</Spanish>
	</TEXT>
	<TEXT>
		<Tag>TXT_KEY_CITY_NAME_KOSTROMSKAYA</Tag>
		<English>Kostromskaya</English>
		<French>
			<Text>Kostromskaya</Text>
			<Gender>Male</Gender>
			<Plural>0</Plural>
		</French>
		<German>
			<Text>Kostromskaya</Text>
			<Gender>Male</Gender>
			<Plural>0</Plural>
		</German>
		<Italian>
			<Text>Kostromskaya</Text>
			<Gender>Female</Gender>
			<Plural>0</Plural>
		</Italian>
		<Spanish>
			<Text>Kostromskaya</Text>
			<Gender>Female</Gender>
			<Plural>0</Plural>
		</Spanish>
	</TEXT>
	<TEXT>
		<Tag>TXT_KEY_CITY_NAME_KERCH</Tag>
		<English>Kerch</English>
		<French>
			<Text>Kerch</Text>
			<Gender>Male</Gender>
			<Plural>0</Plural>
		</French>
		<German>
			<Text>Kerch</Text>
			<Gender>Male</Gender>
			<Plural>0</Plural>
		</German>
		<Italian>
			<Text>Kerch</Text>
			<Gender>Female</Gender>
			<Plural>0</Plural>
		</Italian>
		<Spanish>
			<Text>Kerch</Text>
			<Gender>Female</Gender>
			<Plural>0</Plural>
		</Spanish>
	</TEXT>
	<TEXT>
		<Tag>TXT_KEY_CITY_NAME_OLBIA</Tag>
		<English>Olbia</English>
		<French>
			<Text>Olbia</Text>
			<Gender>Male</Gender>
			<Plural>0</Plural>
		</French>
		<German>
			<Text>Olbia</Text>
			<Gender>Male</Gender>
			<Plural>0</Plural>
		</German>
		<Italian>
			<Text>Olbia</Text>
			<Gender>Female</Gender>
			<Plural>0</Plural>
		</Italian>
		<Spanish>
			<Text>Olbia</Text>
			<Gender>Female</Gender>
			<Plural>0</Plural>
		</Spanish>
	</TEXT>
	<TEXT>
		<Tag>TXT_KEY_CITY_NAME_TOVSTA</Tag>
		<English>Tovsta</English>
		<French>
			<Text>Tovsta</Text>
			<Gender>Male</Gender>
			<Plural>0</Plural>
		</French>
		<German>
			<Text>Tovsta</Text>
			<Gender>Male</Gender>
			<Plural>0</Plural>
		</German>
		<Italian>
			<Text>Tovsta</Text>
			<Gender>Female</Gender>
			<Plural>0</Plural>
		</Italian>
		<Spanish>
			<Text>Tovsta</Text>
			<Gender>Female</Gender>
			<Plural>0</Plural>
		</Spanish>
	</TEXT>
	<TEXT>
		<Tag>TXT_KEY_CITY_NAME_SEVEN_BROTHERS</Tag>
		<English>Seven Brothers</English>
		<French>
			<Text>Seven Brothers</Text>
			<Gender>Male</Gender>
			<Plural>0</Plural>
		</French>
		<German>
			<Text>Seven Brothers</Text>
			<Gender>Male</Gender>
			<Plural>0</Plural>
		</German>
		<Italian>
			<Text>Seven Brothers</Text>
			<Gender>Female</Gender>
			<Plural>0</Plural>
		</Italian>
		<Spanish>
			<Text>Seven Brothers</Text>
			<Gender>Female</Gender>
			<Plural>0</Plural>
		</Spanish>
	</TEXT>
	<TEXT>
		<Tag>TXT_KEY_CITY_NAME_GAIMONOV</Tag>
		<English>Gaimonov</English>
		<French>
			<Text>Gaimonov</Text>
			<Gender>Male</Gender>
			<Plural>0</Plural>
		</French>
		<German>
			<Text>Gaimonov</Text>
			<Gender>Male</Gender>
			<Plural>0</Plural>
		</German>
		<Italian>
			<Text>Gaimonov</Text>
			<Gender>Female</Gender>
			<Plural>0</Plural>
		</Italian>
		<Spanish>
			<Text>Gaimonov</Text>
			<Gender>Female</Gender>
			<Plural>0</Plural>
		</Spanish>
	</TEXT>
	<TEXT>
		<Tag>TXT_KEY_CITY_NAME_MELGUNOV</Tag>
		<English>Melgunov</English>
		<French>
			<Text>Melgunov</Text>
			<Gender>Male</Gender>
			<Plural>0</Plural>
		</French>
		<German>
			<Text>Melgunov</Text>
			<Gender>Male</Gender>
			<Plural>0</Plural>
		</German>
		<Italian>
			<Text>Melgunov</Text>
			<Gender>Female</Gender>
			<Plural>0</Plural>
		</Italian>
		<Spanish>
			<Text>Melgunov</Text>
			<Gender>Female</Gender>
			<Plural>0</Plural>
		</Spanish>
	</TEXT>
</Civ4GameText>