<?xml version="1.0" encoding="ISO-8859-1"?>
<!-- Sid Meier's Civilization 4 Beyond the Sword -->
<!-- Modified by the Civ Gold Team -->
<!-- -->
<Civ4GameText xmlns="http://www.firaxis.com">
	<TEXT>
		<Tag>TXT_KEY_LEADER_WINNEMUCCA</Tag>
		<English>Winnemucca</English>
		<French>
			<Text>Winnemucca</Text>
			<Gender>Male</Gender>
			<Plural>0</Plural>
		</French>
		<German>
			<Text>Winnemucca</Text>
			<Gender>Male</Gender>
			<Plural>0</Plural>
		</German>
		<Italian>
			<Text>Winnemucca</Text>
			<Gender>Male</Gender>
			<Plural>0</Plural>
		</Italian>
		<Spanish>
			<Text>Winnemucca</Text>
			<Gender>Male</Gender>
			<Plural>0</Plural>
		</Spanish>
	</TEXT>
	<TEXT>
		<Tag>TXT_KEY_LEADER_WINNEMUCCA_PEDIA</Tag>
		<English>[H1]Winnemucca [\H1][NEWLINE][BOLD]War chief of the Kuyuidika [\BOLD][NEWLINE][BOLD]Lived: [\BOLD] 1820 - 1882[NEWLINE][PARAGRAPH:2][BOLD]Background:[\BOLD][NEWLINE][TAB]Winnemucca, (also called Wobitsawahkah, Bad Face, Winnemucca the Younger, Mubetawaka, and Poito), was born a Shoshoni around 1820 in what would later become the Oregon Territory.  He married a Kuyuidika woman, the daughter of Old Winnemucca, and thus was a Paiute himself by tribal rules.  His father-in-law honored him by giving him his own name. Winnemucca or Wuna Mucca has been translated as "The Giver of Spiritual Gifts."  This name is part-English and part-Paiute. Winnemucca the Younger became war chief of the Kuyuidika (bird eaters), a Northern Paiute band.

Winnemucca the Younger became war chief of the Kuyuidika.  Unlike his father-in-law, Winnemucca the Older, he was distrustful of white settlers.  His role in Northern Paiute politics is difficult to determine and somewhat controversial. He is primarily known through the writings of his daughter, Sarah Winnemucca. She downplayed his Shoshoni roots and connections to distinguish her father and her people as peaceful and to protect them from the prejudice many settlers held against the more warlike "Snake Indians." Sarah exaggerated his influence over the Paiute people, stating that he was the absolute chief of all the Paiute tribes. Due in large part to her role as a translator, this viewpoint was shared by contemporary Oregonians Modern historians and ethnologists view him more as a "first among equals," with considerable influence over the bands in the Pyramid Lake region.  He was a leading proponent of the Pyramid Lake War of 1860.  However, when the Paviotso Confederacy was first forming at the Ochoco Council of 1851, the Paiute people had been more inclined to listen to his father-in-law, (Old) Chief One Moccasin, and keep the peace, than to follow Bad Face's counsel to join the other Shoshone and Northern Ute warriors in the war effort. Later, Bad Face did lead several Paiute units into active fighting, where they would be misidentified as Snake warriors.

During the winter of 1872-1873, over his daughter's objections, Bad Face refused to go and farm for a living on the Malheur Reservation, where she was staying at the time, saying he might starve there. His hideout was at the base of Steens Mountain, near the Reuben and Dolly Kiger Ranch in what is now Harney County, Oregon. By 1873, settlers and the government in Oregon had come to worry that the Paiute people under Bad Face might be organizing to join with the more war-inclined Shoshone people under Has No Horse, and that they might either collaborate or unite with their old enemies, the Modoc people, under John Schonchin and Modicus, in what became the Modoc War.  On April 11, 1873, the Modoc War ended. By 1874, "Winnemucca, the Chief of the Paiutes", eight braves, Sarah, and another of his daughters would grace the stage of the Metropolitan Theater with a series of skits on Indian life, which they performed for five years. As of April 1875, Bad Face was visiting and leaving the Malheur Reservation as he pleased, while that agency was under the comparatively decent Indian agent Samuel Parrish. Parrish had built irrigation canals and a school for the reservation. He had also broadened the limits of the reservation to secure better farmland for the reservation Shoshoni, without any permission to do so, including Pony Blanket's cultivated land and the Shoshoni's traditional hot springs bath. This caused conflict with powerful local settlers who also wanted that land, including ranchers Henry Miller and Pete French, and so a successful campaign to oust Parrish from the agency ensued.  In early April 1875, Bad Face, Sarah Winnemucca, and Pony Blanket attempted unsuccessfully to persuade officers at Fort Harney to help reinstate Parrish, but William V. Rinehart and some of the other wealthy anonymous campaigners fought back, falsely accusing officers at Fort Harney, Fort McDermitt, and Fort Bidwell of supplying food to Shoshoni who refused to stay on the Malheur Reservation empowering them to stay away. Rinehart was the sworn enemy of both the Shoshoni and Paiute, preferring absolute authority and extermination of indigenous people, where possible. Parrish was ultimately replaced by Rinehart, who arrived at the Malheur Reservation on June 28, 1876, just three days after Custer's fall at Little Bighorn. He began defrauding, starving, and abusing both reservation and non-reservation native people immediately.

Following successful political pressure from northeastern Oregon settlers upon the Congress, to overturn President Ulysses S. Grant's pact to let the Nez Perce stay in Wallowa, on June 13, 1877 Nez Perce leader Chief Joseph went on the warpath. He killed four white men, after refusing to move some 500 of his people off of their high mountain meadow in the Wallowa Valley to the Fort Hall Reservation in Idaho, which was to have included Camas Prairie, but due to a "clerical" error, did not. The Paiutes, who had been leaving the Malheur Reservation to escape both Rinehart and starvation, returned en masse, knowing they would at least be safer at the reservation during wartime. Meanwhile Bad Face and some of his warriors journeyed to Boise City, where they dined as guests of honor with Governor Mason Brayman and assured him that Bad Face, Has No Horse, and their people had only peaceful intent. Still, neither would go onto the Malheur Reservation as Rinehart insisted and conditions continued to worsen. Two Shoshoni Snake dog soldiers came to the Malheur Reservation in March 1878 and threatened war as soon as there was grass. Idaho Governor Brayman wrote to US Senator W. J. McConnell on their behalf, agreeing that the Banattee Snakes at Fort Hall Reservation had "ample justification" for the methods they pursued, given the ongoing loss of their natural food supply, camas root, to the settlers hogs.  On June 16, 1878, the Salt Lake City Tribune reported that Laughing Hawk (Tambiago), imprisoned at the Idaho Territorial Penitentiary, had informed officials there that Buffalo Horn (Kotsotiala) was to meet with Bad Face and Has No Horse in the "Juniper Mountains" (Steens). That point was ignored by those officials. On May 27, 1878, after holding a council of war, a second Shoshoni uprising was launched in eastern Oregon with the killing of James Dempsey, a white gun dealer who lived in Harney Valley with a Shoshoni wife. He had purchased arms in October 1877 from the Mormons at Salt Lake City and then sold the weapons to the Bannock/Bannatte Robber Snakes, after having for over a year prior urged them to go to war. He then informed Idaho Governor Brayman that war was eminent. The uprising turned into the second Shoshoni War, which the Americans would title the Bannock War. On June 5, Sarah Winnemucca met with Pony Blanket (Egan), Left Hand, Dancer, and Three Coyotes at the Malheur Indian Agency and learned that the Snake Indians were being starved out of the Malheur reservation, that they could not buy clothes, and that Paiute horses were being shot. Three Coyotes reported the rape of an Indian girl and the confiscation of weapons and horses at the Fort Hall Reservation. They gathered money to send Sarah to Washington to tell President Rutherford B. Hayes of these problems. She left on June 9, 1878 and on that day Captain Reuben Bernard caught up with Black Buffalo and Old Bull near the Oregon-Idaho border, in the process of pulling down telegraph lines to shut off the war zone communications, and he seriously wounded both men. Before the last of the lines were pulled down, General Irvin McDowell got a message through to Bad Face and his son Natchez, asking them to come and help keep the peace with the hostile Snakes at the Malheur Reservation, which both men said they would do. In fact they planned to join the Snakes at war. On June 10, 1878, Congress declared war on the Western Shoshoni Nation.</English>
		<French>[H1]Winnemucca [\H1][NEWLINE][BOLD]War chief of the Kuyuidika [\BOLD][NEWLINE][BOLD]Lived: [\BOLD] 1820 - 1882[NEWLINE][PARAGRAPH:2][BOLD]Background:[\BOLD][NEWLINE][TAB]Winnemucca, (also called Wobitsawahkah, Bad Face, Winnemucca the Younger, Mubetawaka, and Poito), was born a Shoshoni around 1820 in what would later become the Oregon Territory.  He married a Kuyuidika woman, the daughter of Old Winnemucca, and thus was a Paiute himself by tribal rules.  His father-in-law honored him by giving him his own name. Winnemucca or Wuna Mucca has been translated as "The Giver of Spiritual Gifts."  This name is part-English and part-Paiute. Winnemucca the Younger became war chief of the Kuyuidika (bird eaters), a Northern Paiute band.

Winnemucca the Younger became war chief of the Kuyuidika.  Unlike his father-in-law, Winnemucca the Older, he was distrustful of white settlers.  His role in Northern Paiute politics is difficult to determine and somewhat controversial. He is primarily known through the writings of his daughter, Sarah Winnemucca. She downplayed his Shoshoni roots and connections to distinguish her father and her people as peaceful and to protect them from the prejudice many settlers held against the more warlike "Snake Indians." Sarah exaggerated his influence over the Paiute people, stating that he was the absolute chief of all the Paiute tribes. Due in large part to her role as a translator, this viewpoint was shared by contemporary Oregonians Modern historians and ethnologists view him more as a "first among equals," with considerable influence over the bands in the Pyramid Lake region.  He was a leading proponent of the Pyramid Lake War of 1860.  However, when the Paviotso Confederacy was first forming at the Ochoco Council of 1851, the Paiute people had been more inclined to listen to his father-in-law, (Old) Chief One Moccasin, and keep the peace, than to follow Bad Face's counsel to join the other Shoshone and Northern Ute warriors in the war effort. Later, Bad Face did lead several Paiute units into active fighting, where they would be misidentified as Snake warriors.

During the winter of 1872-1873, over his daughter's objections, Bad Face refused to go and farm for a living on the Malheur Reservation, where she was staying at the time, saying he might starve there. His hideout was at the base of Steens Mountain, near the Reuben and Dolly Kiger Ranch in what is now Harney County, Oregon. By 1873, settlers and the government in Oregon had come to worry that the Paiute people under Bad Face might be organizing to join with the more war-inclined Shoshone people under Has No Horse, and that they might either collaborate or unite with their old enemies, the Modoc people, under John Schonchin and Modicus, in what became the Modoc War.  On April 11, 1873, the Modoc War ended. By 1874, "Winnemucca, the Chief of the Paiutes", eight braves, Sarah, and another of his daughters would grace the stage of the Metropolitan Theater with a series of skits on Indian life, which they performed for five years. As of April 1875, Bad Face was visiting and leaving the Malheur Reservation as he pleased, while that agency was under the comparatively decent Indian agent Samuel Parrish. Parrish had built irrigation canals and a school for the reservation. He had also broadened the limits of the reservation to secure better farmland for the reservation Shoshoni, without any permission to do so, including Pony Blanket's cultivated land and the Shoshoni's traditional hot springs bath. This caused conflict with powerful local settlers who also wanted that land, including ranchers Henry Miller and Pete French, and so a successful campaign to oust Parrish from the agency ensued.  In early April 1875, Bad Face, Sarah Winnemucca, and Pony Blanket attempted unsuccessfully to persuade officers at Fort Harney to help reinstate Parrish, but William V. Rinehart and some of the other wealthy anonymous campaigners fought back, falsely accusing officers at Fort Harney, Fort McDermitt, and Fort Bidwell of supplying food to Shoshoni who refused to stay on the Malheur Reservation empowering them to stay away. Rinehart was the sworn enemy of both the Shoshoni and Paiute, preferring absolute authority and extermination of indigenous people, where possible. Parrish was ultimately replaced by Rinehart, who arrived at the Malheur Reservation on June 28, 1876, just three days after Custer's fall at Little Bighorn. He began defrauding, starving, and abusing both reservation and non-reservation native people immediately.

Following successful political pressure from northeastern Oregon settlers upon the Congress, to overturn President Ulysses S. Grant's pact to let the Nez Perce stay in Wallowa, on June 13, 1877 Nez Perce leader Chief Joseph went on the warpath. He killed four white men, after refusing to move some 500 of his people off of their high mountain meadow in the Wallowa Valley to the Fort Hall Reservation in Idaho, which was to have included Camas Prairie, but due to a "clerical" error, did not. The Paiutes, who had been leaving the Malheur Reservation to escape both Rinehart and starvation, returned en masse, knowing they would at least be safer at the reservation during wartime. Meanwhile Bad Face and some of his warriors journeyed to Boise City, where they dined as guests of honor with Governor Mason Brayman and assured him that Bad Face, Has No Horse, and their people had only peaceful intent. Still, neither would go onto the Malheur Reservation as Rinehart insisted and conditions continued to worsen. Two Shoshoni Snake dog soldiers came to the Malheur Reservation in March 1878 and threatened war as soon as there was grass. Idaho Governor Brayman wrote to US Senator W. J. McConnell on their behalf, agreeing that the Banattee Snakes at Fort Hall Reservation had "ample justification" for the methods they pursued, given the ongoing loss of their natural food supply, camas root, to the settlers hogs.  On June 16, 1878, the Salt Lake City Tribune reported that Laughing Hawk (Tambiago), imprisoned at the Idaho Territorial Penitentiary, had informed officials there that Buffalo Horn (Kotsotiala) was to meet with Bad Face and Has No Horse in the "Juniper Mountains" (Steens). That point was ignored by those officials. On May 27, 1878, after holding a council of war, a second Shoshoni uprising was launched in eastern Oregon with the killing of James Dempsey, a white gun dealer who lived in Harney Valley with a Shoshoni wife. He had purchased arms in October 1877 from the Mormons at Salt Lake City and then sold the weapons to the Bannock/Bannatte Robber Snakes, after having for over a year prior urged them to go to war. He then informed Idaho Governor Brayman that war was eminent. The uprising turned into the second Shoshoni War, which the Americans would title the Bannock War. On June 5, Sarah Winnemucca met with Pony Blanket (Egan), Left Hand, Dancer, and Three Coyotes at the Malheur Indian Agency and learned that the Snake Indians were being starved out of the Malheur reservation, that they could not buy clothes, and that Paiute horses were being shot. Three Coyotes reported the rape of an Indian girl and the confiscation of weapons and horses at the Fort Hall Reservation. They gathered money to send Sarah to Washington to tell President Rutherford B. Hayes of these problems. She left on June 9, 1878 and on that day Captain Reuben Bernard caught up with Black Buffalo and Old Bull near the Oregon-Idaho border, in the process of pulling down telegraph lines to shut off the war zone communications, and he seriously wounded both men. Before the last of the lines were pulled down, General Irvin McDowell got a message through to Bad Face and his son Natchez, asking them to come and help keep the peace with the hostile Snakes at the Malheur Reservation, which both men said they would do. In fact they planned to join the Snakes at war. On June 10, 1878, Congress declared war on the Western Shoshoni Nation.</French>
		<German>[H1]Winnemucca [\H1][NEWLINE][BOLD]War chief of the Kuyuidika [\BOLD][NEWLINE][BOLD]Lived: [\BOLD] 1820 - 1882[NEWLINE][PARAGRAPH:2][BOLD]Background:[\BOLD][NEWLINE][TAB]Winnemucca, (also called Wobitsawahkah, Bad Face, Winnemucca the Younger, Mubetawaka, and Poito), was born a Shoshoni around 1820 in what would later become the Oregon Territory.  He married a Kuyuidika woman, the daughter of Old Winnemucca, and thus was a Paiute himself by tribal rules.  His father-in-law honored him by giving him his own name. Winnemucca or Wuna Mucca has been translated as "The Giver of Spiritual Gifts."  This name is part-English and part-Paiute. Winnemucca the Younger became war chief of the Kuyuidika (bird eaters), a Northern Paiute band.

Winnemucca the Younger became war chief of the Kuyuidika.  Unlike his father-in-law, Winnemucca the Older, he was distrustful of white settlers.  His role in Northern Paiute politics is difficult to determine and somewhat controversial. He is primarily known through the writings of his daughter, Sarah Winnemucca. She downplayed his Shoshoni roots and connections to distinguish her father and her people as peaceful and to protect them from the prejudice many settlers held against the more warlike "Snake Indians." Sarah exaggerated his influence over the Paiute people, stating that he was the absolute chief of all the Paiute tribes. Due in large part to her role as a translator, this viewpoint was shared by contemporary Oregonians Modern historians and ethnologists view him more as a "first among equals," with considerable influence over the bands in the Pyramid Lake region.  He was a leading proponent of the Pyramid Lake War of 1860.  However, when the Paviotso Confederacy was first forming at the Ochoco Council of 1851, the Paiute people had been more inclined to listen to his father-in-law, (Old) Chief One Moccasin, and keep the peace, than to follow Bad Face's counsel to join the other Shoshone and Northern Ute warriors in the war effort. Later, Bad Face did lead several Paiute units into active fighting, where they would be misidentified as Snake warriors.

During the winter of 1872-1873, over his daughter's objections, Bad Face refused to go and farm for a living on the Malheur Reservation, where she was staying at the time, saying he might starve there. His hideout was at the base of Steens Mountain, near the Reuben and Dolly Kiger Ranch in what is now Harney County, Oregon. By 1873, settlers and the government in Oregon had come to worry that the Paiute people under Bad Face might be organizing to join with the more war-inclined Shoshone people under Has No Horse, and that they might either collaborate or unite with their old enemies, the Modoc people, under John Schonchin and Modicus, in what became the Modoc War.  On April 11, 1873, the Modoc War ended. By 1874, "Winnemucca, the Chief of the Paiutes", eight braves, Sarah, and another of his daughters would grace the stage of the Metropolitan Theater with a series of skits on Indian life, which they performed for five years. As of April 1875, Bad Face was visiting and leaving the Malheur Reservation as he pleased, while that agency was under the comparatively decent Indian agent Samuel Parrish. Parrish had built irrigation canals and a school for the reservation. He had also broadened the limits of the reservation to secure better farmland for the reservation Shoshoni, without any permission to do so, including Pony Blanket's cultivated land and the Shoshoni's traditional hot springs bath. This caused conflict with powerful local settlers who also wanted that land, including ranchers Henry Miller and Pete French, and so a successful campaign to oust Parrish from the agency ensued.  In early April 1875, Bad Face, Sarah Winnemucca, and Pony Blanket attempted unsuccessfully to persuade officers at Fort Harney to help reinstate Parrish, but William V. Rinehart and some of the other wealthy anonymous campaigners fought back, falsely accusing officers at Fort Harney, Fort McDermitt, and Fort Bidwell of supplying food to Shoshoni who refused to stay on the Malheur Reservation empowering them to stay away. Rinehart was the sworn enemy of both the Shoshoni and Paiute, preferring absolute authority and extermination of indigenous people, where possible. Parrish was ultimately replaced by Rinehart, who arrived at the Malheur Reservation on June 28, 1876, just three days after Custer's fall at Little Bighorn. He began defrauding, starving, and abusing both reservation and non-reservation native people immediately.

Following successful political pressure from northeastern Oregon settlers upon the Congress, to overturn President Ulysses S. Grant's pact to let the Nez Perce stay in Wallowa, on June 13, 1877 Nez Perce leader Chief Joseph went on the warpath. He killed four white men, after refusing to move some 500 of his people off of their high mountain meadow in the Wallowa Valley to the Fort Hall Reservation in Idaho, which was to have included Camas Prairie, but due to a "clerical" error, did not. The Paiutes, who had been leaving the Malheur Reservation to escape both Rinehart and starvation, returned en masse, knowing they would at least be safer at the reservation during wartime. Meanwhile Bad Face and some of his warriors journeyed to Boise City, where they dined as guests of honor with Governor Mason Brayman and assured him that Bad Face, Has No Horse, and their people had only peaceful intent. Still, neither would go onto the Malheur Reservation as Rinehart insisted and conditions continued to worsen. Two Shoshoni Snake dog soldiers came to the Malheur Reservation in March 1878 and threatened war as soon as there was grass. Idaho Governor Brayman wrote to US Senator W. J. McConnell on their behalf, agreeing that the Banattee Snakes at Fort Hall Reservation had "ample justification" for the methods they pursued, given the ongoing loss of their natural food supply, camas root, to the settlers hogs.  On June 16, 1878, the Salt Lake City Tribune reported that Laughing Hawk (Tambiago), imprisoned at the Idaho Territorial Penitentiary, had informed officials there that Buffalo Horn (Kotsotiala) was to meet with Bad Face and Has No Horse in the "Juniper Mountains" (Steens). That point was ignored by those officials. On May 27, 1878, after holding a council of war, a second Shoshoni uprising was launched in eastern Oregon with the killing of James Dempsey, a white gun dealer who lived in Harney Valley with a Shoshoni wife. He had purchased arms in October 1877 from the Mormons at Salt Lake City and then sold the weapons to the Bannock/Bannatte Robber Snakes, after having for over a year prior urged them to go to war. He then informed Idaho Governor Brayman that war was eminent. The uprising turned into the second Shoshoni War, which the Americans would title the Bannock War. On June 5, Sarah Winnemucca met with Pony Blanket (Egan), Left Hand, Dancer, and Three Coyotes at the Malheur Indian Agency and learned that the Snake Indians were being starved out of the Malheur reservation, that they could not buy clothes, and that Paiute horses were being shot. Three Coyotes reported the rape of an Indian girl and the confiscation of weapons and horses at the Fort Hall Reservation. They gathered money to send Sarah to Washington to tell President Rutherford B. Hayes of these problems. She left on June 9, 1878 and on that day Captain Reuben Bernard caught up with Black Buffalo and Old Bull near the Oregon-Idaho border, in the process of pulling down telegraph lines to shut off the war zone communications, and he seriously wounded both men. Before the last of the lines were pulled down, General Irvin McDowell got a message through to Bad Face and his son Natchez, asking them to come and help keep the peace with the hostile Snakes at the Malheur Reservation, which both men said they would do. In fact they planned to join the Snakes at war. On June 10, 1878, Congress declared war on the Western Shoshoni Nation.</German>
		<Italian>[H1]Winnemucca [\H1][NEWLINE][BOLD]War chief of the Kuyuidika [\BOLD][NEWLINE][BOLD]Lived: [\BOLD] 1820 - 1882[NEWLINE][PARAGRAPH:2][BOLD]Background:[\BOLD][NEWLINE][TAB]Winnemucca, (also called Wobitsawahkah, Bad Face, Winnemucca the Younger, Mubetawaka, and Poito), was born a Shoshoni around 1820 in what would later become the Oregon Territory.  He married a Kuyuidika woman, the daughter of Old Winnemucca, and thus was a Paiute himself by tribal rules.  His father-in-law honored him by giving him his own name. Winnemucca or Wuna Mucca has been translated as "The Giver of Spiritual Gifts."  This name is part-English and part-Paiute. Winnemucca the Younger became war chief of the Kuyuidika (bird eaters), a Northern Paiute band.

Winnemucca the Younger became war chief of the Kuyuidika.  Unlike his father-in-law, Winnemucca the Older, he was distrustful of white settlers.  His role in Northern Paiute politics is difficult to determine and somewhat controversial. He is primarily known through the writings of his daughter, Sarah Winnemucca. She downplayed his Shoshoni roots and connections to distinguish her father and her people as peaceful and to protect them from the prejudice many settlers held against the more warlike "Snake Indians." Sarah exaggerated his influence over the Paiute people, stating that he was the absolute chief of all the Paiute tribes. Due in large part to her role as a translator, this viewpoint was shared by contemporary Oregonians Modern historians and ethnologists view him more as a "first among equals," with considerable influence over the bands in the Pyramid Lake region.  He was a leading proponent of the Pyramid Lake War of 1860.  However, when the Paviotso Confederacy was first forming at the Ochoco Council of 1851, the Paiute people had been more inclined to listen to his father-in-law, (Old) Chief One Moccasin, and keep the peace, than to follow Bad Face's counsel to join the other Shoshone and Northern Ute warriors in the war effort. Later, Bad Face did lead several Paiute units into active fighting, where they would be misidentified as Snake warriors.

During the winter of 1872-1873, over his daughter's objections, Bad Face refused to go and farm for a living on the Malheur Reservation, where she was staying at the time, saying he might starve there. His hideout was at the base of Steens Mountain, near the Reuben and Dolly Kiger Ranch in what is now Harney County, Oregon. By 1873, settlers and the government in Oregon had come to worry that the Paiute people under Bad Face might be organizing to join with the more war-inclined Shoshone people under Has No Horse, and that they might either collaborate or unite with their old enemies, the Modoc people, under John Schonchin and Modicus, in what became the Modoc War.  On April 11, 1873, the Modoc War ended. By 1874, "Winnemucca, the Chief of the Paiutes", eight braves, Sarah, and another of his daughters would grace the stage of the Metropolitan Theater with a series of skits on Indian life, which they performed for five years. As of April 1875, Bad Face was visiting and leaving the Malheur Reservation as he pleased, while that agency was under the comparatively decent Indian agent Samuel Parrish. Parrish had built irrigation canals and a school for the reservation. He had also broadened the limits of the reservation to secure better farmland for the reservation Shoshoni, without any permission to do so, including Pony Blanket's cultivated land and the Shoshoni's traditional hot springs bath. This caused conflict with powerful local settlers who also wanted that land, including ranchers Henry Miller and Pete French, and so a successful campaign to oust Parrish from the agency ensued.  In early April 1875, Bad Face, Sarah Winnemucca, and Pony Blanket attempted unsuccessfully to persuade officers at Fort Harney to help reinstate Parrish, but William V. Rinehart and some of the other wealthy anonymous campaigners fought back, falsely accusing officers at Fort Harney, Fort McDermitt, and Fort Bidwell of supplying food to Shoshoni who refused to stay on the Malheur Reservation empowering them to stay away. Rinehart was the sworn enemy of both the Shoshoni and Paiute, preferring absolute authority and extermination of indigenous people, where possible. Parrish was ultimately replaced by Rinehart, who arrived at the Malheur Reservation on June 28, 1876, just three days after Custer's fall at Little Bighorn. He began defrauding, starving, and abusing both reservation and non-reservation native people immediately.

Following successful political pressure from northeastern Oregon settlers upon the Congress, to overturn President Ulysses S. Grant's pact to let the Nez Perce stay in Wallowa, on June 13, 1877 Nez Perce leader Chief Joseph went on the warpath. He killed four white men, after refusing to move some 500 of his people off of their high mountain meadow in the Wallowa Valley to the Fort Hall Reservation in Idaho, which was to have included Camas Prairie, but due to a "clerical" error, did not. The Paiutes, who had been leaving the Malheur Reservation to escape both Rinehart and starvation, returned en masse, knowing they would at least be safer at the reservation during wartime. Meanwhile Bad Face and some of his warriors journeyed to Boise City, where they dined as guests of honor with Governor Mason Brayman and assured him that Bad Face, Has No Horse, and their people had only peaceful intent. Still, neither would go onto the Malheur Reservation as Rinehart insisted and conditions continued to worsen. Two Shoshoni Snake dog soldiers came to the Malheur Reservation in March 1878 and threatened war as soon as there was grass. Idaho Governor Brayman wrote to US Senator W. J. McConnell on their behalf, agreeing that the Banattee Snakes at Fort Hall Reservation had "ample justification" for the methods they pursued, given the ongoing loss of their natural food supply, camas root, to the settlers hogs.  On June 16, 1878, the Salt Lake City Tribune reported that Laughing Hawk (Tambiago), imprisoned at the Idaho Territorial Penitentiary, had informed officials there that Buffalo Horn (Kotsotiala) was to meet with Bad Face and Has No Horse in the "Juniper Mountains" (Steens). That point was ignored by those officials. On May 27, 1878, after holding a council of war, a second Shoshoni uprising was launched in eastern Oregon with the killing of James Dempsey, a white gun dealer who lived in Harney Valley with a Shoshoni wife. He had purchased arms in October 1877 from the Mormons at Salt Lake City and then sold the weapons to the Bannock/Bannatte Robber Snakes, after having for over a year prior urged them to go to war. He then informed Idaho Governor Brayman that war was eminent. The uprising turned into the second Shoshoni War, which the Americans would title the Bannock War. On June 5, Sarah Winnemucca met with Pony Blanket (Egan), Left Hand, Dancer, and Three Coyotes at the Malheur Indian Agency and learned that the Snake Indians were being starved out of the Malheur reservation, that they could not buy clothes, and that Paiute horses were being shot. Three Coyotes reported the rape of an Indian girl and the confiscation of weapons and horses at the Fort Hall Reservation. They gathered money to send Sarah to Washington to tell President Rutherford B. Hayes of these problems. She left on June 9, 1878 and on that day Captain Reuben Bernard caught up with Black Buffalo and Old Bull near the Oregon-Idaho border, in the process of pulling down telegraph lines to shut off the war zone communications, and he seriously wounded both men. Before the last of the lines were pulled down, General Irvin McDowell got a message through to Bad Face and his son Natchez, asking them to come and help keep the peace with the hostile Snakes at the Malheur Reservation, which both men said they would do. In fact they planned to join the Snakes at war. On June 10, 1878, Congress declared war on the Western Shoshoni Nation.</Italian>
		<Spanish>[H1]Winnemucca [\H1][NEWLINE][BOLD]War chief of the Kuyuidika [\BOLD][NEWLINE][BOLD]Lived: [\BOLD] 1820 - 1882[NEWLINE][PARAGRAPH:2][BOLD]Background:[\BOLD][NEWLINE][TAB]Winnemucca, (also called Wobitsawahkah, Bad Face, Winnemucca the Younger, Mubetawaka, and Poito), was born a Shoshoni around 1820 in what would later become the Oregon Territory.  He married a Kuyuidika woman, the daughter of Old Winnemucca, and thus was a Paiute himself by tribal rules.  His father-in-law honored him by giving him his own name. Winnemucca or Wuna Mucca has been translated as "The Giver of Spiritual Gifts."  This name is part-English and part-Paiute. Winnemucca the Younger became war chief of the Kuyuidika (bird eaters), a Northern Paiute band.

Winnemucca the Younger became war chief of the Kuyuidika.  Unlike his father-in-law, Winnemucca the Older, he was distrustful of white settlers.  His role in Northern Paiute politics is difficult to determine and somewhat controversial. He is primarily known through the writings of his daughter, Sarah Winnemucca. She downplayed his Shoshoni roots and connections to distinguish her father and her people as peaceful and to protect them from the prejudice many settlers held against the more warlike "Snake Indians." Sarah exaggerated his influence over the Paiute people, stating that he was the absolute chief of all the Paiute tribes. Due in large part to her role as a translator, this viewpoint was shared by contemporary Oregonians Modern historians and ethnologists view him more as a "first among equals," with considerable influence over the bands in the Pyramid Lake region.  He was a leading proponent of the Pyramid Lake War of 1860.  However, when the Paviotso Confederacy was first forming at the Ochoco Council of 1851, the Paiute people had been more inclined to listen to his father-in-law, (Old) Chief One Moccasin, and keep the peace, than to follow Bad Face's counsel to join the other Shoshone and Northern Ute warriors in the war effort. Later, Bad Face did lead several Paiute units into active fighting, where they would be misidentified as Snake warriors.

During the winter of 1872-1873, over his daughter's objections, Bad Face refused to go and farm for a living on the Malheur Reservation, where she was staying at the time, saying he might starve there. His hideout was at the base of Steens Mountain, near the Reuben and Dolly Kiger Ranch in what is now Harney County, Oregon. By 1873, settlers and the government in Oregon had come to worry that the Paiute people under Bad Face might be organizing to join with the more war-inclined Shoshone people under Has No Horse, and that they might either collaborate or unite with their old enemies, the Modoc people, under John Schonchin and Modicus, in what became the Modoc War.  On April 11, 1873, the Modoc War ended. By 1874, "Winnemucca, the Chief of the Paiutes", eight braves, Sarah, and another of his daughters would grace the stage of the Metropolitan Theater with a series of skits on Indian life, which they performed for five years. As of April 1875, Bad Face was visiting and leaving the Malheur Reservation as he pleased, while that agency was under the comparatively decent Indian agent Samuel Parrish. Parrish had built irrigation canals and a school for the reservation. He had also broadened the limits of the reservation to secure better farmland for the reservation Shoshoni, without any permission to do so, including Pony Blanket's cultivated land and the Shoshoni's traditional hot springs bath. This caused conflict with powerful local settlers who also wanted that land, including ranchers Henry Miller and Pete French, and so a successful campaign to oust Parrish from the agency ensued.  In early April 1875, Bad Face, Sarah Winnemucca, and Pony Blanket attempted unsuccessfully to persuade officers at Fort Harney to help reinstate Parrish, but William V. Rinehart and some of the other wealthy anonymous campaigners fought back, falsely accusing officers at Fort Harney, Fort McDermitt, and Fort Bidwell of supplying food to Shoshoni who refused to stay on the Malheur Reservation empowering them to stay away. Rinehart was the sworn enemy of both the Shoshoni and Paiute, preferring absolute authority and extermination of indigenous people, where possible. Parrish was ultimately replaced by Rinehart, who arrived at the Malheur Reservation on June 28, 1876, just three days after Custer's fall at Little Bighorn. He began defrauding, starving, and abusing both reservation and non-reservation native people immediately.

Following successful political pressure from northeastern Oregon settlers upon the Congress, to overturn President Ulysses S. Grant's pact to let the Nez Perce stay in Wallowa, on June 13, 1877 Nez Perce leader Chief Joseph went on the warpath. He killed four white men, after refusing to move some 500 of his people off of their high mountain meadow in the Wallowa Valley to the Fort Hall Reservation in Idaho, which was to have included Camas Prairie, but due to a "clerical" error, did not. The Paiutes, who had been leaving the Malheur Reservation to escape both Rinehart and starvation, returned en masse, knowing they would at least be safer at the reservation during wartime. Meanwhile Bad Face and some of his warriors journeyed to Boise City, where they dined as guests of honor with Governor Mason Brayman and assured him that Bad Face, Has No Horse, and their people had only peaceful intent. Still, neither would go onto the Malheur Reservation as Rinehart insisted and conditions continued to worsen. Two Shoshoni Snake dog soldiers came to the Malheur Reservation in March 1878 and threatened war as soon as there was grass. Idaho Governor Brayman wrote to US Senator W. J. McConnell on their behalf, agreeing that the Banattee Snakes at Fort Hall Reservation had "ample justification" for the methods they pursued, given the ongoing loss of their natural food supply, camas root, to the settlers hogs.  On June 16, 1878, the Salt Lake City Tribune reported that Laughing Hawk (Tambiago), imprisoned at the Idaho Territorial Penitentiary, had informed officials there that Buffalo Horn (Kotsotiala) was to meet with Bad Face and Has No Horse in the "Juniper Mountains" (Steens). That point was ignored by those officials. On May 27, 1878, after holding a council of war, a second Shoshoni uprising was launched in eastern Oregon with the killing of James Dempsey, a white gun dealer who lived in Harney Valley with a Shoshoni wife. He had purchased arms in October 1877 from the Mormons at Salt Lake City and then sold the weapons to the Bannock/Bannatte Robber Snakes, after having for over a year prior urged them to go to war. He then informed Idaho Governor Brayman that war was eminent. The uprising turned into the second Shoshoni War, which the Americans would title the Bannock War. On June 5, Sarah Winnemucca met with Pony Blanket (Egan), Left Hand, Dancer, and Three Coyotes at the Malheur Indian Agency and learned that the Snake Indians were being starved out of the Malheur reservation, that they could not buy clothes, and that Paiute horses were being shot. Three Coyotes reported the rape of an Indian girl and the confiscation of weapons and horses at the Fort Hall Reservation. They gathered money to send Sarah to Washington to tell President Rutherford B. Hayes of these problems. She left on June 9, 1878 and on that day Captain Reuben Bernard caught up with Black Buffalo and Old Bull near the Oregon-Idaho border, in the process of pulling down telegraph lines to shut off the war zone communications, and he seriously wounded both men. Before the last of the lines were pulled down, General Irvin McDowell got a message through to Bad Face and his son Natchez, asking them to come and help keep the peace with the hostile Snakes at the Malheur Reservation, which both men said they would do. In fact they planned to join the Snakes at war. On June 10, 1878, Congress declared war on the Western Shoshoni Nation.</Spanish>
	</TEXT>
	<TEXT>
		<Tag>AI_DIPLO_FIRST_CONTACT_LEADER_WINNEMUCCA_1</Tag>
		<English>Greetings! I am [OUR_NAME] of the [OUR_EMPIRE]. Tresspass on our land, and see what happens.</English>
		<French>Salutations ! Je suis [OUR_NAME] des Piliwni. Passez sur nos terres, et voyez ce qu'il advient.</French>
		<German>Greetings! I am [OUR_NAME] of the [OUR_EMPIRE]. Tresspass on our land, and see what happens.</German>
		<Italian>Greetings! I am [OUR_NAME] of the [OUR_EMPIRE]. Tresspass on our land, and see what happens.</Italian>
		<Spanish>Greetings! I am [OUR_NAME] of the [OUR_EMPIRE]. Tresspass on our land, and see what happens.</Spanish>
	</TEXT>
</Civ4GameText>