<?xml version="1.0" encoding="utf-8"?>
<!-- Sid Meier's Civilization 4 Beyond the Sword -->
<!-- Modified by the Civ Gold Team -->
<!-- -->
<Civ4GameText xmlns="http://www.firaxis.com">
	<TEXT>
		<Tag>TXT_KEY_LEADER_EWUARE</Tag>
		<English>Ewuare</English>
		<French>Ewuare</French>
		<German>Ewuare</German>
		<Italian>Ewuare</Italian>
		<Spanish>Ewuare</Spanish>
	</TEXT>
	<TEXT>
		<Tag>TXT_KEY_LEADER_EWUARE_PEDIA</Tag>
		<English>[H1]Oba Ewuare[\H1][NEWLINE][BOLD]King of the Benin Empire[\BOLD][NEWLINE][BOLD]Lived: [\BOLD]c.1420 - 1480[NEWLINE][PARAGRAPH:2][BOLD]Background:[\BOLD][NEWLINE][TAB]Oba Ewuare was the greatest warrior legend and the most outstanding king in the history of Benin Empire. The title Ewuare (Oworuare), meaning it is cool or the trouble has ceased, and as a result the war is over. The title symbolizes an epoch of reconciliation, reconstruction and the return of peace among the warring factions in Benin between 1435-1440 AD.[PARAGRAPH:1]Oba Ewuare ruled Benin kingdom between 1440-1473 AD. His reign marked the beginning of recovery and reform which opened up the pathway to the power and advancement of Benin Kingdom and the emergence of Benin Empire in the fifteen century. Ewuares political intelligence, unmatched by any Oba in Benin history, transformed the character of the state along its quest for imperial expansion until the British invasion and conquest in February 1897.</English>
		<French>[H1]Oba Ewuare[\H1][NEWLINE][BOLD]King of the Benin Empire[\BOLD][NEWLINE][BOLD]Lived: [\BOLD]c.1420 - 1480[NEWLINE][PARAGRAPH:2][BOLD]Background:[\BOLD][NEWLINE][TAB]Oba Ewuare was the greatest warrior legend and the most outstanding king in the history of Benin Empire. The title Ewuare (Oworuare), meaning it is cool or the trouble has ceased, and as a result the war is over. The title symbolizes an epoch of reconciliation, reconstruction and the return of peace among the warring factions in Benin between 1435-1440 AD.[PARAGRAPH:1]Oba Ewuare ruled Benin kingdom between 1440-1473 AD. His reign marked the beginning of recovery and reform which opened up the pathway to the power and advancement of Benin Kingdom and the emergence of Benin Empire in the fifteen century. Ewuares political intelligence, unmatched by any Oba in Benin history, transformed the character of the state along its quest for imperial expansion until the British invasion and conquest in February 1897.</French>
		<German>[H1]Oba Ewuare[\H1][NEWLINE][BOLD]King of the Benin Empire[\BOLD][NEWLINE][BOLD]Lived: [\BOLD]c.1420 - 1480[NEWLINE][PARAGRAPH:2][BOLD]Background:[\BOLD][NEWLINE][TAB]Oba Ewuare was the greatest warrior legend and the most outstanding king in the history of Benin Empire. The title Ewuare (Oworuare), meaning it is cool or the trouble has ceased, and as a result the war is over. The title symbolizes an epoch of reconciliation, reconstruction and the return of peace among the warring factions in Benin between 1435-1440 AD.[PARAGRAPH:1]Oba Ewuare ruled Benin kingdom between 1440-1473 AD. His reign marked the beginning of recovery and reform which opened up the pathway to the power and advancement of Benin Kingdom and the emergence of Benin Empire in the fifteen century. Ewuares political intelligence, unmatched by any Oba in Benin history, transformed the character of the state along its quest for imperial expansion until the British invasion and conquest in February 1897.</German>
		<Italian>[H1]Oba Ewuare[\H1][NEWLINE][BOLD]King of the Benin Empire[\BOLD][NEWLINE][BOLD]Lived: [\BOLD]c.1420 - 1480[NEWLINE][PARAGRAPH:2][BOLD]Background:[\BOLD][NEWLINE][TAB]Oba Ewuare was the greatest warrior legend and the most outstanding king in the history of Benin Empire. The title Ewuare (Oworuare), meaning it is cool or the trouble has ceased, and as a result the war is over. The title symbolizes an epoch of reconciliation, reconstruction and the return of peace among the warring factions in Benin between 1435-1440 AD.[PARAGRAPH:1]Oba Ewuare ruled Benin kingdom between 1440-1473 AD. His reign marked the beginning of recovery and reform which opened up the pathway to the power and advancement of Benin Kingdom and the emergence of Benin Empire in the fifteen century. Ewuares political intelligence, unmatched by any Oba in Benin history, transformed the character of the state along its quest for imperial expansion until the British invasion and conquest in February 1897.</Italian>
		<Spanish>[H1]Oba Ewuare[\H1][NEWLINE][BOLD]King of the Benin Empire[\BOLD][NEWLINE][BOLD]Lived: [\BOLD]c.1420 - 1480[NEWLINE][PARAGRAPH:2][BOLD]Background:[\BOLD][NEWLINE][TAB]Oba Ewuare was the greatest warrior legend and the most outstanding king in the history of Benin Empire. The title Ewuare (Oworuare), meaning it is cool or the trouble has ceased, and as a result the war is over. The title symbolizes an epoch of reconciliation, reconstruction and the return of peace among the warring factions in Benin between 1435-1440 AD.[PARAGRAPH:1]Oba Ewuare ruled Benin kingdom between 1440-1473 AD. His reign marked the beginning of recovery and reform which opened up the pathway to the power and advancement of Benin Kingdom and the emergence of Benin Empire in the fifteen century. Ewuares political intelligence, unmatched by any Oba in Benin history, transformed the character of the state along its quest for imperial expansion until the British invasion and conquest in February 1897.</Spanish>
	</TEXT>
	<TEXT>
		<Tag>AI_DIPLO_FIRST_CONTACT_LEADER_EWUARE_1</Tag>
		<English>I am [OUR_NAME] of the great [OUR_EMPIRE]. We will wary of you like a rotting tooth, and chewing slowly in the meantime.</English>
		<French>Je suis [OUR_NAME] des grands béninois. Nous vous traiterons comme une dent pourrie, mais nous mâcherons lentement.</French>
		<German>I am [OUR_NAME] of the great [OUR_EMPIRE]. We will wary of you like a rotting tooth, and chewing slowly in the meantime.</German>
		<Italian>I am [OUR_NAME] of the great [OUR_EMPIRE]. We will wary of you like a rotting tooth, and chewing slowly in the meantime.</Italian>
		<Spanish>I am [OUR_NAME] of the great [OUR_EMPIRE]. We will wary of you like a rotting tooth, and chewing slowly in the meantime.</Spanish>
	</TEXT>
</Civ4GameText>