<?xml version="1.0" encoding="ISO-8859-1"?>
<!-- Sid Meier's Civilization 4 Beyond the Sword -->
<!-- Modified by the Civ Gold Team -->
<!-- -->
<Civ4GameText xmlns="http://www.firaxis.com">
	<TEXT>
		<Tag>TXT_KEY_LEADER_ARPAD</Tag>
		<English>Arpad</English>
		<French>Arpad</French>
		<German>Arpad</German>
		<Italian>Arpad</Italian>
		<Spanish>Arpad</Spanish>
	</TEXT>
	<TEXT>
		<Tag>TXT_KEY_LEADER_ARPAD_PEDIA</Tag>
		<English>[H1]Arpad[\H1][NEWLINE][BOLD]Chieftain of the Magyar[\BOLD][NEWLINE][BOLD]Lived: [\BOLD]c.850 - 907 [NEWLINE][PARAGRAPH:2][BOLD]Background:[\BOLD][NEWLINE][TAB]Arpad was the first ruler of Hungary. He was the probable leader of the Magyar tribe, and the founder of the Arpad dynasty. Arpad was the son of almos.[PARAGRAPH:1]According to medieval chronicles, seven proto-Magyar tribes elected him as the leader of one of those tribes their common leader in Etelkoz around 890. He is said to have been the leader ("prince" - fejedelem) of the proto-Magyars for 20 years and to have died in 907. The Byzantine De administrando imperio says around 950: Prior to this Arpad, the Magyars did never have another ruling prince ('archont') and since then up to today the ruling prince of Hungary has been from that family. Other sources however imply that there was a second ruling prince called Kursan, who was either at the same "level" with Arpad, or a kind of "vice-prince". Based on Arabic sources, Arpad's title seems to have been kende, although some scholars consider Kende to be the name of a person.[PARAGRAPH:1]After several looting raids in Europe (from the 860s onwards), the proto-Magyars in Etelkoz under Arpad, pushed by the Pechenegs from the East, decided to definitively pass the Carpathian Mountains. In 896 they occupied the Upper Tisza river, from there they undertook numerous looting raids in central and western Europe, and in 900/901 they moved to Pannonia. The proto-Magyars entering the Pannonian fields in 896 represented about 200,000 - 250,000 people.[PARAGRAPH:1]According to legends, Arpad is also said to have been holding the first "parliamentary" session with 40 other "nobles" on horseback before 900 AD.</English>
		<French>[H1]Arpad[\H1][NEWLINE][BOLD]Chieftain of the Magyar[\BOLD][NEWLINE][BOLD]Lived: [\BOLD]c.850 - 907 [NEWLINE][PARAGRAPH:2][BOLD]Background:[\BOLD][NEWLINE][TAB]Arpad was the first ruler of Hungary. He was the probable leader of the Magyar tribe, and the founder of the Arpad dynasty. Arpad was the son of almos.[PARAGRAPH:1]According to medieval chronicles, seven proto-Magyar tribes elected him as the leader of one of those tribes their common leader in Etelkoz around 890. He is said to have been the leader ("prince" - fejedelem) of the proto-Magyars for 20 years and to have died in 907. The Byzantine De administrando imperio says around 950: Prior to this Arpad, the Magyars did never have another ruling prince ('archont') and since then up to today the ruling prince of Hungary has been from that family. Other sources however imply that there was a second ruling prince called Kursan, who was either at the same "level" with Arpad, or a kind of "vice-prince". Based on Arabic sources, Arpad's title seems to have been kende, although some scholars consider Kende to be the name of a person.[PARAGRAPH:1]After several looting raids in Europe (from the 860s onwards), the proto-Magyars in Etelkoz under Arpad, pushed by the Pechenegs from the East, decided to definitively pass the Carpathian Mountains. In 896 they occupied the Upper Tisza river, from there they undertook numerous looting raids in central and western Europe, and in 900/901 they moved to Pannonia. The proto-Magyars entering the Pannonian fields in 896 represented about 200,000 - 250,000 people.[PARAGRAPH:1]According to legends, Arpad is also said to have been holding the first "parliamentary" session with 40 other "nobles" on horseback before 900 AD.</French>
		<German>[H1]Arpad[\H1][NEWLINE][BOLD]Chieftain of the Magyar[\BOLD][NEWLINE][BOLD]Lived: [\BOLD]c.850 - 907 [NEWLINE][PARAGRAPH:2][BOLD]Background:[\BOLD][NEWLINE][TAB]Arpad was the first ruler of Hungary. He was the probable leader of the Magyar tribe, and the founder of the Arpad dynasty. Arpad was the son of almos.[PARAGRAPH:1]According to medieval chronicles, seven proto-Magyar tribes elected him as the leader of one of those tribes their common leader in Etelkoz around 890. He is said to have been the leader ("prince" - fejedelem) of the proto-Magyars for 20 years and to have died in 907. The Byzantine De administrando imperio says around 950: Prior to this Arpad, the Magyars did never have another ruling prince ('archont') and since then up to today the ruling prince of Hungary has been from that family. Other sources however imply that there was a second ruling prince called Kursan, who was either at the same "level" with Arpad, or a kind of "vice-prince". Based on Arabic sources, Arpad's title seems to have been kende, although some scholars consider Kende to be the name of a person.[PARAGRAPH:1]After several looting raids in Europe (from the 860s onwards), the proto-Magyars in Etelkoz under Arpad, pushed by the Pechenegs from the East, decided to definitively pass the Carpathian Mountains. In 896 they occupied the Upper Tisza river, from there they undertook numerous looting raids in central and western Europe, and in 900/901 they moved to Pannonia. The proto-Magyars entering the Pannonian fields in 896 represented about 200,000 - 250,000 people.[PARAGRAPH:1]According to legends, Arpad is also said to have been holding the first "parliamentary" session with 40 other "nobles" on horseback before 900 AD.</German>
		<Italian>[H1]Arpad[\H1][NEWLINE][BOLD]Chieftain of the Magyar[\BOLD][NEWLINE][BOLD]Lived: [\BOLD]c.850 - 907 [NEWLINE][PARAGRAPH:2][BOLD]Background:[\BOLD][NEWLINE][TAB]Arpad was the first ruler of Hungary. He was the probable leader of the Magyar tribe, and the founder of the Arpad dynasty. Arpad was the son of almos.[PARAGRAPH:1]According to medieval chronicles, seven proto-Magyar tribes elected him as the leader of one of those tribes their common leader in Etelkoz around 890. He is said to have been the leader ("prince" - fejedelem) of the proto-Magyars for 20 years and to have died in 907. The Byzantine De administrando imperio says around 950: Prior to this Arpad, the Magyars did never have another ruling prince ('archont') and since then up to today the ruling prince of Hungary has been from that family. Other sources however imply that there was a second ruling prince called Kursan, who was either at the same "level" with Arpad, or a kind of "vice-prince". Based on Arabic sources, Arpad's title seems to have been kende, although some scholars consider Kende to be the name of a person.[PARAGRAPH:1]After several looting raids in Europe (from the 860s onwards), the proto-Magyars in Etelkoz under Arpad, pushed by the Pechenegs from the East, decided to definitively pass the Carpathian Mountains. In 896 they occupied the Upper Tisza river, from there they undertook numerous looting raids in central and western Europe, and in 900/901 they moved to Pannonia. The proto-Magyars entering the Pannonian fields in 896 represented about 200,000 - 250,000 people.[PARAGRAPH:1]According to legends, Arpad is also said to have been holding the first "parliamentary" session with 40 other "nobles" on horseback before 900 AD.</Italian>
		<Spanish>[H1]Arpad[\H1][NEWLINE][BOLD]Chieftain of the Magyar[\BOLD][NEWLINE][BOLD]Lived: [\BOLD]c.850 - 907 [NEWLINE][PARAGRAPH:2][BOLD]Background:[\BOLD][NEWLINE][TAB]Arpad was the first ruler of Hungary. He was the probable leader of the Magyar tribe, and the founder of the Arpad dynasty. Arpad was the son of almos.[PARAGRAPH:1]According to medieval chronicles, seven proto-Magyar tribes elected him as the leader of one of those tribes their common leader in Etelkoz around 890. He is said to have been the leader ("prince" - fejedelem) of the proto-Magyars for 20 years and to have died in 907. The Byzantine De administrando imperio says around 950: Prior to this Arpad, the Magyars did never have another ruling prince ('archont') and since then up to today the ruling prince of Hungary has been from that family. Other sources however imply that there was a second ruling prince called Kursan, who was either at the same "level" with Arpad, or a kind of "vice-prince". Based on Arabic sources, Arpad's title seems to have been kende, although some scholars consider Kende to be the name of a person.[PARAGRAPH:1]After several looting raids in Europe (from the 860s onwards), the proto-Magyars in Etelkoz under Arpad, pushed by the Pechenegs from the East, decided to definitively pass the Carpathian Mountains. In 896 they occupied the Upper Tisza river, from there they undertook numerous looting raids in central and western Europe, and in 900/901 they moved to Pannonia. The proto-Magyars entering the Pannonian fields in 896 represented about 200,000 - 250,000 people.[PARAGRAPH:1]According to legends, Arpad is also said to have been holding the first "parliamentary" session with 40 other "nobles" on horseback before 900 AD.</Spanish>
	</TEXT>
	<TEXT>
		<Tag>AI_DIPLO_FIRST_CONTACT_LEADER_ARPAD_1</Tag>
		<English>Welcome to my lands, [CT_NAME]. The [OUR_EMPIRE] advises that you only stretch as far as your blanket reaches.</English>
		<French>Bienvenue sur mes terres, [CT_NAME]. L'empire hongrois vous conseille de vous �tendre seulement jusqu'o� vous pouvez tirer votre couverture.</French>
		<German>Welcome to my lands, [CT_NAME]. The [OUR_EMPIRE] advises that you only stretch as far as your blanket reaches.</German>
		<Italian>Welcome to my lands, [CT_NAME]. The [OUR_EMPIRE] advises that you only stretch as far as your blanket reaches.</Italian>
		<Spanish>Welcome to my lands, [CT_NAME]. The [OUR_EMPIRE] advises that you only stretch as far as your blanket reaches.</Spanish>
	</TEXT>
</Civ4GameText>