<?xml version="1.0" encoding="utf-8"?>
<!-- Sid Meier's Civilization 4 Beyond the Sword -->
<!-- Modified by the Civ Gold Team -->
<!-- -->
<Civ4GameText xmlns="http://www.firaxis.com">
	<TEXT>
		<Tag>TXT_KEY_LEADER_TENGRI_BOGU</Tag>
		<English>Tengri Bogu</English>
		<French>Tengri Bogu</French>
		<German>Tengri Bogu</German>
		<Italian>Tengri Bogu</Italian>
		<Spanish>Tengri Bogu</Spanish>
	</TEXT>
	<TEXT>
		<Tag>TXT_KEY_LEADER_TENGRI_BOGU_PEDIA</Tag>
		<English>[H1]Tengri Bogu[\H1][NEWLINE][BOLD]Khagan of the Uyghurs[\BOLD][NEWLINE][BOLD]Ruled: [\BOLD] 759779 AD [NEWLINE][PARAGRAPH:2][BOLD]Background:[\BOLD][NEWLINE][TAB]In 762, in alliance with the Tang, Tengri Bögü launched a campaign against the Tibetans. He recaptured for the Tang Emperor the western capital Chang'an. Khagan Tengri Bögü met with Manichaean priests from Iran while on campaign, and was converted to Manicheism, adopting it as the official religion of the Uyghur Empire.  In 779 Tengri Bögü, incited by Sogdian traders, living in Ordu Baliq, planned an invasion of China to take advantage of the accession of a new emperor. Tengri Bögü's uncle, Tun Bagha Tarkhan opposed this plan, fearing it would result in Uyghur assimilation into Chinese culture.  Bagha Tarkhan led a rebellion against his ruler, beheading him and his closest followers (about 2,000 nobles). Tun Bagha Tarkhan ascended the throne as Alp Qutlugh Bilge ("Victorious, glorious, wise") and enforced a new set of laws, which he designed to secure the unity of the khaganate, He also moved against the Kyrgyz once more, finally bringing them under the Uyghur Khaganate's control.</English>
		<French>[H1]Tengri Bogu[\H1][NEWLINE][BOLD]Khagan of the Uyghurs[\BOLD][NEWLINE][BOLD]Ruled: [\BOLD] 759779 AD [NEWLINE][PARAGRAPH:2][BOLD]Background:[\BOLD][NEWLINE][TAB]In 762, in alliance with the Tang, Tengri Bögü launched a campaign against the Tibetans. He recaptured for the Tang Emperor the western capital Chang'an. Khagan Tengri Bögü met with Manichaean priests from Iran while on campaign, and was converted to Manicheism, adopting it as the official religion of the Uyghur Empire.  In 779 Tengri Bögü, incited by Sogdian traders, living in Ordu Baliq, planned an invasion of China to take advantage of the accession of a new emperor. Tengri Bögü's uncle, Tun Bagha Tarkhan opposed this plan, fearing it would result in Uyghur assimilation into Chinese culture.  Bagha Tarkhan led a rebellion against his ruler, beheading him and his closest followers (about 2,000 nobles). Tun Bagha Tarkhan ascended the throne as Alp Qutlugh Bilge ("Victorious, glorious, wise") and enforced a new set of laws, which he designed to secure the unity of the khaganate, He also moved against the Kyrgyz once more, finally bringing them under the Uyghur Khaganate's control.</French>
		<German>[H1]Tengri Bogu[\H1][NEWLINE][BOLD]Khagan of the Uyghurs[\BOLD][NEWLINE][BOLD]Ruled: [\BOLD] 759779 AD [NEWLINE][PARAGRAPH:2][BOLD]Background:[\BOLD][NEWLINE][TAB]In 762, in alliance with the Tang, Tengri Bögü launched a campaign against the Tibetans. He recaptured for the Tang Emperor the western capital Chang'an. Khagan Tengri Bögü met with Manichaean priests from Iran while on campaign, and was converted to Manicheism, adopting it as the official religion of the Uyghur Empire.  In 779 Tengri Bögü, incited by Sogdian traders, living in Ordu Baliq, planned an invasion of China to take advantage of the accession of a new emperor. Tengri Bögü's uncle, Tun Bagha Tarkhan opposed this plan, fearing it would result in Uyghur assimilation into Chinese culture.  Bagha Tarkhan led a rebellion against his ruler, beheading him and his closest followers (about 2,000 nobles). Tun Bagha Tarkhan ascended the throne as Alp Qutlugh Bilge ("Victorious, glorious, wise") and enforced a new set of laws, which he designed to secure the unity of the khaganate, He also moved against the Kyrgyz once more, finally bringing them under the Uyghur Khaganate's control.</German>
		<Italian>[H1]Tengri Bogu[\H1][NEWLINE][BOLD]Khagan of the Uyghurs[\BOLD][NEWLINE][BOLD]Ruled: [\BOLD] 759779 AD [NEWLINE][PARAGRAPH:2][BOLD]Background:[\BOLD][NEWLINE][TAB]In 762, in alliance with the Tang, Tengri Bögü launched a campaign against the Tibetans. He recaptured for the Tang Emperor the western capital Chang'an. Khagan Tengri Bögü met with Manichaean priests from Iran while on campaign, and was converted to Manicheism, adopting it as the official religion of the Uyghur Empire.  In 779 Tengri Bögü, incited by Sogdian traders, living in Ordu Baliq, planned an invasion of China to take advantage of the accession of a new emperor. Tengri Bögü's uncle, Tun Bagha Tarkhan opposed this plan, fearing it would result in Uyghur assimilation into Chinese culture.  Bagha Tarkhan led a rebellion against his ruler, beheading him and his closest followers (about 2,000 nobles). Tun Bagha Tarkhan ascended the throne as Alp Qutlugh Bilge ("Victorious, glorious, wise") and enforced a new set of laws, which he designed to secure the unity of the khaganate, He also moved against the Kyrgyz once more, finally bringing them under the Uyghur Khaganate's control.</Italian>
		<Spanish>[H1]Tengri Bogu[\H1][NEWLINE][BOLD]Khagan of the Uyghurs[\BOLD][NEWLINE][BOLD]Ruled: [\BOLD] 759779 AD [NEWLINE][PARAGRAPH:2][BOLD]Background:[\BOLD][NEWLINE][TAB]In 762, in alliance with the Tang, Tengri Bögü launched a campaign against the Tibetans. He recaptured for the Tang Emperor the western capital Chang'an. Khagan Tengri Bögü met with Manichaean priests from Iran while on campaign, and was converted to Manicheism, adopting it as the official religion of the Uyghur Empire.  In 779 Tengri Bögü, incited by Sogdian traders, living in Ordu Baliq, planned an invasion of China to take advantage of the accession of a new emperor. Tengri Bögü's uncle, Tun Bagha Tarkhan opposed this plan, fearing it would result in Uyghur assimilation into Chinese culture.  Bagha Tarkhan led a rebellion against his ruler, beheading him and his closest followers (about 2,000 nobles). Tun Bagha Tarkhan ascended the throne as Alp Qutlugh Bilge ("Victorious, glorious, wise") and enforced a new set of laws, which he designed to secure the unity of the khaganate, He also moved against the Kyrgyz once more, finally bringing them under the Uyghur Khaganate's control.</Spanish>
	</TEXT>
	<TEXT>
		<Tag>AI_DIPLO_FIRST_CONTACT_LEADER_TENGRI_BOGU_1</Tag>
		<English>Greetings [CT_NAME].  If you always watch your back, you will be stabbed in the front.</English>
		<French>Salutations [CT_NAME].  Si vous regardez toujours derrière vous, vous serez poignardés de face.</French>
		<German>Greetings [CT_NAME].  If you always watch your back, you will be stabbed in the front.</German>
		<Italian>Greetings [CT_NAME].  If you always watch your back, you will be stabbed in the front.</Italian>
		<Spanish>Greetings [CT_NAME].  If you always watch your back, you will be stabbed in the front.</Spanish>
	</TEXT>
</Civ4GameText>