<?xml version="1.0" encoding="utf-8"?>
<!-- Sid Meier's Civilization 4 Beyond the Sword -->
<!-- Modified by the Civ Gold Team -->
<!-- -->
<Civ4GameText xmlns="http://www.firaxis.com">
	<TEXT>
		<Tag>TXT_KEY_LEADER_MANNERHEIM</Tag>
		<English>Mannerheim</English>
		<French>Mannerheim</French>
		<German>Mannerheim</German>
		<Italian>Mannerheim</Italian>
		<Spanish>Mannerheim</Spanish>
	</TEXT>
	<TEXT>
		<Tag>TXT_KEY_LEADER_MANNERHEIM_PEDIA</Tag>
		<English>[H1]Carl Gustaf Emil Mannerheim[\H1][NEWLINE][BOLD]President of Finland[\BOLD][NEWLINE][BOLD]Lived: [\BOLD] 1867 - 1951[NEWLINE][NEWLINE][TAB]Mannerheim was of Swedish ancestry. He entered the Russian army in 1889 as a lieutenant in the cavalry. Finland was then a part of the Russian Empire, and Mannerheim distinguished himself during the Russo-Japanese War (190405) and World War I, rising to the rank of lieutenant general  and corps commander in the Russian army. After the outbreak of the October (November) Russian Revolution in 1917 he returned to Finland, which had declared its independence from Russia. A conservative aristocrat and monarchist, Mannerheim assumed command of the White (anti-Bolshevik) forces in January 1918 during the Finnish Civil War and, with German assistance, defeated the Finnish Bolsheviks and expelled Russian forces in a bloody four-month campaign. He became regent of Finland in December 1918, holding this post for seven months until a republic was declared in 1919. From 1919 to 1931 he lived in semiretirement, concerning himself with volunteer health and social welfare causes in Finland.  Reentering public life in 1931, Mannerheim became chairman of the national defense council. During his eight-year tenure, Finland constructed the so-called Mannerheim Line of fortifications across the Karelian Isthmus facing Leningrad; this system of defenses was intended to block any potential aggressive moves by the Soviet Union. When Soviet forces attacked Finland in December 1939, he served as commander in chief, and his brilliant leadership won considerable successes against vast numerical superiority, but the end result was defeat, resulting in a relatively harsh peace settlement in 1940.  Hoping to win back some territory regarded by some as historically Finnish, Finland successfully joined Nazi Germany in its invasion of the Soviet Union in June 1941. Mannerheim was named the only marshal of Finland in June 1942. But as Russian strength grew and Germany weakened, Mannerheims troops were forced to retreat. He was named president of the Finnish republic in August 1944 in the hope that he would be able to negotiate a separate peace with the Soviets, which he did, signing an armistice with them in September. The armistice ultimately led to a peace treaty by which Finland was forced to make concessions more extensive than those made after the winter war. Mannerheim remained president until ill health forced his retirement in 1946.</English>
		<French>[H1]Carl Gustaf Emil Mannerheim[\H1][NEWLINE][BOLD]President of Finland[\BOLD][NEWLINE][BOLD]Lived: [\BOLD] 1867 - 1951[NEWLINE][NEWLINE][TAB]Mannerheim was of Swedish ancestry. He entered the Russian army in 1889 as a lieutenant in the cavalry. Finland was then a part of the Russian Empire, and Mannerheim distinguished himself during the Russo-Japanese War (190405) and World War I, rising to the rank of lieutenant general  and corps commander in the Russian army. After the outbreak of the October (November) Russian Revolution in 1917 he returned to Finland, which had declared its independence from Russia. A conservative aristocrat and monarchist, Mannerheim assumed command of the White (anti-Bolshevik) forces in January 1918 during the Finnish Civil War and, with German assistance, defeated the Finnish Bolsheviks and expelled Russian forces in a bloody four-month campaign. He became regent of Finland in December 1918, holding this post for seven months until a republic was declared in 1919. From 1919 to 1931 he lived in semiretirement, concerning himself with volunteer health and social welfare causes in Finland.  Reentering public life in 1931, Mannerheim became chairman of the national defense council. During his eight-year tenure, Finland constructed the so-called Mannerheim Line of fortifications across the Karelian Isthmus facing Leningrad; this system of defenses was intended to block any potential aggressive moves by the Soviet Union. When Soviet forces attacked Finland in December 1939, he served as commander in chief, and his brilliant leadership won considerable successes against vast numerical superiority, but the end result was defeat, resulting in a relatively harsh peace settlement in 1940.  Hoping to win back some territory regarded by some as historically Finnish, Finland successfully joined Nazi Germany in its invasion of the Soviet Union in June 1941. Mannerheim was named the only marshal of Finland in June 1942. But as Russian strength grew and Germany weakened, Mannerheims troops were forced to retreat. He was named president of the Finnish republic in August 1944 in the hope that he would be able to negotiate a separate peace with the Soviets, which he did, signing an armistice with them in September. The armistice ultimately led to a peace treaty by which Finland was forced to make concessions more extensive than those made after the winter war. Mannerheim remained president until ill health forced his retirement in 1946.</French>
		<German>[H1]Carl Gustaf Emil Mannerheim[\H1][NEWLINE][BOLD]President of Finland[\BOLD][NEWLINE][BOLD]Lived: [\BOLD] 1867 - 1951[NEWLINE][NEWLINE][TAB]Mannerheim was of Swedish ancestry. He entered the Russian army in 1889 as a lieutenant in the cavalry. Finland was then a part of the Russian Empire, and Mannerheim distinguished himself during the Russo-Japanese War (190405) and World War I, rising to the rank of lieutenant general  and corps commander in the Russian army. After the outbreak of the October (November) Russian Revolution in 1917 he returned to Finland, which had declared its independence from Russia. A conservative aristocrat and monarchist, Mannerheim assumed command of the White (anti-Bolshevik) forces in January 1918 during the Finnish Civil War and, with German assistance, defeated the Finnish Bolsheviks and expelled Russian forces in a bloody four-month campaign. He became regent of Finland in December 1918, holding this post for seven months until a republic was declared in 1919. From 1919 to 1931 he lived in semiretirement, concerning himself with volunteer health and social welfare causes in Finland.  Reentering public life in 1931, Mannerheim became chairman of the national defense council. During his eight-year tenure, Finland constructed the so-called Mannerheim Line of fortifications across the Karelian Isthmus facing Leningrad; this system of defenses was intended to block any potential aggressive moves by the Soviet Union. When Soviet forces attacked Finland in December 1939, he served as commander in chief, and his brilliant leadership won considerable successes against vast numerical superiority, but the end result was defeat, resulting in a relatively harsh peace settlement in 1940.  Hoping to win back some territory regarded by some as historically Finnish, Finland successfully joined Nazi Germany in its invasion of the Soviet Union in June 1941. Mannerheim was named the only marshal of Finland in June 1942. But as Russian strength grew and Germany weakened, Mannerheims troops were forced to retreat. He was named president of the Finnish republic in August 1944 in the hope that he would be able to negotiate a separate peace with the Soviets, which he did, signing an armistice with them in September. The armistice ultimately led to a peace treaty by which Finland was forced to make concessions more extensive than those made after the winter war. Mannerheim remained president until ill health forced his retirement in 1946.</German>
		<Italian>[H1]Carl Gustaf Emil Mannerheim[\H1][NEWLINE][BOLD]President of Finland[\BOLD][NEWLINE][BOLD]Lived: [\BOLD] 1867 - 1951[NEWLINE][NEWLINE][TAB]Mannerheim was of Swedish ancestry. He entered the Russian army in 1889 as a lieutenant in the cavalry. Finland was then a part of the Russian Empire, and Mannerheim distinguished himself during the Russo-Japanese War (190405) and World War I, rising to the rank of lieutenant general  and corps commander in the Russian army. After the outbreak of the October (November) Russian Revolution in 1917 he returned to Finland, which had declared its independence from Russia. A conservative aristocrat and monarchist, Mannerheim assumed command of the White (anti-Bolshevik) forces in January 1918 during the Finnish Civil War and, with German assistance, defeated the Finnish Bolsheviks and expelled Russian forces in a bloody four-month campaign. He became regent of Finland in December 1918, holding this post for seven months until a republic was declared in 1919. From 1919 to 1931 he lived in semiretirement, concerning himself with volunteer health and social welfare causes in Finland.  Reentering public life in 1931, Mannerheim became chairman of the national defense council. During his eight-year tenure, Finland constructed the so-called Mannerheim Line of fortifications across the Karelian Isthmus facing Leningrad; this system of defenses was intended to block any potential aggressive moves by the Soviet Union. When Soviet forces attacked Finland in December 1939, he served as commander in chief, and his brilliant leadership won considerable successes against vast numerical superiority, but the end result was defeat, resulting in a relatively harsh peace settlement in 1940.  Hoping to win back some territory regarded by some as historically Finnish, Finland successfully joined Nazi Germany in its invasion of the Soviet Union in June 1941. Mannerheim was named the only marshal of Finland in June 1942. But as Russian strength grew and Germany weakened, Mannerheims troops were forced to retreat. He was named president of the Finnish republic in August 1944 in the hope that he would be able to negotiate a separate peace with the Soviets, which he did, signing an armistice with them in September. The armistice ultimately led to a peace treaty by which Finland was forced to make concessions more extensive than those made after the winter war. Mannerheim remained president until ill health forced his retirement in 1946.</Italian>
		<Spanish>[H1]Carl Gustaf Emil Mannerheim[\H1][NEWLINE][BOLD]President of Finland[\BOLD][NEWLINE][BOLD]Lived: [\BOLD] 1867 - 1951[NEWLINE][NEWLINE][TAB]Mannerheim was of Swedish ancestry. He entered the Russian army in 1889 as a lieutenant in the cavalry. Finland was then a part of the Russian Empire, and Mannerheim distinguished himself during the Russo-Japanese War (190405) and World War I, rising to the rank of lieutenant general  and corps commander in the Russian army. After the outbreak of the October (November) Russian Revolution in 1917 he returned to Finland, which had declared its independence from Russia. A conservative aristocrat and monarchist, Mannerheim assumed command of the White (anti-Bolshevik) forces in January 1918 during the Finnish Civil War and, with German assistance, defeated the Finnish Bolsheviks and expelled Russian forces in a bloody four-month campaign. He became regent of Finland in December 1918, holding this post for seven months until a republic was declared in 1919. From 1919 to 1931 he lived in semiretirement, concerning himself with volunteer health and social welfare causes in Finland.  Reentering public life in 1931, Mannerheim became chairman of the national defense council. During his eight-year tenure, Finland constructed the so-called Mannerheim Line of fortifications across the Karelian Isthmus facing Leningrad; this system of defenses was intended to block any potential aggressive moves by the Soviet Union. When Soviet forces attacked Finland in December 1939, he served as commander in chief, and his brilliant leadership won considerable successes against vast numerical superiority, but the end result was defeat, resulting in a relatively harsh peace settlement in 1940.  Hoping to win back some territory regarded by some as historically Finnish, Finland successfully joined Nazi Germany in its invasion of the Soviet Union in June 1941. Mannerheim was named the only marshal of Finland in June 1942. But as Russian strength grew and Germany weakened, Mannerheims troops were forced to retreat. He was named president of the Finnish republic in August 1944 in the hope that he would be able to negotiate a separate peace with the Soviets, which he did, signing an armistice with them in September. The armistice ultimately led to a peace treaty by which Finland was forced to make concessions more extensive than those made after the winter war. Mannerheim remained president until ill health forced his retirement in 1946.</Spanish>
	</TEXT>
	<TEXT>
		<Tag>AI_DIPLO_FIRST_CONTACT_LEADER_MANNERHEIM_1</Tag>
		<English>Welcome, [CT_NAME] of the [CT_EMPIRE]. I will reclaim what our great nation has lost.</English>
		<French>Bienvenue, [CT_NAME] des [CT_EMPIRE]. Je reprendrais ce que notre grande nation a perdu</French>
		<German>Welcome, [CT_NAME] of the [CT_EMPIRE]. I will reclaim what our great nation has lost.</German>
		<Italian>Welcome, [CT_NAME] of the [CT_EMPIRE]. I will reclaim what our great nation has lost.</Italian>
		<Spanish>Welcome, [CT_NAME] of the [CT_EMPIRE]. I will reclaim what our great nation has lost.</Spanish>
		<Russian>Welcome, [CT_NAME] of the [CT_EMPIRE]. I will reclaim what our great nation has lost.</Russian>
		<Japanese>Welcome, [CT_NAME] of the [CT_EMPIRE]. I will reclaim what our great nation has lost.</Japanese>
		<Chinese>Welcome, [CT_NAME] of the [CT_EMPIRE]. I will reclaim what our great nation has lost.</Chinese>
	</TEXT>
</Civ4GameText>