<?xml version="1.0" encoding="utf-8"?>
<!-- Sid Meier's Civilization 4 Beyond the Sword -->
<!-- Modified by the Civ Gold Team -->
<!-- -->
<Civ4GameText xmlns="http://www.firaxis.com">
	<TEXT>
		<Tag>TXT_KEY_BUILDING_KAZAKH_HORSE_FARM</Tag>
		<English>Horse Farm</English>
		<French>Ferme de chevaux</French>
		<German>Horse Farm</German>
		<Italian>Horse Farm</Italian>
		<Spanish>Horse Farm</Spanish>
	</TEXT>
	<TEXT>
		<Tag>TXT_KEY_BUILDING_KAZAKH_HORSE_FARM_PEDIA</Tag>
		<English>[TAB]Because livestock was central to the Kazakhs' traditional lifestyle, most of their nomadic practices and customs relate in some way to livestock. Kazakhs have historically been very affectionate about horse-riding. Traditional curses and blessings invoked disease or fecundity among animals, and good manners required that a person ask first about the health of a man's livestock when greeting him and only afterward inquire about the human aspects of his life. Even today, many Kazakhs express interest in equestrianism and horse-racing. In the national cuisine, livestock meat can be cooked in a variety of ways and is usually served with a wide assortment of traditional bread products. Refreshments often include black tea and traditional milk-derived drinks such as ayran, shubat and kymyz. A traditional Kazakh dinner involves a multitude of appetisers on the table, followed by a soup and one or two main courses such as pilaf and beshbarmak. They also drink their national beverage, which consists of fermented mare's milk.</English>
		<French>[TAB]Because livestock was central to the Kazakhs' traditional lifestyle, most of their nomadic practices and customs relate in some way to livestock. Kazakhs have historically been very affectionate about horse-riding. Traditional curses and blessings invoked disease or fecundity among animals, and good manners required that a person ask first about the health of a man's livestock when greeting him and only afterward inquire about the human aspects of his life. Even today, many Kazakhs express interest in equestrianism and horse-racing. In the national cuisine, livestock meat can be cooked in a variety of ways and is usually served with a wide assortment of traditional bread products. Refreshments often include black tea and traditional milk-derived drinks such as ayran, shubat and kymyz. A traditional Kazakh dinner involves a multitude of appetisers on the table, followed by a soup and one or two main courses such as pilaf and beshbarmak. They also drink their national beverage, which consists of fermented mare's milk.</French>
		<German>[TAB]Because livestock was central to the Kazakhs' traditional lifestyle, most of their nomadic practices and customs relate in some way to livestock. Kazakhs have historically been very affectionate about horse-riding. Traditional curses and blessings invoked disease or fecundity among animals, and good manners required that a person ask first about the health of a man's livestock when greeting him and only afterward inquire about the human aspects of his life. Even today, many Kazakhs express interest in equestrianism and horse-racing. In the national cuisine, livestock meat can be cooked in a variety of ways and is usually served with a wide assortment of traditional bread products. Refreshments often include black tea and traditional milk-derived drinks such as ayran, shubat and kymyz. A traditional Kazakh dinner involves a multitude of appetisers on the table, followed by a soup and one or two main courses such as pilaf and beshbarmak. They also drink their national beverage, which consists of fermented mare's milk.</German>
		<Italian>[TAB]Because livestock was central to the Kazakhs' traditional lifestyle, most of their nomadic practices and customs relate in some way to livestock. Kazakhs have historically been very affectionate about horse-riding. Traditional curses and blessings invoked disease or fecundity among animals, and good manners required that a person ask first about the health of a man's livestock when greeting him and only afterward inquire about the human aspects of his life. Even today, many Kazakhs express interest in equestrianism and horse-racing. In the national cuisine, livestock meat can be cooked in a variety of ways and is usually served with a wide assortment of traditional bread products. Refreshments often include black tea and traditional milk-derived drinks such as ayran, shubat and kymyz. A traditional Kazakh dinner involves a multitude of appetisers on the table, followed by a soup and one or two main courses such as pilaf and beshbarmak. They also drink their national beverage, which consists of fermented mare's milk.</Italian>
		<Spanish>[TAB]Because livestock was central to the Kazakhs' traditional lifestyle, most of their nomadic practices and customs relate in some way to livestock. Kazakhs have historically been very affectionate about horse-riding. Traditional curses and blessings invoked disease or fecundity among animals, and good manners required that a person ask first about the health of a man's livestock when greeting him and only afterward inquire about the human aspects of his life. Even today, many Kazakhs express interest in equestrianism and horse-racing. In the national cuisine, livestock meat can be cooked in a variety of ways and is usually served with a wide assortment of traditional bread products. Refreshments often include black tea and traditional milk-derived drinks such as ayran, shubat and kymyz. A traditional Kazakh dinner involves a multitude of appetisers on the table, followed by a soup and one or two main courses such as pilaf and beshbarmak. They also drink their national beverage, which consists of fermented mare's milk.</Spanish>
	</TEXT>
	<TEXT>
		<Tag>TXT_KEY_BUILDING_KAZAKH_HORSE_FARM_STRATEGY</Tag>
		<English>The Kazakh Horse Farm replaces the stable and provides abonus to Health and Happiness with horses.</English>
		<French>La ferme de chevaux kazakh remplace l'écurie et procure un bonus de santé et de bonheur avec la ressource 'cheval'.</French>
		<German>The Kazakh Horse Farm replaces the stable and provides abonus to Health and Happiness with horses.</German>
		<Italian>The Kazakh Horse Farm replaces the stable and provides abonus to Health and Happiness with horses.</Italian>
		<Spanish>The Kazakh Horse Farm replaces the stable and provides abonus to Health and Happiness with horses.</Spanish>
	</TEXT>
</Civ4GameText>