<?xml version="1.0" encoding="ISO-8859-1"?>
<!-- Sid Meier's Civilization 4 Beyond the Sword -->
<!-- Modified by the Civ Gold Team -->
<!-- -->
<Civ4GameText xmlns="http://www.firaxis.com">
	<TEXT>
		<Tag>TXT_KEY_CIV_BATAVII_DESC</Tag>
		<English>Batavian Empire</English>
		<French>
			<Text>Batavian Empire</Text>
			<Gender>Male</Gender>
			<Plural>0</Plural>
		</French>
		<German>
			<Text>Batavian Empire</Text>
			<Gender>Neuter:Neuter:Neuter</Gender>
			<Plural>0:0:0</Plural>
		</German>
		<Italian>
			<Text>Batavian Empire</Text>
			<Gender>Male</Gender>
			<Plural>0</Plural>
		</Italian>
		<Spanish>
			<Text>Batavian Empire</Text>
			<Gender>Male</Gender>
			<Plural>0</Plural>
		</Spanish>
	</TEXT>
	<TEXT>
		<Tag>TXT_KEY_CIV_BATAVII_SHORT_DESC</Tag>
		<English>Batavii</English>
		<French>
			<Text>Batavii</Text>
			<Gender>Male</Gender>
			<Plural>1</Plural>
		</French>
		<German>
			<Text>Batavii</Text>
			<Gender>Male</Gender>
			<Plural>0</Plural>
		</German>
		<Italian>
			<Text>Batavii</Text>
			<Gender>Female</Gender>
			<Plural>0</Plural>
		</Italian>
		<Spanish>
			<Text>Batavii</Text>
			<Gender>Female</Gender>
			<Plural>0</Plural>
		</Spanish>
	</TEXT>
	<TEXT>
		<Tag>TXT_KEY_CIV_BATAVII_ADJECTIVE</Tag>
		<English>Batavian</English>
		<French>
			<Text>Batavian</Text>
			<Gender>Male</Gender>
			<Plural>1</Plural>
		</French>
		<German>
			<Text>Batavian</Text>
			<Gender>Neuter</Gender>
			<Plural>0</Plural>
		</German>
		<Italian>
			<Text>Batavian</Text>
			<Gender>Male</Gender>
			<Plural>0</Plural>
		</Italian>
		<Spanish>
			<Text>Batavian</Text>
			<Gender>Male</Gender>
			<Plural>0</Plural>
		</Spanish>
	</TEXT>
	<TEXT>
		<Tag>TXT_KEY_CIV_BATAVII_PEDIA</Tag>
		<English>[TAB][TAB]The Batavii (or Batavi, Batavians) were a Germanic, or possibly Celtic tribe reported by Julius Caesar and Tacitus to have lived around the Rhine delta, in the area which is currently the Netherlands. This led to the Latin name of Batavia.[PARAGRAPH:2]They were mentioned by Julius Caesar in his commentary Gallic Wars, as living on an island formed by the Meuse River after it is joined by the Waal, 80 Roman miles from the mouth of the river. He said there were many other islands formed by branches of the Rhine, inhabited by savage and barbarous nations, some of whom were supposed to live on fish and the eggs of sea-fowl.[PARAGRAPH:2]Tacitus described the Batavi as the most brave of the tribes of the area, inhabiting not much territory on the Rhine but an island in it. They were formerly part of the Cattans[?] but moved after a feud to become part of the Roman Empire. He said they retained the honour of the ancient association with the Romans, not required to pay tribute or taxes and used by the Romans only for war. He named the Mattiacians[?] as a similar tribe under homage, but on the other (Germanic) side of the Rhine.[PARAGRAPH:2]Also the areas inhabited by the Batavians where never occupied by the Romans, they were allies. In 69 CE, a rebellion led by Julius Civilis arose, which was defeated by the Romans the following year.[PARAGRAPH:2]After the 3rd century CE, the Batavians are no longer mentioned, and they are assumed to have merged with the neighbouring Frisian and Frankish people.[PARAGRAPH:2]The Batavians became regarded as the eponymous ancestors of the Dutch people. The Netherlands were briefly known as the Batavian Republic.</English>
		<French>[TAB][TAB]The Batavii (or Batavi, Batavians) were a Germanic, or possibly Celtic tribe reported by Julius Caesar and Tacitus to have lived around the Rhine delta, in the area which is currently the Netherlands. This led to the Latin name of Batavia.[PARAGRAPH:2]They were mentioned by Julius Caesar in his commentary Gallic Wars, as living on an island formed by the Meuse River after it is joined by the Waal, 80 Roman miles from the mouth of the river. He said there were many other islands formed by branches of the Rhine, inhabited by savage and barbarous nations, some of whom were supposed to live on fish and the eggs of sea-fowl.[PARAGRAPH:2]Tacitus described the Batavi as the most brave of the tribes of the area, inhabiting not much territory on the Rhine but an island in it. They were formerly part of the Cattans[?] but moved after a feud to become part of the Roman Empire. He said they retained the honour of the ancient association with the Romans, not required to pay tribute or taxes and used by the Romans only for war. He named the Mattiacians[?] as a similar tribe under homage, but on the other (Germanic) side of the Rhine.[PARAGRAPH:2]Also the areas inhabited by the Batavians where never occupied by the Romans, they were allies. In 69 CE, a rebellion led by Julius Civilis arose, which was defeated by the Romans the following year.[PARAGRAPH:2]After the 3rd century CE, the Batavians are no longer mentioned, and they are assumed to have merged with the neighbouring Frisian and Frankish people.[PARAGRAPH:2]The Batavians became regarded as the eponymous ancestors of the Dutch people. The Netherlands were briefly known as the Batavian Republic.</French>
		<German>[TAB][TAB]The Batavii (or Batavi, Batavians) were a Germanic, or possibly Celtic tribe reported by Julius Caesar and Tacitus to have lived around the Rhine delta, in the area which is currently the Netherlands. This led to the Latin name of Batavia.[PARAGRAPH:2]They were mentioned by Julius Caesar in his commentary Gallic Wars, as living on an island formed by the Meuse River after it is joined by the Waal, 80 Roman miles from the mouth of the river. He said there were many other islands formed by branches of the Rhine, inhabited by savage and barbarous nations, some of whom were supposed to live on fish and the eggs of sea-fowl.[PARAGRAPH:2]Tacitus described the Batavi as the most brave of the tribes of the area, inhabiting not much territory on the Rhine but an island in it. They were formerly part of the Cattans[?] but moved after a feud to become part of the Roman Empire. He said they retained the honour of the ancient association with the Romans, not required to pay tribute or taxes and used by the Romans only for war. He named the Mattiacians[?] as a similar tribe under homage, but on the other (Germanic) side of the Rhine.[PARAGRAPH:2]Also the areas inhabited by the Batavians where never occupied by the Romans, they were allies. In 69 CE, a rebellion led by Julius Civilis arose, which was defeated by the Romans the following year.[PARAGRAPH:2]After the 3rd century CE, the Batavians are no longer mentioned, and they are assumed to have merged with the neighbouring Frisian and Frankish people.[PARAGRAPH:2]The Batavians became regarded as the eponymous ancestors of the Dutch people. The Netherlands were briefly known as the Batavian Republic.</German>
		<Italian>[TAB][TAB]The Batavii (or Batavi, Batavians) were a Germanic, or possibly Celtic tribe reported by Julius Caesar and Tacitus to have lived around the Rhine delta, in the area which is currently the Netherlands. This led to the Latin name of Batavia.[PARAGRAPH:2]They were mentioned by Julius Caesar in his commentary Gallic Wars, as living on an island formed by the Meuse River after it is joined by the Waal, 80 Roman miles from the mouth of the river. He said there were many other islands formed by branches of the Rhine, inhabited by savage and barbarous nations, some of whom were supposed to live on fish and the eggs of sea-fowl.[PARAGRAPH:2]Tacitus described the Batavi as the most brave of the tribes of the area, inhabiting not much territory on the Rhine but an island in it. They were formerly part of the Cattans[?] but moved after a feud to become part of the Roman Empire. He said they retained the honour of the ancient association with the Romans, not required to pay tribute or taxes and used by the Romans only for war. He named the Mattiacians[?] as a similar tribe under homage, but on the other (Germanic) side of the Rhine.[PARAGRAPH:2]Also the areas inhabited by the Batavians where never occupied by the Romans, they were allies. In 69 CE, a rebellion led by Julius Civilis arose, which was defeated by the Romans the following year.[PARAGRAPH:2]After the 3rd century CE, the Batavians are no longer mentioned, and they are assumed to have merged with the neighbouring Frisian and Frankish people.[PARAGRAPH:2]The Batavians became regarded as the eponymous ancestors of the Dutch people. The Netherlands were briefly known as the Batavian Republic.</Italian>
		<Spanish>[TAB][TAB]The Batavii (or Batavi, Batavians) were a Germanic, or possibly Celtic tribe reported by Julius Caesar and Tacitus to have lived around the Rhine delta, in the area which is currently the Netherlands. This led to the Latin name of Batavia.[PARAGRAPH:2]They were mentioned by Julius Caesar in his commentary Gallic Wars, as living on an island formed by the Meuse River after it is joined by the Waal, 80 Roman miles from the mouth of the river. He said there were many other islands formed by branches of the Rhine, inhabited by savage and barbarous nations, some of whom were supposed to live on fish and the eggs of sea-fowl.[PARAGRAPH:2]Tacitus described the Batavi as the most brave of the tribes of the area, inhabiting not much territory on the Rhine but an island in it. They were formerly part of the Cattans[?] but moved after a feud to become part of the Roman Empire. He said they retained the honour of the ancient association with the Romans, not required to pay tribute or taxes and used by the Romans only for war. He named the Mattiacians[?] as a similar tribe under homage, but on the other (Germanic) side of the Rhine.[PARAGRAPH:2]Also the areas inhabited by the Batavians where never occupied by the Romans, they were allies. In 69 CE, a rebellion led by Julius Civilis arose, which was defeated by the Romans the following year.[PARAGRAPH:2]After the 3rd century CE, the Batavians are no longer mentioned, and they are assumed to have merged with the neighbouring Frisian and Frankish people.[PARAGRAPH:2]The Batavians became regarded as the eponymous ancestors of the Dutch people. The Netherlands were briefly known as the Batavian Republic.</Spanish>
	</TEXT>
	<TEXT>
		<Tag>TXT_KEY_CITY_NAME_OPPINDUM</Tag>
		<English>Oppidum Batavorum</English>
		<French>
			<Text>Oppidum Batavorum</Text>
			<Gender>Male</Gender>
			<Plural>0</Plural>
		</French>
		<German>
			<Text>Oppidum Batavorum</Text>
			<Gender>Male</Gender>
			<Plural>0</Plural>
		</German>
		<Italian>
			<Text>Oppidum Batavorum</Text>
			<Gender>Female</Gender>
			<Plural>0</Plural>
		</Italian>
		<Spanish>
			<Text>Oppidum Batavorum</Text>
			<Gender>Female</Gender>
			<Plural>0</Plural>
		</Spanish>
	</TEXT>
		<TEXT>
		<Tag>TXT_KEY_CITY_NAME_MOSA</Tag>
		<English>Mosa Trajectum</English>
		<French>
			<Text>Mosa Trajectum</Text>
			<Gender>Male</Gender>
			<Plural>0</Plural>
		</French>
		<German>
			<Text>Mosa Trajectum</Text>
			<Gender>Male</Gender>
			<Plural>0</Plural>
		</German>
		<Italian>
			<Text>Mosa Trajectum</Text>
			<Gender>Female</Gender>
			<Plural>0</Plural>
		</Italian>
		<Spanish>
			<Text>Mosa Trajectum</Text>
			<Gender>Female</Gender>
			<Plural>0</Plural>
		</Spanish>
	</TEXT>
	<TEXT>
		<Tag>TXT_KEY_CITY_NAME_TRIER</Tag>
		<English>Trier</English>
		<French>
			<Text>Trier</Text>
			<Gender>Male</Gender>
			<Plural>0</Plural>
		</French>
		<German>
			<Text>Trier</Text>
			<Gender>Male</Gender>
			<Plural>0</Plural>
		</German>
		<Italian>
			<Text>Trier</Text>
			<Gender>Female</Gender>
			<Plural>0</Plural>
		</Italian>
		<Spanish>
			<Text>Trier</Text>
			<Gender>Female</Gender>
			<Plural>0</Plural>
		</Spanish>
	</TEXT>
	<TEXT>
		<Tag>TXT_KEY_CITY_NAME_FLEVUM</Tag>
		<English>Flevum</English>
		<French>
			<Text>Flevum</Text>
			<Gender>Male</Gender>
			<Plural>0</Plural>
		</French>
		<German>
			<Text>Flevum</Text>
			<Gender>Male</Gender>
			<Plural>0</Plural>
		</German>
		<Italian>
			<Text>Flevum</Text>
			<Gender>Female</Gender>
			<Plural>0</Plural>
		</Italian>
		<Spanish>
			<Text>Flevum</Text>
			<Gender>Female</Gender>
			<Plural>0</Plural>
		</Spanish>
	</TEXT>
	<TEXT>
		<Tag>TXT_KEY_CITY_NAME_ALBANIANIS</Tag>
		<English>Albanianis</English>
		<French>
			<Text>Albanianis</Text>
			<Gender>Male</Gender>
			<Plural>0</Plural>
		</French>
		<German>
			<Text>Albanianis</Text>
			<Gender>Male</Gender>
			<Plural>0</Plural>
		</German>
		<Italian>
			<Text>Albanianis</Text>
			<Gender>Female</Gender>
			<Plural>0</Plural>
		</Italian>
		<Spanish>
			<Text>Albanianis</Text>
			<Gender>Female</Gender>
			<Plural>0</Plural>
		</Spanish>
	</TEXT>
	<TEXT>
		<Tag>TXT_KEY_CITY_NAME_CORIOVALLUM</Tag>
		<English>Coriovallum</English>
		<French>
			<Text>Coriovallum</Text>
			<Gender>Male</Gender>
			<Plural>0</Plural>
		</French>
		<German>
			<Text>Coriovallum</Text>
			<Gender>Male</Gender>
			<Plural>0</Plural>
		</German>
		<Italian>
			<Text>Coriovallum</Text>
			<Gender>Female</Gender>
			<Plural>0</Plural>
		</Italian>
		<Spanish>
			<Text>Coriovallum</Text>
			<Gender>Female</Gender>
			<Plural>0</Plural>
		</Spanish>
	</TEXT>
	<TEXT>
		<Tag>TXT_KEY_CITY_NAME_FERESNES</Tag>
		<English>Feresnes</English>
		<French>
			<Text>Feresnes</Text>
			<Gender>Male</Gender>
			<Plural>0</Plural>
		</French>
		<German>
			<Text>Feresnes</Text>
			<Gender>Male</Gender>
			<Plural>0</Plural>
		</German>
		<Italian>
			<Text>Feresnes</Text>
			<Gender>Female</Gender>
			<Plural>0</Plural>
		</Italian>
		<Spanish>
			<Text>Feresnes</Text>
			<Gender>Female</Gender>
			<Plural>0</Plural>
		</Spanish>
	</TEXT>
	<TEXT>
		<Tag>TXT_KEY_CITY_NAME_BLARIACO</Tag>
		<English>Blariaco</English>
		<French>
			<Text>Blariaco</Text>
			<Gender>Male</Gender>
			<Plural>0</Plural>
		</French>
		<German>
			<Text>Blariaco</Text>
			<Gender>Male</Gender>
			<Plural>0</Plural>
		</German>
		<Italian>
			<Text>Blariaco</Text>
			<Gender>Female</Gender>
			<Plural>0</Plural>
		</Italian>
		<Spanish>
			<Text>Blariaco</Text>
			<Gender>Female</Gender>
			<Plural>0</Plural>
		</Spanish>
	</TEXT>
	<TEXT>
		<Tag>TXT_KEY_CITY_NAME_HADRIANI</Tag>
		<English>Forum Hadriani</English>
		<French>
			<Text>Forum Hadriani</Text>
			<Gender>Male</Gender>
			<Plural>0</Plural>
		</French>
		<German>
			<Text>Forum Hadriani</Text>
			<Gender>Male</Gender>
			<Plural>0</Plural>
		</German>
		<Italian>
			<Text>Forum Hadriani</Text>
			<Gender>Female</Gender>
			<Plural>0</Plural>
		</Italian>
		<Spanish>
			<Text>Forum Hadriani</Text>
			<Gender>Female</Gender>
			<Plural>0</Plural>
		</Spanish>
	</TEXT>
	<TEXT>
		<Tag>TXT_KEY_CITY_NAME_BURUNGUM</Tag>
		<English>Burungum</English>
		<French>
			<Text>Burungum</Text>
			<Gender>Male</Gender>
			<Plural>0</Plural>
		</French>
		<German>
			<Text>Burungum</Text>
			<Gender>Male</Gender>
			<Plural>0</Plural>
		</German>
		<Italian>
			<Text>Burungum</Text>
			<Gender>Female</Gender>
			<Plural>0</Plural>
		</Italian>
		<Spanish>
			<Text>Burungum</Text>
			<Gender>Female</Gender>
			<Plural>0</Plural>
		</Spanish>
	</TEXT>
	<TEXT>
		<Tag>TXT_KEY_CITY_NAME_COLONIA</Tag>
		<English>Colonia Agrippensia</English>
		<French>
			<Text>Colonia Agrippensia</Text>
			<Gender>Male</Gender>
			<Plural>0</Plural>
		</French>
		<German>
			<Text>Colonia Agrippensia</Text>
			<Gender>Male</Gender>
			<Plural>0</Plural>
		</German>
		<Italian>
			<Text>Colonia Agrippensia</Text>
			<Gender>Female</Gender>
			<Plural>0</Plural>
		</Italian>
		<Spanish>
			<Text>Colonia Agrippensia</Text>
			<Gender>Female</Gender>
			<Plural>0</Plural>
		</Spanish>
	</TEXT>
	<TEXT>
		<Tag>TXT_KEY_CITY_NAME_VETERA</Tag>
		<English>Vetera</English>
		<French>
			<Text>Vetera</Text>
			<Gender>Male</Gender>
			<Plural>0</Plural>
		</French>
		<German>
			<Text>Vetera</Text>
			<Gender>Male</Gender>
			<Plural>0</Plural>
		</German>
		<Italian>
			<Text>Vetera</Text>
			<Gender>Female</Gender>
			<Plural>0</Plural>
		</Italian>
		<Spanish>
			<Text>Vetera</Text>
			<Gender>Female</Gender>
			<Plural>0</Plural>
		</Spanish>
	</TEXT>
	<TEXT>
		<Tag>TXT_KEY_CITY_NAME_TUNGRORUM</Tag>
		<English>Tungrorum</English>
		<French>
			<Text>Tungrorum</Text>
			<Gender>Male</Gender>
			<Plural>0</Plural>
		</French>
		<German>
			<Text>Tungrorum</Text>
			<Gender>Male</Gender>
			<Plural>0</Plural>
		</German>
		<Italian>
			<Text>Tungrorum</Text>
			<Gender>Female</Gender>
			<Plural>0</Plural>
		</Italian>
		<Spanish>
			<Text>Tungrorum</Text>
			<Gender>Female</Gender>
			<Plural>0</Plural>
		</Spanish>
	</TEXT>
	<TEXT>
		<Tag>TXT_KEY_CITY_NAME_CALO</Tag>
		<English>Calo</English>
		<French>
			<Text>Calo</Text>
			<Gender>Male</Gender>
			<Plural>0</Plural>
		</French>
		<German>
			<Text>Calo</Text>
			<Gender>Male</Gender>
			<Plural>0</Plural>
		</German>
		<Italian>
			<Text>Calo</Text>
			<Gender>Female</Gender>
			<Plural>0</Plural>
		</Italian>
		<Spanish>
			<Text>Calo</Text>
			<Gender>Female</Gender>
			<Plural>0</Plural>
		</Spanish>
	</TEXT>
	<TEXT>
		<Tag>TXT_KEY_CITY_NAME_CARVIUM</Tag>
		<English>Carvium</English>
		<French>
			<Text>Carvium</Text>
			<Gender>Male</Gender>
			<Plural>0</Plural>
		</French>
		<German>
			<Text>Carvium</Text>
			<Gender>Male</Gender>
			<Plural>0</Plural>
		</German>
		<Italian>
			<Text>Carvium</Text>
			<Gender>Female</Gender>
			<Plural>0</Plural>
		</Italian>
		<Spanish>
			<Text>Carvium</Text>
			<Gender>Female</Gender>
			<Plural>0</Plural>
		</Spanish>
	</TEXT>
	<TEXT>
		<Tag>TXT_KEY_CITY_NAME_LAURI</Tag>
		<English>Lauri</English>
		<French>
			<Text>Lauri</Text>
			<Gender>Male</Gender>
			<Plural>0</Plural>
		</French>
		<German>
			<Text>Lauri</Text>
			<Gender>Male</Gender>
			<Plural>0</Plural>
		</German>
		<Italian>
			<Text>Lauri</Text>
			<Gender>Female</Gender>
			<Plural>0</Plural>
		</Italian>
		<Spanish>
			<Text>Lauri</Text>
			<Gender>Female</Gender>
			<Plural>0</Plural>
		</Spanish>
	</TEXT>
	<TEXT>
		<Tag>TXT_KEY_CITY_NAME_PULLUM</Tag>
		<English>Pullum</English>
		<French>
			<Text>Pullum</Text>
			<Gender>Male</Gender>
			<Plural>0</Plural>
		</French>
		<German>
			<Text>Pullum</Text>
			<Gender>Male</Gender>
			<Plural>0</Plural>
		</German>
		<Italian>
			<Text>Pullum</Text>
			<Gender>Female</Gender>
			<Plural>0</Plural>
		</Italian>
		<Spanish>
			<Text>Pullum</Text>
			<Gender>Female</Gender>
			<Plural>0</Plural>
		</Spanish>
	</TEXT>
	<TEXT>
		<Tag>TXT_KEY_CITY_NAME_FLETIONE</Tag>
		<English>Fletione</English>
		<French>
			<Text>Fletione</Text>
			<Gender>Male</Gender>
			<Plural>0</Plural>
		</French>
		<German>
			<Text>Fletione</Text>
			<Gender>Male</Gender>
			<Plural>0</Plural>
		</German>
		<Italian>
			<Text>Fletione</Text>
			<Gender>Female</Gender>
			<Plural>0</Plural>
		</Italian>
		<Spanish>
			<Text>Fletione</Text>
			<Gender>Female</Gender>
			<Plural>0</Plural>
		</Spanish>
	</TEXT>
	<TEXT>
		<Tag>TXT_KEY_CITY_NAME_CASTRA</Tag>
		<English>Castra Herculis</English>
		<French>
			<Text>Castra Herculis</Text>
			<Gender>Male</Gender>
			<Plural>0</Plural>
		</French>
		<German>
			<Text>Castra Herculis</Text>
			<Gender>Male</Gender>
			<Plural>0</Plural>
		</German>
		<Italian>
			<Text>Castra Herculis</Text>
			<Gender>Female</Gender>
			<Plural>0</Plural>
		</Italian>
		<Spanish>
			<Text>Castra Herculis</Text>
			<Gender>Female</Gender>
			<Plural>0</Plural>
		</Spanish>
	</TEXT>
	<TEXT>
		<Tag>TXT_KEY_CITY_NAME_GRINNIBUS</Tag>
		<English>Grinnibus</English>
		<French>
			<Text>Grinnibus</Text>
			<Gender>Male</Gender>
			<Plural>0</Plural>
		</French>
		<German>
			<Text>Grinnibus</Text>
			<Gender>Male</Gender>
			<Plural>0</Plural>
		</German>
		<Italian>
			<Text>Grinnibus</Text>
			<Gender>Female</Gender>
			<Plural>0</Plural>
		</Italian>
		<Spanish>
			<Text>Grinnibus</Text>
			<Gender>Female</Gender>
			<Plural>0</Plural>
		</Spanish>
	</TEXT>
	<TEXT>
		<Tag>TXT_KEY_CITY_NAME_TRAIECTUM</Tag>
		<English>Traiectum</English>
		<French>
			<Text>Traiectum</Text>
			<Gender>Male</Gender>
			<Plural>0</Plural>
		</French>
		<German>
			<Text>Traiectum</Text>
			<Gender>Male</Gender>
			<Plural>0</Plural>
		</German>
		<Italian>
			<Text>Traiectum</Text>
			<Gender>Female</Gender>
			<Plural>0</Plural>
		</Italian>
		<Spanish>
			<Text>Traiectum</Text>
			<Gender>Female</Gender>
			<Plural>0</Plural>
		</Spanish>
	</TEXT>
</Civ4GameText>
