<?xml version="1.0" encoding="utf-8"?>
<!-- Sid Meier's Civilization 4 Beyond the Sword -->
<!-- Modified by the Civ Gold Team -->
<!-- -->
<Civ4GameText xmlns="http://www.firaxis.com">
	<TEXT>
		<Tag>TXT_KEY_LEADER_BAIBARS</Tag>
		<English>Baibars</English>
		<French>Baibars</French>
		<German>Baibars</German>
		<Italian>Baibars</Italian>
		<Spanish>Baibars</Spanish>
	</TEXT>
	<TEXT>
		<Tag>TXT_KEY_LEADER_BAIBARS_PEDIA</Tag>
		<English>[H1]Baibars al-Bunduqdari[\H1][NEWLINE][BOLD]Sultan of Egypt and Syria[\BOLD][NEWLINE][BOLD]Lived: [\BOLD]1223  1277[NEWLINE][PARAGRAPH:2][BOLD]Background:[\BOLD][NEWLINE][TAB]Born in the Crimea, Baibars was a Kipchak Turk.  It was said that he was captured by the Mongols on the Kipchak steppe and sold as a slave, ending up in Syria.  His first master, the emir (prince) of Hama, was suspicious of Baibars because of his unusual appearance (he was dark-skinned, very tall and had a cataract in one of his bluish eyes).  Baibars was quickly sold to a Mamluk officer and sent to Egypt, where he became a bodyguard to the Ayyubid ruler As-Salih Ayyub.
Baibars was a commander of the Mamluks in around 1250, when he defeated the Seventh Crusade of Louis IX of France. He was still a commander under Sultan Qutuz at the Battle of Ain Jalut in 1260 when he decisively defeated the Mongols. After the battle Sultan Qutuz was assassinated while on a hunting expedition. It was said that Baibars was involved in the assassination because he expected to be rewarded with the governorship of Aleppo for his military success; but Qutuz, fearing his ambition, refused to give such a post and disappointed him.  Baibars succeeded Qutuz as Sultan of Egypt.
He continued what was to become a lifelong struggle against the Crusader kingdoms in Syria, starting with the Principality of Antioch, which had become a vassal state of the Mongols, and participated in attacks against Islamic targets in Damascus and Syria.  In 1263, Baibars attacked Acre, the capital of the remnant of the Kingdom of Jerusalem, but was unable to take it. Nevertheless, he defeated the Crusaders in many other battles.  In 1266 Baibars conquered the Christian country of Cilician Armenia, which, under King Hethum I, had submitted to the Mongol Empire. This isolated Antioch and Tripoli, led by Hetum's son-in-law, Prince Bohemond VI. In 1268, Baibars besieged Antioch, capturing the city on May 18. Baibars had promised to spare the lives of the inhabitants, but broke his promise and had the city razed, killing or enslaving the population upon surrender.  This tactic was common in Baibars' campaigns, and was largely responsible for the swiftness of his victories.  Antioch's ruler, Prince Bohemund VI of Antioch, was then left with no territories except the County of Tripoli. Because Prince Bohemund was away during this attack, he was not there to witness the slaughter of his subjects, and so Baibars wrote him a detailed letter describing exactly what methods of torture and brutality he had visited upon the people of Antioch, and concluded the letter by writing, "If you had been there to see it, you would have wished to have never been born."  Baibars then turned his attention to Tripoli, but interrupted his siege there to call a truce in May 1271. The fall of Antioch had led to the brief Ninth Crusade, led by Edward I of England, who arrived in Acre in May of 1271 and attempted to ally with the Mongols against Baibars. So Baibars declared a truce with Tripoli, and also agreed to a truce with Edward (who was never able to capture any territory from Baibars anyway). According to some reports, Baibars tried to have Edward assassinated with poison, but Edward survived the attempt, and returned home in 1272.  In 1277, Baibars invaded the Seljuk Sultanate of Rûm, then dominated by the Mongols. He defeated a Mongol army at the Battle of Elbistan, captured the city of Kayseri, but was unable to hold any of his Anatolian conquests and quickly withdrew to Syria.
Baibars died in Damascus on June 1, 1277. His demise has been the subject of some academic speculation. Many sources agree that he died from drinking poisoned kumis that was intended for someone else.  Some accounts speculate that Baibars himself may have prepared the poison: having been warned by astrologers that a coming lunar eclipse was portentous of the death of a king, he may have intended to poison another prince in order to ward off his own death, and mistakenly imbibed his own poison.  Other accounts suggest that he may have died from a wound while campaigning, or from illness.  He was buried in the Az-Zahiriyah Library in Damascus.</English>
		<French>[H1]Baibars al-Bunduqdari[\H1][NEWLINE][BOLD]Sultan of Egypt and Syria[\BOLD][NEWLINE][BOLD]Lived: [\BOLD]1223  1277[NEWLINE][PARAGRAPH:2][BOLD]Background:[\BOLD][NEWLINE][TAB]Born in the Crimea, Baibars was a Kipchak Turk.  It was said that he was captured by the Mongols on the Kipchak steppe and sold as a slave, ending up in Syria.  His first master, the emir (prince) of Hama, was suspicious of Baibars because of his unusual appearance (he was dark-skinned, very tall and had a cataract in one of his bluish eyes).  Baibars was quickly sold to a Mamluk officer and sent to Egypt, where he became a bodyguard to the Ayyubid ruler As-Salih Ayyub.
Baibars was a commander of the Mamluks in around 1250, when he defeated the Seventh Crusade of Louis IX of France. He was still a commander under Sultan Qutuz at the Battle of Ain Jalut in 1260 when he decisively defeated the Mongols. After the battle Sultan Qutuz was assassinated while on a hunting expedition. It was said that Baibars was involved in the assassination because he expected to be rewarded with the governorship of Aleppo for his military success; but Qutuz, fearing his ambition, refused to give such a post and disappointed him.  Baibars succeeded Qutuz as Sultan of Egypt.
He continued what was to become a lifelong struggle against the Crusader kingdoms in Syria, starting with the Principality of Antioch, which had become a vassal state of the Mongols, and participated in attacks against Islamic targets in Damascus and Syria.  In 1263, Baibars attacked Acre, the capital of the remnant of the Kingdom of Jerusalem, but was unable to take it. Nevertheless, he defeated the Crusaders in many other battles.  In 1266 Baibars conquered the Christian country of Cilician Armenia, which, under King Hethum I, had submitted to the Mongol Empire. This isolated Antioch and Tripoli, led by Hetum's son-in-law, Prince Bohemond VI. In 1268, Baibars besieged Antioch, capturing the city on May 18. Baibars had promised to spare the lives of the inhabitants, but broke his promise and had the city razed, killing or enslaving the population upon surrender.  This tactic was common in Baibars' campaigns, and was largely responsible for the swiftness of his victories.  Antioch's ruler, Prince Bohemund VI of Antioch, was then left with no territories except the County of Tripoli. Because Prince Bohemund was away during this attack, he was not there to witness the slaughter of his subjects, and so Baibars wrote him a detailed letter describing exactly what methods of torture and brutality he had visited upon the people of Antioch, and concluded the letter by writing, "If you had been there to see it, you would have wished to have never been born."  Baibars then turned his attention to Tripoli, but interrupted his siege there to call a truce in May 1271. The fall of Antioch had led to the brief Ninth Crusade, led by Edward I of England, who arrived in Acre in May of 1271 and attempted to ally with the Mongols against Baibars. So Baibars declared a truce with Tripoli, and also agreed to a truce with Edward (who was never able to capture any territory from Baibars anyway). According to some reports, Baibars tried to have Edward assassinated with poison, but Edward survived the attempt, and returned home in 1272.  In 1277, Baibars invaded the Seljuk Sultanate of Rûm, then dominated by the Mongols. He defeated a Mongol army at the Battle of Elbistan, captured the city of Kayseri, but was unable to hold any of his Anatolian conquests and quickly withdrew to Syria.
Baibars died in Damascus on June 1, 1277. His demise has been the subject of some academic speculation. Many sources agree that he died from drinking poisoned kumis that was intended for someone else.  Some accounts speculate that Baibars himself may have prepared the poison: having been warned by astrologers that a coming lunar eclipse was portentous of the death of a king, he may have intended to poison another prince in order to ward off his own death, and mistakenly imbibed his own poison.  Other accounts suggest that he may have died from a wound while campaigning, or from illness.  He was buried in the Az-Zahiriyah Library in Damascus.</French>
		<German>[H1]Baibars al-Bunduqdari[\H1][NEWLINE][BOLD]Sultan of Egypt and Syria[\BOLD][NEWLINE][BOLD]Lived: [\BOLD]1223  1277[NEWLINE][PARAGRAPH:2][BOLD]Background:[\BOLD][NEWLINE][TAB]Born in the Crimea, Baibars was a Kipchak Turk.  It was said that he was captured by the Mongols on the Kipchak steppe and sold as a slave, ending up in Syria.  His first master, the emir (prince) of Hama, was suspicious of Baibars because of his unusual appearance (he was dark-skinned, very tall and had a cataract in one of his bluish eyes).  Baibars was quickly sold to a Mamluk officer and sent to Egypt, where he became a bodyguard to the Ayyubid ruler As-Salih Ayyub.
Baibars was a commander of the Mamluks in around 1250, when he defeated the Seventh Crusade of Louis IX of France. He was still a commander under Sultan Qutuz at the Battle of Ain Jalut in 1260 when he decisively defeated the Mongols. After the battle Sultan Qutuz was assassinated while on a hunting expedition. It was said that Baibars was involved in the assassination because he expected to be rewarded with the governorship of Aleppo for his military success; but Qutuz, fearing his ambition, refused to give such a post and disappointed him.  Baibars succeeded Qutuz as Sultan of Egypt.
He continued what was to become a lifelong struggle against the Crusader kingdoms in Syria, starting with the Principality of Antioch, which had become a vassal state of the Mongols, and participated in attacks against Islamic targets in Damascus and Syria.  In 1263, Baibars attacked Acre, the capital of the remnant of the Kingdom of Jerusalem, but was unable to take it. Nevertheless, he defeated the Crusaders in many other battles.  In 1266 Baibars conquered the Christian country of Cilician Armenia, which, under King Hethum I, had submitted to the Mongol Empire. This isolated Antioch and Tripoli, led by Hetum's son-in-law, Prince Bohemond VI. In 1268, Baibars besieged Antioch, capturing the city on May 18. Baibars had promised to spare the lives of the inhabitants, but broke his promise and had the city razed, killing or enslaving the population upon surrender.  This tactic was common in Baibars' campaigns, and was largely responsible for the swiftness of his victories.  Antioch's ruler, Prince Bohemund VI of Antioch, was then left with no territories except the County of Tripoli. Because Prince Bohemund was away during this attack, he was not there to witness the slaughter of his subjects, and so Baibars wrote him a detailed letter describing exactly what methods of torture and brutality he had visited upon the people of Antioch, and concluded the letter by writing, "If you had been there to see it, you would have wished to have never been born."  Baibars then turned his attention to Tripoli, but interrupted his siege there to call a truce in May 1271. The fall of Antioch had led to the brief Ninth Crusade, led by Edward I of England, who arrived in Acre in May of 1271 and attempted to ally with the Mongols against Baibars. So Baibars declared a truce with Tripoli, and also agreed to a truce with Edward (who was never able to capture any territory from Baibars anyway). According to some reports, Baibars tried to have Edward assassinated with poison, but Edward survived the attempt, and returned home in 1272.  In 1277, Baibars invaded the Seljuk Sultanate of Rûm, then dominated by the Mongols. He defeated a Mongol army at the Battle of Elbistan, captured the city of Kayseri, but was unable to hold any of his Anatolian conquests and quickly withdrew to Syria.
Baibars died in Damascus on June 1, 1277. His demise has been the subject of some academic speculation. Many sources agree that he died from drinking poisoned kumis that was intended for someone else.  Some accounts speculate that Baibars himself may have prepared the poison: having been warned by astrologers that a coming lunar eclipse was portentous of the death of a king, he may have intended to poison another prince in order to ward off his own death, and mistakenly imbibed his own poison.  Other accounts suggest that he may have died from a wound while campaigning, or from illness.  He was buried in the Az-Zahiriyah Library in Damascus.</German>
		<Italian>[H1]Baibars al-Bunduqdari[\H1][NEWLINE][BOLD]Sultan of Egypt and Syria[\BOLD][NEWLINE][BOLD]Lived: [\BOLD]1223  1277[NEWLINE][PARAGRAPH:2][BOLD]Background:[\BOLD][NEWLINE][TAB]Born in the Crimea, Baibars was a Kipchak Turk.  It was said that he was captured by the Mongols on the Kipchak steppe and sold as a slave, ending up in Syria.  His first master, the emir (prince) of Hama, was suspicious of Baibars because of his unusual appearance (he was dark-skinned, very tall and had a cataract in one of his bluish eyes).  Baibars was quickly sold to a Mamluk officer and sent to Egypt, where he became a bodyguard to the Ayyubid ruler As-Salih Ayyub.
Baibars was a commander of the Mamluks in around 1250, when he defeated the Seventh Crusade of Louis IX of France. He was still a commander under Sultan Qutuz at the Battle of Ain Jalut in 1260 when he decisively defeated the Mongols. After the battle Sultan Qutuz was assassinated while on a hunting expedition. It was said that Baibars was involved in the assassination because he expected to be rewarded with the governorship of Aleppo for his military success; but Qutuz, fearing his ambition, refused to give such a post and disappointed him.  Baibars succeeded Qutuz as Sultan of Egypt.
He continued what was to become a lifelong struggle against the Crusader kingdoms in Syria, starting with the Principality of Antioch, which had become a vassal state of the Mongols, and participated in attacks against Islamic targets in Damascus and Syria.  In 1263, Baibars attacked Acre, the capital of the remnant of the Kingdom of Jerusalem, but was unable to take it. Nevertheless, he defeated the Crusaders in many other battles.  In 1266 Baibars conquered the Christian country of Cilician Armenia, which, under King Hethum I, had submitted to the Mongol Empire. This isolated Antioch and Tripoli, led by Hetum's son-in-law, Prince Bohemond VI. In 1268, Baibars besieged Antioch, capturing the city on May 18. Baibars had promised to spare the lives of the inhabitants, but broke his promise and had the city razed, killing or enslaving the population upon surrender.  This tactic was common in Baibars' campaigns, and was largely responsible for the swiftness of his victories.  Antioch's ruler, Prince Bohemund VI of Antioch, was then left with no territories except the County of Tripoli. Because Prince Bohemund was away during this attack, he was not there to witness the slaughter of his subjects, and so Baibars wrote him a detailed letter describing exactly what methods of torture and brutality he had visited upon the people of Antioch, and concluded the letter by writing, "If you had been there to see it, you would have wished to have never been born."  Baibars then turned his attention to Tripoli, but interrupted his siege there to call a truce in May 1271. The fall of Antioch had led to the brief Ninth Crusade, led by Edward I of England, who arrived in Acre in May of 1271 and attempted to ally with the Mongols against Baibars. So Baibars declared a truce with Tripoli, and also agreed to a truce with Edward (who was never able to capture any territory from Baibars anyway). According to some reports, Baibars tried to have Edward assassinated with poison, but Edward survived the attempt, and returned home in 1272.  In 1277, Baibars invaded the Seljuk Sultanate of Rûm, then dominated by the Mongols. He defeated a Mongol army at the Battle of Elbistan, captured the city of Kayseri, but was unable to hold any of his Anatolian conquests and quickly withdrew to Syria.
Baibars died in Damascus on June 1, 1277. His demise has been the subject of some academic speculation. Many sources agree that he died from drinking poisoned kumis that was intended for someone else.  Some accounts speculate that Baibars himself may have prepared the poison: having been warned by astrologers that a coming lunar eclipse was portentous of the death of a king, he may have intended to poison another prince in order to ward off his own death, and mistakenly imbibed his own poison.  Other accounts suggest that he may have died from a wound while campaigning, or from illness.  He was buried in the Az-Zahiriyah Library in Damascus.</Italian>
		<Spanish>[H1]Baibars al-Bunduqdari[\H1][NEWLINE][BOLD]Sultan of Egypt and Syria[\BOLD][NEWLINE][BOLD]Lived: [\BOLD]1223  1277[NEWLINE][PARAGRAPH:2][BOLD]Background:[\BOLD][NEWLINE][TAB]Born in the Crimea, Baibars was a Kipchak Turk.  It was said that he was captured by the Mongols on the Kipchak steppe and sold as a slave, ending up in Syria.  His first master, the emir (prince) of Hama, was suspicious of Baibars because of his unusual appearance (he was dark-skinned, very tall and had a cataract in one of his bluish eyes).  Baibars was quickly sold to a Mamluk officer and sent to Egypt, where he became a bodyguard to the Ayyubid ruler As-Salih Ayyub.
Baibars was a commander of the Mamluks in around 1250, when he defeated the Seventh Crusade of Louis IX of France. He was still a commander under Sultan Qutuz at the Battle of Ain Jalut in 1260 when he decisively defeated the Mongols. After the battle Sultan Qutuz was assassinated while on a hunting expedition. It was said that Baibars was involved in the assassination because he expected to be rewarded with the governorship of Aleppo for his military success; but Qutuz, fearing his ambition, refused to give such a post and disappointed him.  Baibars succeeded Qutuz as Sultan of Egypt.
He continued what was to become a lifelong struggle against the Crusader kingdoms in Syria, starting with the Principality of Antioch, which had become a vassal state of the Mongols, and participated in attacks against Islamic targets in Damascus and Syria.  In 1263, Baibars attacked Acre, the capital of the remnant of the Kingdom of Jerusalem, but was unable to take it. Nevertheless, he defeated the Crusaders in many other battles.  In 1266 Baibars conquered the Christian country of Cilician Armenia, which, under King Hethum I, had submitted to the Mongol Empire. This isolated Antioch and Tripoli, led by Hetum's son-in-law, Prince Bohemond VI. In 1268, Baibars besieged Antioch, capturing the city on May 18. Baibars had promised to spare the lives of the inhabitants, but broke his promise and had the city razed, killing or enslaving the population upon surrender.  This tactic was common in Baibars' campaigns, and was largely responsible for the swiftness of his victories.  Antioch's ruler, Prince Bohemund VI of Antioch, was then left with no territories except the County of Tripoli. Because Prince Bohemund was away during this attack, he was not there to witness the slaughter of his subjects, and so Baibars wrote him a detailed letter describing exactly what methods of torture and brutality he had visited upon the people of Antioch, and concluded the letter by writing, "If you had been there to see it, you would have wished to have never been born."  Baibars then turned his attention to Tripoli, but interrupted his siege there to call a truce in May 1271. The fall of Antioch had led to the brief Ninth Crusade, led by Edward I of England, who arrived in Acre in May of 1271 and attempted to ally with the Mongols against Baibars. So Baibars declared a truce with Tripoli, and also agreed to a truce with Edward (who was never able to capture any territory from Baibars anyway). According to some reports, Baibars tried to have Edward assassinated with poison, but Edward survived the attempt, and returned home in 1272.  In 1277, Baibars invaded the Seljuk Sultanate of Rûm, then dominated by the Mongols. He defeated a Mongol army at the Battle of Elbistan, captured the city of Kayseri, but was unable to hold any of his Anatolian conquests and quickly withdrew to Syria.
Baibars died in Damascus on June 1, 1277. His demise has been the subject of some academic speculation. Many sources agree that he died from drinking poisoned kumis that was intended for someone else.  Some accounts speculate that Baibars himself may have prepared the poison: having been warned by astrologers that a coming lunar eclipse was portentous of the death of a king, he may have intended to poison another prince in order to ward off his own death, and mistakenly imbibed his own poison.  Other accounts suggest that he may have died from a wound while campaigning, or from illness.  He was buried in the Az-Zahiriyah Library in Damascus.</Spanish>
	</TEXT>
	<TEXT>
		<Tag>AI_DIPLO_FIRST_CONTACT_LEADER_BAIBARS_1</Tag>
		<English>Our faithful have triumphed against unstoppable scourges.  What chance do you think you have?</English>
		<French>Notre foi a triomphé contre des menaces inarretables. Quelle chance pensez-vous avoir ?</French>
		<German>Our faithful have triumphed against unstoppable scourges.  What chance do you think you have?</German>
		<Italian>Our faithful have triumphed against unstoppable scourges.  What chance do you think you have?</Italian>
		<Spanish>Our faithful have triumphed against unstoppable scourges.  What chance do you think you have?</Spanish>
	</TEXT>
</Civ4GameText>
