<?xml version="1.0" encoding="ISO-8859-1"?>
<!-- Sid Meier's Civilization 4 Beyond the Sword -->
<!-- Modified by the Civ Gold Team -->
<!-- -->
<Civ4GameText xmlns="http://www.firaxis.com">
	<TEXT>
		<Tag>TXT_KEY_LEADER_YUNUPINGU</Tag>
		<English>Yunupingu</English>
		<French>Yunupingu</French>
		<German>Yunupingu</German>
		<Italian>Yunupingu</Italian>
		<Spanish>Yunupingu</Spanish>
		<Russian>Yunupingu</Russian>
		<Japanese>Yunupingu</Japanese>
		<Chinese>Yunupingu</Chinese>
	</TEXT>
	<TEXT>
		<Tag>TXT_KEY_LEADER_YUNUPINGU_PEDIA</Tag>
		<English>[H1]Galarrwuy Yunupingu [\H1][NEWLINE][BOLD]Community Leader, Australian Indigenous Community [\BOLD][NEWLINE][BOLD]Lived: [\BOLD]c.1948 - present[NEWLINE][PARAGRAPH:2][BOLD]Background:[\BOLD][NEWLINE][TAB]Galarrwuy Yunupingu is a leader in the Australian Indigenous community, and has been involved in the fight for Land Rights throughout his career. He was 1978 Australian of the Year.[PARAGRAPH:1]He was born at Melville Bay near Yirrkala on 1948 June 30, and is a member of the Gumatj clan of the Yolngu people. He attended Mission School at Yirrkala in his formative years, and moved to Brisbane to study at the Methodist Bible College for two years, returning to Gove in 1967. In the early 1960's with his father, the Gumatj clan leader Mungurrawuy, he entered the struggle for Land Rights, and helped draw up the Bark Petition at Yirrkala. He came to national attention in the late 1960's for his role in the landmark, but unsuccessful Gove Land Rights Case. This legal action was the first by Indigenous Australians to challenge mining companies' rights to exploit traditional lands. He became a prominent leader and strong voice on behalf of Aboriginal people in the Northern Territory and Australia, gaining respect and admiration from many. In 1969 he was elected to the Yirrkala town council. [PARAGRAPH:1]In 1975 he joined the Northern Land Council (NLC), the authority appointed under the Aboriginal Land Rights (NT) Act 1976 to represent traditional Aboriginal landowners and Aboriginal people. He was chairman of the NLC from 1977-1980, an executive member until 1983 when he was re-elected as chairman, and has remained in that position to date (2004). He has led a number of negotiations with mining and government bodies. As chair of the NLC, he led the Gagudju people in negotiations with mining and government bodies. Not opposed to mining in principle, Yunupingu sees it as a way for Aboriginal people to escape the welfare trap if it is conducted on the traditional owners' terms. These include a fair distribution of the economic benefits and respect for the land and specific sacred sites. He said: 'We will continue to fight for the right to make our own decisions about our own land.'[PARAGRAPH:1]In 1978 he was awarded the Honour of Australian of the Year for his negotiations on the Ranger uranium mine agreement. He said the award 'would help him to shake off the image of ratbag and radical' and would give him 'greater strength as an individual and as a leader'. It was also a recognition for Aboriginal people as 'the indigenous people of this country who must share in its future'. In 1985, he was made a Member of the Order of Australia (AM) for his services to the Aboriginal community. Galarrwuy Yunupingu is one of 100 "Australian Living National Treasures" selected by the National Trust as leaders in society "considered to have a great influence over our environment because of the standards and examples they set".</English>
		<French>[H1]Galarrwuy Yunupingu [\H1][NEWLINE][BOLD]Community Leader, Australian Indigenous Community [\BOLD][NEWLINE][BOLD]Lived: [\BOLD]c.1948 - present[NEWLINE][PARAGRAPH:2][BOLD]Background:[\BOLD][NEWLINE][TAB]Galarrwuy Yunupingu is a leader in the Australian Indigenous community, and has been involved in the fight for Land Rights throughout his career. He was 1978 Australian of the Year.[PARAGRAPH:1]He was born at Melville Bay near Yirrkala on 1948 June 30, and is a member of the Gumatj clan of the Yolngu people. He attended Mission School at Yirrkala in his formative years, and moved to Brisbane to study at the Methodist Bible College for two years, returning to Gove in 1967. In the early 1960's with his father, the Gumatj clan leader Mungurrawuy, he entered the struggle for Land Rights, and helped draw up the Bark Petition at Yirrkala. He came to national attention in the late 1960's for his role in the landmark, but unsuccessful Gove Land Rights Case. This legal action was the first by Indigenous Australians to challenge mining companies' rights to exploit traditional lands. He became a prominent leader and strong voice on behalf of Aboriginal people in the Northern Territory and Australia, gaining respect and admiration from many. In 1969 he was elected to the Yirrkala town council. [PARAGRAPH:1]In 1975 he joined the Northern Land Council (NLC), the authority appointed under the Aboriginal Land Rights (NT) Act 1976 to represent traditional Aboriginal landowners and Aboriginal people. He was chairman of the NLC from 1977-1980, an executive member until 1983 when he was re-elected as chairman, and has remained in that position to date (2004). He has led a number of negotiations with mining and government bodies. As chair of the NLC, he led the Gagudju people in negotiations with mining and government bodies. Not opposed to mining in principle, Yunupingu sees it as a way for Aboriginal people to escape the welfare trap if it is conducted on the traditional owners' terms. These include a fair distribution of the economic benefits and respect for the land and specific sacred sites. He said: 'We will continue to fight for the right to make our own decisions about our own land.'[PARAGRAPH:1]In 1978 he was awarded the Honour of Australian of the Year for his negotiations on the Ranger uranium mine agreement. He said the award 'would help him to shake off the image of ratbag and radical' and would give him 'greater strength as an individual and as a leader'. It was also a recognition for Aboriginal people as 'the indigenous people of this country who must share in its future'. In 1985, he was made a Member of the Order of Australia (AM) for his services to the Aboriginal community. Galarrwuy Yunupingu is one of 100 "Australian Living National Treasures" selected by the National Trust as leaders in society "considered to have a great influence over our environment because of the standards and examples they set".</French>
		<German>[H1]Galarrwuy Yunupingu [\H1][NEWLINE][BOLD]Community Leader, Australian Indigenous Community [\BOLD][NEWLINE][BOLD]Lived: [\BOLD]c.1948 - present[NEWLINE][PARAGRAPH:2][BOLD]Background:[\BOLD][NEWLINE][TAB]Galarrwuy Yunupingu is a leader in the Australian Indigenous community, and has been involved in the fight for Land Rights throughout his career. He was 1978 Australian of the Year.[PARAGRAPH:1]He was born at Melville Bay near Yirrkala on 1948 June 30, and is a member of the Gumatj clan of the Yolngu people. He attended Mission School at Yirrkala in his formative years, and moved to Brisbane to study at the Methodist Bible College for two years, returning to Gove in 1967. In the early 1960's with his father, the Gumatj clan leader Mungurrawuy, he entered the struggle for Land Rights, and helped draw up the Bark Petition at Yirrkala. He came to national attention in the late 1960's for his role in the landmark, but unsuccessful Gove Land Rights Case. This legal action was the first by Indigenous Australians to challenge mining companies' rights to exploit traditional lands. He became a prominent leader and strong voice on behalf of Aboriginal people in the Northern Territory and Australia, gaining respect and admiration from many. In 1969 he was elected to the Yirrkala town council. [PARAGRAPH:1]In 1975 he joined the Northern Land Council (NLC), the authority appointed under the Aboriginal Land Rights (NT) Act 1976 to represent traditional Aboriginal landowners and Aboriginal people. He was chairman of the NLC from 1977-1980, an executive member until 1983 when he was re-elected as chairman, and has remained in that position to date (2004). He has led a number of negotiations with mining and government bodies. As chair of the NLC, he led the Gagudju people in negotiations with mining and government bodies. Not opposed to mining in principle, Yunupingu sees it as a way for Aboriginal people to escape the welfare trap if it is conducted on the traditional owners' terms. These include a fair distribution of the economic benefits and respect for the land and specific sacred sites. He said: 'We will continue to fight for the right to make our own decisions about our own land.'[PARAGRAPH:1]In 1978 he was awarded the Honour of Australian of the Year for his negotiations on the Ranger uranium mine agreement. He said the award 'would help him to shake off the image of ratbag and radical' and would give him 'greater strength as an individual and as a leader'. It was also a recognition for Aboriginal people as 'the indigenous people of this country who must share in its future'. In 1985, he was made a Member of the Order of Australia (AM) for his services to the Aboriginal community. Galarrwuy Yunupingu is one of 100 "Australian Living National Treasures" selected by the National Trust as leaders in society "considered to have a great influence over our environment because of the standards and examples they set".</German>
		<Italian>[H1]Galarrwuy Yunupingu [\H1][NEWLINE][BOLD]Community Leader, Australian Indigenous Community [\BOLD][NEWLINE][BOLD]Lived: [\BOLD]c.1948 - present[NEWLINE][PARAGRAPH:2][BOLD]Background:[\BOLD][NEWLINE][TAB]Galarrwuy Yunupingu is a leader in the Australian Indigenous community, and has been involved in the fight for Land Rights throughout his career. He was 1978 Australian of the Year.[PARAGRAPH:1]He was born at Melville Bay near Yirrkala on 1948 June 30, and is a member of the Gumatj clan of the Yolngu people. He attended Mission School at Yirrkala in his formative years, and moved to Brisbane to study at the Methodist Bible College for two years, returning to Gove in 1967. In the early 1960's with his father, the Gumatj clan leader Mungurrawuy, he entered the struggle for Land Rights, and helped draw up the Bark Petition at Yirrkala. He came to national attention in the late 1960's for his role in the landmark, but unsuccessful Gove Land Rights Case. This legal action was the first by Indigenous Australians to challenge mining companies' rights to exploit traditional lands. He became a prominent leader and strong voice on behalf of Aboriginal people in the Northern Territory and Australia, gaining respect and admiration from many. In 1969 he was elected to the Yirrkala town council. [PARAGRAPH:1]In 1975 he joined the Northern Land Council (NLC), the authority appointed under the Aboriginal Land Rights (NT) Act 1976 to represent traditional Aboriginal landowners and Aboriginal people. He was chairman of the NLC from 1977-1980, an executive member until 1983 when he was re-elected as chairman, and has remained in that position to date (2004). He has led a number of negotiations with mining and government bodies. As chair of the NLC, he led the Gagudju people in negotiations with mining and government bodies. Not opposed to mining in principle, Yunupingu sees it as a way for Aboriginal people to escape the welfare trap if it is conducted on the traditional owners' terms. These include a fair distribution of the economic benefits and respect for the land and specific sacred sites. He said: 'We will continue to fight for the right to make our own decisions about our own land.'[PARAGRAPH:1]In 1978 he was awarded the Honour of Australian of the Year for his negotiations on the Ranger uranium mine agreement. He said the award 'would help him to shake off the image of ratbag and radical' and would give him 'greater strength as an individual and as a leader'. It was also a recognition for Aboriginal people as 'the indigenous people of this country who must share in its future'. In 1985, he was made a Member of the Order of Australia (AM) for his services to the Aboriginal community. Galarrwuy Yunupingu is one of 100 "Australian Living National Treasures" selected by the National Trust as leaders in society "considered to have a great influence over our environment because of the standards and examples they set".</Italian>
		<Spanish>[H1]Galarrwuy Yunupingu [\H1][NEWLINE][BOLD]Community Leader, Australian Indigenous Community [\BOLD][NEWLINE][BOLD]Lived: [\BOLD]c.1948 - present[NEWLINE][PARAGRAPH:2][BOLD]Background:[\BOLD][NEWLINE][TAB]Galarrwuy Yunupingu is a leader in the Australian Indigenous community, and has been involved in the fight for Land Rights throughout his career. He was 1978 Australian of the Year.[PARAGRAPH:1]He was born at Melville Bay near Yirrkala on 1948 June 30, and is a member of the Gumatj clan of the Yolngu people. He attended Mission School at Yirrkala in his formative years, and moved to Brisbane to study at the Methodist Bible College for two years, returning to Gove in 1967. In the early 1960's with his father, the Gumatj clan leader Mungurrawuy, he entered the struggle for Land Rights, and helped draw up the Bark Petition at Yirrkala. He came to national attention in the late 1960's for his role in the landmark, but unsuccessful Gove Land Rights Case. This legal action was the first by Indigenous Australians to challenge mining companies' rights to exploit traditional lands. He became a prominent leader and strong voice on behalf of Aboriginal people in the Northern Territory and Australia, gaining respect and admiration from many. In 1969 he was elected to the Yirrkala town council. [PARAGRAPH:1]In 1975 he joined the Northern Land Council (NLC), the authority appointed under the Aboriginal Land Rights (NT) Act 1976 to represent traditional Aboriginal landowners and Aboriginal people. He was chairman of the NLC from 1977-1980, an executive member until 1983 when he was re-elected as chairman, and has remained in that position to date (2004). He has led a number of negotiations with mining and government bodies. As chair of the NLC, he led the Gagudju people in negotiations with mining and government bodies. Not opposed to mining in principle, Yunupingu sees it as a way for Aboriginal people to escape the welfare trap if it is conducted on the traditional owners' terms. These include a fair distribution of the economic benefits and respect for the land and specific sacred sites. He said: 'We will continue to fight for the right to make our own decisions about our own land.'[PARAGRAPH:1]In 1978 he was awarded the Honour of Australian of the Year for his negotiations on the Ranger uranium mine agreement. He said the award 'would help him to shake off the image of ratbag and radical' and would give him 'greater strength as an individual and as a leader'. It was also a recognition for Aboriginal people as 'the indigenous people of this country who must share in its future'. In 1985, he was made a Member of the Order of Australia (AM) for his services to the Aboriginal community. Galarrwuy Yunupingu is one of 100 "Australian Living National Treasures" selected by the National Trust as leaders in society "considered to have a great influence over our environment because of the standards and examples they set".</Spanish>
		<Russian>[H1]Galarrwuy Yunupingu [\H1][NEWLINE][BOLD]Community Leader, Australian Indigenous Community [\BOLD][NEWLINE][BOLD]Lived: [\BOLD]c.1948 - present[NEWLINE][PARAGRAPH:2][BOLD]Background:[\BOLD][NEWLINE][TAB]Galarrwuy Yunupingu is a leader in the Australian Indigenous community, and has been involved in the fight for Land Rights throughout his career. He was 1978 Australian of the Year.[PARAGRAPH:1]He was born at Melville Bay near Yirrkala on 1948 June 30, and is a member of the Gumatj clan of the Yolngu people. He attended Mission School at Yirrkala in his formative years, and moved to Brisbane to study at the Methodist Bible College for two years, returning to Gove in 1967. In the early 1960's with his father, the Gumatj clan leader Mungurrawuy, he entered the struggle for Land Rights, and helped draw up the Bark Petition at Yirrkala. He came to national attention in the late 1960's for his role in the landmark, but unsuccessful Gove Land Rights Case. This legal action was the first by Indigenous Australians to challenge mining companies' rights to exploit traditional lands. He became a prominent leader and strong voice on behalf of Aboriginal people in the Northern Territory and Australia, gaining respect and admiration from many. In 1969 he was elected to the Yirrkala town council. [PARAGRAPH:1]In 1975 he joined the Northern Land Council (NLC), the authority appointed under the Aboriginal Land Rights (NT) Act 1976 to represent traditional Aboriginal landowners and Aboriginal people. He was chairman of the NLC from 1977-1980, an executive member until 1983 when he was re-elected as chairman, and has remained in that position to date (2004). He has led a number of negotiations with mining and government bodies. As chair of the NLC, he led the Gagudju people in negotiations with mining and government bodies. Not opposed to mining in principle, Yunupingu sees it as a way for Aboriginal people to escape the welfare trap if it is conducted on the traditional owners' terms. These include a fair distribution of the economic benefits and respect for the land and specific sacred sites. He said: 'We will continue to fight for the right to make our own decisions about our own land.'[PARAGRAPH:1]In 1978 he was awarded the Honour of Australian of the Year for his negotiations on the Ranger uranium mine agreement. He said the award 'would help him to shake off the image of ratbag and radical' and would give him 'greater strength as an individual and as a leader'. It was also a recognition for Aboriginal people as 'the indigenous people of this country who must share in its future'. In 1985, he was made a Member of the Order of Australia (AM) for his services to the Aboriginal community. Galarrwuy Yunupingu is one of 100 "Australian Living National Treasures" selected by the National Trust as leaders in society "considered to have a great influence over our environment because of the standards and examples they set".</Russian>
		<Japanese>[H1]Galarrwuy Yunupingu [\H1][NEWLINE][BOLD]Community Leader, Australian Indigenous Community [\BOLD][NEWLINE][BOLD]Lived: [\BOLD]c.1948 - present[NEWLINE][PARAGRAPH:2][BOLD]Background:[\BOLD][NEWLINE][TAB]Galarrwuy Yunupingu is a leader in the Australian Indigenous community, and has been involved in the fight for Land Rights throughout his career. He was 1978 Australian of the Year.[PARAGRAPH:1]He was born at Melville Bay near Yirrkala on 1948 June 30, and is a member of the Gumatj clan of the Yolngu people. He attended Mission School at Yirrkala in his formative years, and moved to Brisbane to study at the Methodist Bible College for two years, returning to Gove in 1967. In the early 1960's with his father, the Gumatj clan leader Mungurrawuy, he entered the struggle for Land Rights, and helped draw up the Bark Petition at Yirrkala. He came to national attention in the late 1960's for his role in the landmark, but unsuccessful Gove Land Rights Case. This legal action was the first by Indigenous Australians to challenge mining companies' rights to exploit traditional lands. He became a prominent leader and strong voice on behalf of Aboriginal people in the Northern Territory and Australia, gaining respect and admiration from many. In 1969 he was elected to the Yirrkala town council. [PARAGRAPH:1]In 1975 he joined the Northern Land Council (NLC), the authority appointed under the Aboriginal Land Rights (NT) Act 1976 to represent traditional Aboriginal landowners and Aboriginal people. He was chairman of the NLC from 1977-1980, an executive member until 1983 when he was re-elected as chairman, and has remained in that position to date (2004). He has led a number of negotiations with mining and government bodies. As chair of the NLC, he led the Gagudju people in negotiations with mining and government bodies. Not opposed to mining in principle, Yunupingu sees it as a way for Aboriginal people to escape the welfare trap if it is conducted on the traditional owners' terms. These include a fair distribution of the economic benefits and respect for the land and specific sacred sites. He said: 'We will continue to fight for the right to make our own decisions about our own land.'[PARAGRAPH:1]In 1978 he was awarded the Honour of Australian of the Year for his negotiations on the Ranger uranium mine agreement. He said the award 'would help him to shake off the image of ratbag and radical' and would give him 'greater strength as an individual and as a leader'. It was also a recognition for Aboriginal people as 'the indigenous people of this country who must share in its future'. In 1985, he was made a Member of the Order of Australia (AM) for his services to the Aboriginal community. Galarrwuy Yunupingu is one of 100 "Australian Living National Treasures" selected by the National Trust as leaders in society "considered to have a great influence over our environment because of the standards and examples they set".</Japanese>
		<Chinese>[H1]Galarrwuy Yunupingu [\H1][NEWLINE][BOLD]Community Leader, Australian Indigenous Community [\BOLD][NEWLINE][BOLD]Lived: [\BOLD]c.1948 - present[NEWLINE][PARAGRAPH:2][BOLD]Background:[\BOLD][NEWLINE][TAB]Galarrwuy Yunupingu is a leader in the Australian Indigenous community, and has been involved in the fight for Land Rights throughout his career. He was 1978 Australian of the Year.[PARAGRAPH:1]He was born at Melville Bay near Yirrkala on 1948 June 30, and is a member of the Gumatj clan of the Yolngu people. He attended Mission School at Yirrkala in his formative years, and moved to Brisbane to study at the Methodist Bible College for two years, returning to Gove in 1967. In the early 1960's with his father, the Gumatj clan leader Mungurrawuy, he entered the struggle for Land Rights, and helped draw up the Bark Petition at Yirrkala. He came to national attention in the late 1960's for his role in the landmark, but unsuccessful Gove Land Rights Case. This legal action was the first by Indigenous Australians to challenge mining companies' rights to exploit traditional lands. He became a prominent leader and strong voice on behalf of Aboriginal people in the Northern Territory and Australia, gaining respect and admiration from many. In 1969 he was elected to the Yirrkala town council. [PARAGRAPH:1]In 1975 he joined the Northern Land Council (NLC), the authority appointed under the Aboriginal Land Rights (NT) Act 1976 to represent traditional Aboriginal landowners and Aboriginal people. He was chairman of the NLC from 1977-1980, an executive member until 1983 when he was re-elected as chairman, and has remained in that position to date (2004). He has led a number of negotiations with mining and government bodies. As chair of the NLC, he led the Gagudju people in negotiations with mining and government bodies. Not opposed to mining in principle, Yunupingu sees it as a way for Aboriginal people to escape the welfare trap if it is conducted on the traditional owners' terms. These include a fair distribution of the economic benefits and respect for the land and specific sacred sites. He said: 'We will continue to fight for the right to make our own decisions about our own land.'[PARAGRAPH:1]In 1978 he was awarded the Honour of Australian of the Year for his negotiations on the Ranger uranium mine agreement. He said the award 'would help him to shake off the image of ratbag and radical' and would give him 'greater strength as an individual and as a leader'. It was also a recognition for Aboriginal people as 'the indigenous people of this country who must share in its future'. In 1985, he was made a Member of the Order of Australia (AM) for his services to the Aboriginal community. Galarrwuy Yunupingu is one of 100 "Australian Living National Treasures" selected by the National Trust as leaders in society "considered to have a great influence over our environment because of the standards and examples they set".</Chinese>
	</TEXT>
	<TEXT>
		<Tag>AI_DIPLO_FIRST_CONTACT_LEADER_YUNUPINGU_1</Tag>
		<English>Welcome, [CT_NAME]. Know that the [OUR_CIV_SHORT] endeavour to live in peace with this land.</English>
		<French>Bienvenue, [CT_NAME]. Puisse la minorit� [OUR_CIV_SHORT] vivre en paix avec nous.</French>
		<German>Welcome, [CT_NAME]. Know that the [OUR_CIV_SHORT] endeavour to live in peace with this land.</German>
		<Italian>Welcome, [CT_NAME]. Know that the [OUR_CIV_SHORT] endeavour to live in peace with this land.</Italian>
		<Spanish>Welcome, [CT_NAME]. Know that the [OUR_CIV_SHORT] endeavour to live in peace with this land.</Spanish>
		<Russian>Welcome, [CT_NAME]. Know that the [OUR_CIV_SHORT] endeavour to live in peace with this land.</Russian>
		<Japanese>Welcome, [CT_NAME]. Know that the [OUR_CIV_SHORT] endeavour to live in peace with this land.</Japanese>
		<Chinese>Welcome, [CT_NAME]. Know that the [OUR_CIV_SHORT] endeavour to live in peace with this land.</Chinese>
	</TEXT>
</Civ4GameText>