<?xml version="1.0" encoding="ISO-8859-1"?>
<!-- Sid Meier's Civilization 4 Beyond the Sword -->
<!-- Modified by the Civ Gold Team -->
<!-- -->
<Civ4GameText xmlns="http://www.firaxis.com">
	<TEXT>
		<Tag>TXT_KEY_LEADER_TECUMSEH</Tag>
		<English>Tecumseh</English>
		<French>
			<Text>Tecumseh</Text>
			<Gender>Male</Gender>
			<Plural>0</Plural>
		</French>
		<German>
			<Text>Tecumseh</Text>
			<Gender>Male</Gender>
			<Plural>0</Plural>
		</German>
		<Italian>
			<Text>Tecumseh</Text>
			<Gender>Male</Gender>
			<Plural>0</Plural>
		</Italian>
		<Spanish>
			<Text>Tecumseh</Text>
			<Gender>Male</Gender>
			<Plural>0</Plural>
		</Spanish>
	</TEXT>
	<TEXT>
		<Tag>TXT_KEY_LEADER_TECUMSEH_PEDIA</Tag>
		<English>[H1]Tecumseh[\H1][NEWLINE][BOLD]Leader of the Shawnee[\BOLD][NEWLINE][BOLD]Lived: [\BOLD]1768-1813[NEWLINE][PARAGRAPH:2][BOLD]Background:[\BOLD][NEWLINE][TAB]Tecumseh, whose given name might be more accurately rendered as Tecumtha or Tekamthi, was a famous leader of the Shawnee people. He spent much of his life attempting to rally disparate Native American tribes in a mutual defense of their lands, which eventually culminated in his death in the War of 1812. Tecumseh was greatly admired in his day, remains a respected icon for Native Americans, and is considered a national hero in Canada. Even his longtime adversary William Henry Harrison considered Tecumseh to be "one of those uncommon geniuses which spring up occasionally to produce revolutions and overturn the established order of things." [PARAGRAPH:1]Tecumseh's name (which translates as "I Cross the Way" or "A Panther Crouching for His Prey") was a reference to his family clan. In the late 1780s and together with his brother Tenskwatawa, Tecumseh attempted to form an alliance of the Native American inhabitants of the upper Midwest and Ohio River valley and Great Lakes area against the expansion of white settlers. The alliance had a number of membership changes, but at one time or another it included representatives from the Shawnee, Canadian Iroquois, Wyandot, Mingo, Ottawa, Chickamauga, Miami, Kickapoo, Lenni Lenape, Ojibway, Potawatomi, Fox, Sauk, and Mascouten nations. [PARAGRAPH:1]On November 7, 1811, a US force under the command of future President William Henry Harrison attacked Elskwatawa at the Battle of Tippecanoe, wiping out Elskwatawa's camp and putting an end to Tecumseh's hope of a broad Native American alliance. Tension was mounting between the US and the United Kingdom, and the War of 1812 broke out early the following year. Tecumseh took a force north, where they enlisted as allies of the British. [PARAGRAPH:1]Tecumseh joined British Major-General Sir Isaac Brock to force the surrender of Detroit in August 1812, a major victory for the British. Tecumseh's acumen in warfare was evident in this engagement. As Brock advanced to a point just out of range of Detroit's guns, Tecumseh had his warriors parade out from a nearby wood and circle around to repeat the maneuver, making it appear that there were many more than was actually the case. The fort commander, Brigadier General William Hull, surrendered in fear of the ruin of the fort. [PARAGRAPH:1]Tecumseh is honoured in Canada as a tragic hero who was a brilliant war chief who, along with Brock, saved Canada from US invasion when all seemed hopeless, but could not save his own people.</English>
		<French>[H1]Tecumseh[\H1][NEWLINE][BOLD]Leader of the Shawnee[\BOLD][NEWLINE][BOLD]Lived: [\BOLD]1768-1813[NEWLINE][PARAGRAPH:2][BOLD]Background:[\BOLD][NEWLINE][TAB]Tecumseh, whose given name might be more accurately rendered as Tecumtha or Tekamthi, was a famous leader of the Shawnee people. He spent much of his life attempting to rally disparate Native American tribes in a mutual defense of their lands, which eventually culminated in his death in the War of 1812. Tecumseh was greatly admired in his day, remains a respected icon for Native Americans, and is considered a national hero in Canada. Even his longtime adversary William Henry Harrison considered Tecumseh to be "one of those uncommon geniuses which spring up occasionally to produce revolutions and overturn the established order of things." [PARAGRAPH:1]Tecumseh's name (which translates as "I Cross the Way" or "A Panther Crouching for His Prey") was a reference to his family clan. In the late 1780s and together with his brother Tenskwatawa, Tecumseh attempted to form an alliance of the Native American inhabitants of the upper Midwest and Ohio River valley and Great Lakes area against the expansion of white settlers. The alliance had a number of membership changes, but at one time or another it included representatives from the Shawnee, Canadian Iroquois, Wyandot, Mingo, Ottawa, Chickamauga, Miami, Kickapoo, Lenni Lenape, Ojibway, Potawatomi, Fox, Sauk, and Mascouten nations. [PARAGRAPH:1]On November 7, 1811, a US force under the command of future President William Henry Harrison attacked Elskwatawa at the Battle of Tippecanoe, wiping out Elskwatawa's camp and putting an end to Tecumseh's hope of a broad Native American alliance. Tension was mounting between the US and the United Kingdom, and the War of 1812 broke out early the following year. Tecumseh took a force north, where they enlisted as allies of the British. [PARAGRAPH:1]Tecumseh joined British Major-General Sir Isaac Brock to force the surrender of Detroit in August 1812, a major victory for the British. Tecumseh's acumen in warfare was evident in this engagement. As Brock advanced to a point just out of range of Detroit's guns, Tecumseh had his warriors parade out from a nearby wood and circle around to repeat the maneuver, making it appear that there were many more than was actually the case. The fort commander, Brigadier General William Hull, surrendered in fear of the ruin of the fort. [PARAGRAPH:1]Tecumseh is honoured in Canada as a tragic hero who was a brilliant war chief who, along with Brock, saved Canada from US invasion when all seemed hopeless, but could not save his own people.</French>
		<German>[H1]Tecumseh[\H1][NEWLINE][BOLD]Leader of the Shawnee[\BOLD][NEWLINE][BOLD]Lived: [\BOLD]1768-1813[NEWLINE][PARAGRAPH:2][BOLD]Background:[\BOLD][NEWLINE][TAB]Tecumseh, whose given name might be more accurately rendered as Tecumtha or Tekamthi, was a famous leader of the Shawnee people. He spent much of his life attempting to rally disparate Native American tribes in a mutual defense of their lands, which eventually culminated in his death in the War of 1812. Tecumseh was greatly admired in his day, remains a respected icon for Native Americans, and is considered a national hero in Canada. Even his longtime adversary William Henry Harrison considered Tecumseh to be "one of those uncommon geniuses which spring up occasionally to produce revolutions and overturn the established order of things." [PARAGRAPH:1]Tecumseh's name (which translates as "I Cross the Way" or "A Panther Crouching for His Prey") was a reference to his family clan. In the late 1780s and together with his brother Tenskwatawa, Tecumseh attempted to form an alliance of the Native American inhabitants of the upper Midwest and Ohio River valley and Great Lakes area against the expansion of white settlers. The alliance had a number of membership changes, but at one time or another it included representatives from the Shawnee, Canadian Iroquois, Wyandot, Mingo, Ottawa, Chickamauga, Miami, Kickapoo, Lenni Lenape, Ojibway, Potawatomi, Fox, Sauk, and Mascouten nations. [PARAGRAPH:1]On November 7, 1811, a US force under the command of future President William Henry Harrison attacked Elskwatawa at the Battle of Tippecanoe, wiping out Elskwatawa's camp and putting an end to Tecumseh's hope of a broad Native American alliance. Tension was mounting between the US and the United Kingdom, and the War of 1812 broke out early the following year. Tecumseh took a force north, where they enlisted as allies of the British. [PARAGRAPH:1]Tecumseh joined British Major-General Sir Isaac Brock to force the surrender of Detroit in August 1812, a major victory for the British. Tecumseh's acumen in warfare was evident in this engagement. As Brock advanced to a point just out of range of Detroit's guns, Tecumseh had his warriors parade out from a nearby wood and circle around to repeat the maneuver, making it appear that there were many more than was actually the case. The fort commander, Brigadier General William Hull, surrendered in fear of the ruin of the fort. [PARAGRAPH:1]Tecumseh is honoured in Canada as a tragic hero who was a brilliant war chief who, along with Brock, saved Canada from US invasion when all seemed hopeless, but could not save his own people.</German>
		<Italian>[H1]Tecumseh[\H1][NEWLINE][BOLD]Leader of the Shawnee[\BOLD][NEWLINE][BOLD]Lived: [\BOLD]1768-1813[NEWLINE][PARAGRAPH:2][BOLD]Background:[\BOLD][NEWLINE][TAB]Tecumseh, whose given name might be more accurately rendered as Tecumtha or Tekamthi, was a famous leader of the Shawnee people. He spent much of his life attempting to rally disparate Native American tribes in a mutual defense of their lands, which eventually culminated in his death in the War of 1812. Tecumseh was greatly admired in his day, remains a respected icon for Native Americans, and is considered a national hero in Canada. Even his longtime adversary William Henry Harrison considered Tecumseh to be "one of those uncommon geniuses which spring up occasionally to produce revolutions and overturn the established order of things." [PARAGRAPH:1]Tecumseh's name (which translates as "I Cross the Way" or "A Panther Crouching for His Prey") was a reference to his family clan. In the late 1780s and together with his brother Tenskwatawa, Tecumseh attempted to form an alliance of the Native American inhabitants of the upper Midwest and Ohio River valley and Great Lakes area against the expansion of white settlers. The alliance had a number of membership changes, but at one time or another it included representatives from the Shawnee, Canadian Iroquois, Wyandot, Mingo, Ottawa, Chickamauga, Miami, Kickapoo, Lenni Lenape, Ojibway, Potawatomi, Fox, Sauk, and Mascouten nations. [PARAGRAPH:1]On November 7, 1811, a US force under the command of future President William Henry Harrison attacked Elskwatawa at the Battle of Tippecanoe, wiping out Elskwatawa's camp and putting an end to Tecumseh's hope of a broad Native American alliance. Tension was mounting between the US and the United Kingdom, and the War of 1812 broke out early the following year. Tecumseh took a force north, where they enlisted as allies of the British. [PARAGRAPH:1]Tecumseh joined British Major-General Sir Isaac Brock to force the surrender of Detroit in August 1812, a major victory for the British. Tecumseh's acumen in warfare was evident in this engagement. As Brock advanced to a point just out of range of Detroit's guns, Tecumseh had his warriors parade out from a nearby wood and circle around to repeat the maneuver, making it appear that there were many more than was actually the case. The fort commander, Brigadier General William Hull, surrendered in fear of the ruin of the fort. [PARAGRAPH:1]Tecumseh is honoured in Canada as a tragic hero who was a brilliant war chief who, along with Brock, saved Canada from US invasion when all seemed hopeless, but could not save his own people.</Italian>
		<Spanish>[H1]Tecumseh[\H1][NEWLINE][BOLD]Leader of the Shawnee[\BOLD][NEWLINE][BOLD]Lived: [\BOLD]1768-1813[NEWLINE][PARAGRAPH:2][BOLD]Background:[\BOLD][NEWLINE][TAB]Tecumseh, whose given name might be more accurately rendered as Tecumtha or Tekamthi, was a famous leader of the Shawnee people. He spent much of his life attempting to rally disparate Native American tribes in a mutual defense of their lands, which eventually culminated in his death in the War of 1812. Tecumseh was greatly admired in his day, remains a respected icon for Native Americans, and is considered a national hero in Canada. Even his longtime adversary William Henry Harrison considered Tecumseh to be "one of those uncommon geniuses which spring up occasionally to produce revolutions and overturn the established order of things." [PARAGRAPH:1]Tecumseh's name (which translates as "I Cross the Way" or "A Panther Crouching for His Prey") was a reference to his family clan. In the late 1780s and together with his brother Tenskwatawa, Tecumseh attempted to form an alliance of the Native American inhabitants of the upper Midwest and Ohio River valley and Great Lakes area against the expansion of white settlers. The alliance had a number of membership changes, but at one time or another it included representatives from the Shawnee, Canadian Iroquois, Wyandot, Mingo, Ottawa, Chickamauga, Miami, Kickapoo, Lenni Lenape, Ojibway, Potawatomi, Fox, Sauk, and Mascouten nations. [PARAGRAPH:1]On November 7, 1811, a US force under the command of future President William Henry Harrison attacked Elskwatawa at the Battle of Tippecanoe, wiping out Elskwatawa's camp and putting an end to Tecumseh's hope of a broad Native American alliance. Tension was mounting between the US and the United Kingdom, and the War of 1812 broke out early the following year. Tecumseh took a force north, where they enlisted as allies of the British. [PARAGRAPH:1]Tecumseh joined British Major-General Sir Isaac Brock to force the surrender of Detroit in August 1812, a major victory for the British. Tecumseh's acumen in warfare was evident in this engagement. As Brock advanced to a point just out of range of Detroit's guns, Tecumseh had his warriors parade out from a nearby wood and circle around to repeat the maneuver, making it appear that there were many more than was actually the case. The fort commander, Brigadier General William Hull, surrendered in fear of the ruin of the fort. [PARAGRAPH:1]Tecumseh is honoured in Canada as a tragic hero who was a brilliant war chief who, along with Brock, saved Canada from US invasion when all seemed hopeless, but could not save his own people.</Spanish>
	</TEXT>
	<TEXT>
		<Tag>AI_DIPLO_FIRST_CONTACT_LEADER_TECUMSEH_1</Tag>
		<English>Greetings, [CT_NAME]. I am [OUR_NAME]. No tribe has the right to sell land, even to each other, much less to strangers.</English>
		<French>Bienvenue, [CT_NAME]. Je suis [OUR_NAME]. Aucune tribu n'a le droit de vendre une terre, m�me entre tribus, et encore moins aux �trangers.</French>
		<German>Greetings, [CT_NAME]. I am [OUR_NAME]. No tribe has the right to sell land, even to each other, much less to strangers.</German>
		<Italian>Greetings, [CT_NAME]. I am [OUR_NAME]. No tribe has the right to sell land, even to each other, much less to strangers.</Italian>
		<Spanish>Greetings, [CT_NAME]. I am [OUR_NAME]. No tribe has the right to sell land, even to each other, much less to strangers.</Spanish>
	</TEXT>
</Civ4GameText>