<?xml version="1.0" encoding="utf-8"?>
<!-- Sid Meier's Civilization 4 Beyond the Sword -->
<!-- Modified by the Civ Gold Team -->
<!-- -->
<Civ4GameText xmlns="http://www.firaxis.com">
	<TEXT>
		<Tag>TXT_KEY_CIV_IRAQ_DESC</Tag>
		<English>Iraqi Empire</English>
		<French>
			<Text>Empire irakien</Text>
			<Gender>Male</Gender>
			<Plural>0</Plural>
		</French>
		<German>
			<Text>Iraqi Empire</Text>
			<Gender>Male</Gender>
			<Plural>0</Plural>
		</German>
		<Italian>
			<Text>Iraqi Empire</Text>
			<Gender>Male</Gender>
			<Plural>0</Plural>
		</Italian>
		<Spanish>
			<Text>Iraqi Empire</Text>
			<Gender>Male</Gender>
			<Plural>0</Plural>
		</Spanish>
	</TEXT>
	<TEXT>
		<Tag>TXT_KEY_CIV_IRAQ_SHORT_DESC</Tag>
		<English>Iraq</English>
		<French>
			<Text>Irak</Text>
			<Gender>Male</Gender>
			<Plural>0</Plural>
		</French>
		<German>
			<Text>Iraq</Text>
			<Gender>Male</Gender>
			<Plural>0</Plural>
		</German>
		<Italian>
			<Text>Iraq</Text>
			<Gender>Male</Gender>
			<Plural>0</Plural>
		</Italian>
		<Spanish>
			<Text>Iraq</Text>
			<Gender>Male</Gender>
			<Plural>0</Plural>
		</Spanish>
	</TEXT>
	<TEXT>
		<Tag>TXT_KEY_CIV_IRAQ_PEDIA</Tag>
		<English>[TAB]Iraq was home to the earliest known civilization on Earth, the Sumerian civilization, which arose in the fertile Tigris-Euphrates river valley of southern Iraq in the mid 6th millennium BC. It was here in the late 4th millennium BC, that the world's first writing system and recorded history itself were born. The Sumerian civilization flourished for over 3000 years and was succeeded by the rise of the Akkadian Empire in the 24th century BC. Over two centuries of Akkadian dominance was followed by a Sumerian Renaissance in the 21st century BC. An Elamite invasion in 2004 BC brought the Third Dynasty of Ur to an end. By the 18th century BC a new civilization, Babylonia, had risen to dominance in central and southern Iraq while a contemporaneous civilization, Assyria, had formed in northern Iraq.[PARAGRAPH:2]The Islamic conquest in the 7th century CE established Islam in Iraq. Under the Rashidun Caliphate, the prophet Mohammed's cousin and son-in-law Ali moved his capital to Kufa "fi al-Iraq" when he became the fourth caliph. The Umayyad Caliphate ruled the province of Iraq from Damascus in the 7th century. (However, eventually there was a separate, independent Caliphate of Cordoba.) The Abbasid Caliphate built the city of Baghdad in the 8th century as their capital, and it became the leading metropolis of the Arab and Muslim world for five centuries. Baghdad was the largest multicultural city of the Middle Ages, peaking at a population of more than a million, and was the centre of learning during the Islamic Golden Age. The Mongols destroyed the city during the sack of Baghdad in the 13th century.[PARAGRAPH:2]At the end of World War I, the League of Nations granted the area to the United Kingdom as a mandate. It initially formed two former Ottoman vilayets (regions): Baghdad and Basra into a single country in August 1921. Five years later, in 1926, the northern vilayet of Mosul was added, forming the territorial boundaries of the modern Iraqi state. Britain granted independence to Iraq in 1932, on the urging of King Faisal, though the British retained military bases and transit rights for their forces. King Ghazi of Iraq ruled as a figurehead after King Faisal's death in 1933, while undermined by attempted military coups, until his death in 1939. The United Kingdom invaded Iraq in 1941 (see Anglo-Iraqi War), for fear that the government of Rashid Ali al-Gaylani might cut oil supplies to Western nations, and because of his links to the Axis powers. A military occupation followed the restoration of the Hashemite monarchy, and the occupation ended on October 26, 1947.[PARAGRAPH:2]The reinstated Hashemite monarchy lasted until 1958, when it was overthrown by a coup d'etat of the Iraqi Army, known as the 14 July Revolution. The coup brought Brigadier General Abdul Karim Qassim to power. He withdrew from the Baghdad Pact and established friendly relations with the Soviet Union, but his government lasted only until the February 1963 coup, when it was overthrown by Colonel Abdul Salam Arif. Salam Arif died in 1966 and his brother, Abdul Rahman Arif, assumed the presidency. In 1968, Rahman Arif was overthrown by the Arab Socialist Baath Party. Ahmed Hasan Al-Bakir became the first Baath President of Iraq but then the movement gradually came under the control of Saddam Hussein al Tikriti, who acceded to the presidency and control of the Revolutionary Command Council (RCC), then Iraq's supreme executive body, in July 1979.[PARAGRAPH:2]Beginning with the invasion in 2003, a multinational coalition of forces, mainly American and British, occupied Iraq. Under the Laws of War and UNSCR 1483, the occupying Coalition Provisional Authority completed the transfer of sovereignty on June 28, 2004 to the Iraqi Interim Government in accordance with UNSCR 1546, formally ending the "occupation." Elections on January 30, 2005 created the Iraqi Transitional Government, which drafted the Constitution of Iraq, approved by referendum on October 25, 2005. Under this new Constitution, elections chose a new Iraqi National Assembly to form the Government of Iraq. Some dispute whether Iraq is de facto sovereign.</English>
		<French>[TAB]Iraq was home to the earliest known civilization on Earth, the Sumerian civilization, which arose in the fertile Tigris-Euphrates river valley of southern Iraq in the mid 6th millennium BC. It was here in the late 4th millennium BC, that the world's first writing system and recorded history itself were born. The Sumerian civilization flourished for over 3000 years and was succeeded by the rise of the Akkadian Empire in the 24th century BC. Over two centuries of Akkadian dominance was followed by a Sumerian Renaissance in the 21st century BC. An Elamite invasion in 2004 BC brought the Third Dynasty of Ur to an end. By the 18th century BC a new civilization, Babylonia, had risen to dominance in central and southern Iraq while a contemporaneous civilization, Assyria, had formed in northern Iraq.[PARAGRAPH:2]The Islamic conquest in the 7th century CE established Islam in Iraq. Under the Rashidun Caliphate, the prophet Mohammed's cousin and son-in-law Ali moved his capital to Kufa "fi al-Iraq" when he became the fourth caliph. The Umayyad Caliphate ruled the province of Iraq from Damascus in the 7th century. (However, eventually there was a separate, independent Caliphate of Cordoba.) The Abbasid Caliphate built the city of Baghdad in the 8th century as their capital, and it became the leading metropolis of the Arab and Muslim world for five centuries. Baghdad was the largest multicultural city of the Middle Ages, peaking at a population of more than a million, and was the centre of learning during the Islamic Golden Age. The Mongols destroyed the city during the sack of Baghdad in the 13th century.[PARAGRAPH:2]At the end of World War I, the League of Nations granted the area to the United Kingdom as a mandate. It initially formed two former Ottoman vilayets (regions): Baghdad and Basra into a single country in August 1921. Five years later, in 1926, the northern vilayet of Mosul was added, forming the territorial boundaries of the modern Iraqi state. Britain granted independence to Iraq in 1932, on the urging of King Faisal, though the British retained military bases and transit rights for their forces. King Ghazi of Iraq ruled as a figurehead after King Faisal's death in 1933, while undermined by attempted military coups, until his death in 1939. The United Kingdom invaded Iraq in 1941 (see Anglo-Iraqi War), for fear that the government of Rashid Ali al-Gaylani might cut oil supplies to Western nations, and because of his links to the Axis powers. A military occupation followed the restoration of the Hashemite monarchy, and the occupation ended on October 26, 1947.[PARAGRAPH:2]The reinstated Hashemite monarchy lasted until 1958, when it was overthrown by a coup d'etat of the Iraqi Army, known as the 14 July Revolution. The coup brought Brigadier General Abdul Karim Qassim to power. He withdrew from the Baghdad Pact and established friendly relations with the Soviet Union, but his government lasted only until the February 1963 coup, when it was overthrown by Colonel Abdul Salam Arif. Salam Arif died in 1966 and his brother, Abdul Rahman Arif, assumed the presidency. In 1968, Rahman Arif was overthrown by the Arab Socialist Baath Party. Ahmed Hasan Al-Bakir became the first Baath President of Iraq but then the movement gradually came under the control of Saddam Hussein al Tikriti, who acceded to the presidency and control of the Revolutionary Command Council (RCC), then Iraq's supreme executive body, in July 1979.[PARAGRAPH:2]Beginning with the invasion in 2003, a multinational coalition of forces, mainly American and British, occupied Iraq. Under the Laws of War and UNSCR 1483, the occupying Coalition Provisional Authority completed the transfer of sovereignty on June 28, 2004 to the Iraqi Interim Government in accordance with UNSCR 1546, formally ending the "occupation." Elections on January 30, 2005 created the Iraqi Transitional Government, which drafted the Constitution of Iraq, approved by referendum on October 25, 2005. Under this new Constitution, elections chose a new Iraqi National Assembly to form the Government of Iraq. Some dispute whether Iraq is de facto sovereign.</French>
		<German>[TAB]Iraq was home to the earliest known civilization on Earth, the Sumerian civilization, which arose in the fertile Tigris-Euphrates river valley of southern Iraq in the mid 6th millennium BC. It was here in the late 4th millennium BC, that the world's first writing system and recorded history itself were born. The Sumerian civilization flourished for over 3000 years and was succeeded by the rise of the Akkadian Empire in the 24th century BC. Over two centuries of Akkadian dominance was followed by a Sumerian Renaissance in the 21st century BC. An Elamite invasion in 2004 BC brought the Third Dynasty of Ur to an end. By the 18th century BC a new civilization, Babylonia, had risen to dominance in central and southern Iraq while a contemporaneous civilization, Assyria, had formed in northern Iraq.[PARAGRAPH:2]The Islamic conquest in the 7th century CE established Islam in Iraq. Under the Rashidun Caliphate, the prophet Mohammed's cousin and son-in-law Ali moved his capital to Kufa "fi al-Iraq" when he became the fourth caliph. The Umayyad Caliphate ruled the province of Iraq from Damascus in the 7th century. (However, eventually there was a separate, independent Caliphate of Cordoba.) The Abbasid Caliphate built the city of Baghdad in the 8th century as their capital, and it became the leading metropolis of the Arab and Muslim world for five centuries. Baghdad was the largest multicultural city of the Middle Ages, peaking at a population of more than a million, and was the centre of learning during the Islamic Golden Age. The Mongols destroyed the city during the sack of Baghdad in the 13th century.[PARAGRAPH:2]At the end of World War I, the League of Nations granted the area to the United Kingdom as a mandate. It initially formed two former Ottoman vilayets (regions): Baghdad and Basra into a single country in August 1921. Five years later, in 1926, the northern vilayet of Mosul was added, forming the territorial boundaries of the modern Iraqi state. Britain granted independence to Iraq in 1932, on the urging of King Faisal, though the British retained military bases and transit rights for their forces. King Ghazi of Iraq ruled as a figurehead after King Faisal's death in 1933, while undermined by attempted military coups, until his death in 1939. The United Kingdom invaded Iraq in 1941 (see Anglo-Iraqi War), for fear that the government of Rashid Ali al-Gaylani might cut oil supplies to Western nations, and because of his links to the Axis powers. A military occupation followed the restoration of the Hashemite monarchy, and the occupation ended on October 26, 1947.[PARAGRAPH:2]The reinstated Hashemite monarchy lasted until 1958, when it was overthrown by a coup d'etat of the Iraqi Army, known as the 14 July Revolution. The coup brought Brigadier General Abdul Karim Qassim to power. He withdrew from the Baghdad Pact and established friendly relations with the Soviet Union, but his government lasted only until the February 1963 coup, when it was overthrown by Colonel Abdul Salam Arif. Salam Arif died in 1966 and his brother, Abdul Rahman Arif, assumed the presidency. In 1968, Rahman Arif was overthrown by the Arab Socialist Baath Party. Ahmed Hasan Al-Bakir became the first Baath President of Iraq but then the movement gradually came under the control of Saddam Hussein al Tikriti, who acceded to the presidency and control of the Revolutionary Command Council (RCC), then Iraq's supreme executive body, in July 1979.[PARAGRAPH:2]Beginning with the invasion in 2003, a multinational coalition of forces, mainly American and British, occupied Iraq. Under the Laws of War and UNSCR 1483, the occupying Coalition Provisional Authority completed the transfer of sovereignty on June 28, 2004 to the Iraqi Interim Government in accordance with UNSCR 1546, formally ending the "occupation." Elections on January 30, 2005 created the Iraqi Transitional Government, which drafted the Constitution of Iraq, approved by referendum on October 25, 2005. Under this new Constitution, elections chose a new Iraqi National Assembly to form the Government of Iraq. Some dispute whether Iraq is de facto sovereign.</German>
		<Italian>[TAB]Iraq was home to the earliest known civilization on Earth, the Sumerian civilization, which arose in the fertile Tigris-Euphrates river valley of southern Iraq in the mid 6th millennium BC. It was here in the late 4th millennium BC, that the world's first writing system and recorded history itself were born. The Sumerian civilization flourished for over 3000 years and was succeeded by the rise of the Akkadian Empire in the 24th century BC. Over two centuries of Akkadian dominance was followed by a Sumerian Renaissance in the 21st century BC. An Elamite invasion in 2004 BC brought the Third Dynasty of Ur to an end. By the 18th century BC a new civilization, Babylonia, had risen to dominance in central and southern Iraq while a contemporaneous civilization, Assyria, had formed in northern Iraq.[PARAGRAPH:2]The Islamic conquest in the 7th century CE established Islam in Iraq. Under the Rashidun Caliphate, the prophet Mohammed's cousin and son-in-law Ali moved his capital to Kufa "fi al-Iraq" when he became the fourth caliph. The Umayyad Caliphate ruled the province of Iraq from Damascus in the 7th century. (However, eventually there was a separate, independent Caliphate of Cordoba.) The Abbasid Caliphate built the city of Baghdad in the 8th century as their capital, and it became the leading metropolis of the Arab and Muslim world for five centuries. Baghdad was the largest multicultural city of the Middle Ages, peaking at a population of more than a million, and was the centre of learning during the Islamic Golden Age. The Mongols destroyed the city during the sack of Baghdad in the 13th century.[PARAGRAPH:2]At the end of World War I, the League of Nations granted the area to the United Kingdom as a mandate. It initially formed two former Ottoman vilayets (regions): Baghdad and Basra into a single country in August 1921. Five years later, in 1926, the northern vilayet of Mosul was added, forming the territorial boundaries of the modern Iraqi state. Britain granted independence to Iraq in 1932, on the urging of King Faisal, though the British retained military bases and transit rights for their forces. King Ghazi of Iraq ruled as a figurehead after King Faisal's death in 1933, while undermined by attempted military coups, until his death in 1939. The United Kingdom invaded Iraq in 1941 (see Anglo-Iraqi War), for fear that the government of Rashid Ali al-Gaylani might cut oil supplies to Western nations, and because of his links to the Axis powers. A military occupation followed the restoration of the Hashemite monarchy, and the occupation ended on October 26, 1947.[PARAGRAPH:2]The reinstated Hashemite monarchy lasted until 1958, when it was overthrown by a coup d'etat of the Iraqi Army, known as the 14 July Revolution. The coup brought Brigadier General Abdul Karim Qassim to power. He withdrew from the Baghdad Pact and established friendly relations with the Soviet Union, but his government lasted only until the February 1963 coup, when it was overthrown by Colonel Abdul Salam Arif. Salam Arif died in 1966 and his brother, Abdul Rahman Arif, assumed the presidency. In 1968, Rahman Arif was overthrown by the Arab Socialist Baath Party. Ahmed Hasan Al-Bakir became the first Baath President of Iraq but then the movement gradually came under the control of Saddam Hussein al Tikriti, who acceded to the presidency and control of the Revolutionary Command Council (RCC), then Iraq's supreme executive body, in July 1979.[PARAGRAPH:2]Beginning with the invasion in 2003, a multinational coalition of forces, mainly American and British, occupied Iraq. Under the Laws of War and UNSCR 1483, the occupying Coalition Provisional Authority completed the transfer of sovereignty on June 28, 2004 to the Iraqi Interim Government in accordance with UNSCR 1546, formally ending the "occupation." Elections on January 30, 2005 created the Iraqi Transitional Government, which drafted the Constitution of Iraq, approved by referendum on October 25, 2005. Under this new Constitution, elections chose a new Iraqi National Assembly to form the Government of Iraq. Some dispute whether Iraq is de facto sovereign.</Italian>
		<Spanish>[TAB]Iraq was home to the earliest known civilization on Earth, the Sumerian civilization, which arose in the fertile Tigris-Euphrates river valley of southern Iraq in the mid 6th millennium BC. It was here in the late 4th millennium BC, that the world's first writing system and recorded history itself were born. The Sumerian civilization flourished for over 3000 years and was succeeded by the rise of the Akkadian Empire in the 24th century BC. Over two centuries of Akkadian dominance was followed by a Sumerian Renaissance in the 21st century BC. An Elamite invasion in 2004 BC brought the Third Dynasty of Ur to an end. By the 18th century BC a new civilization, Babylonia, had risen to dominance in central and southern Iraq while a contemporaneous civilization, Assyria, had formed in northern Iraq.[PARAGRAPH:2]The Islamic conquest in the 7th century CE established Islam in Iraq. Under the Rashidun Caliphate, the prophet Mohammed's cousin and son-in-law Ali moved his capital to Kufa "fi al-Iraq" when he became the fourth caliph. The Umayyad Caliphate ruled the province of Iraq from Damascus in the 7th century. (However, eventually there was a separate, independent Caliphate of Cordoba.) The Abbasid Caliphate built the city of Baghdad in the 8th century as their capital, and it became the leading metropolis of the Arab and Muslim world for five centuries. Baghdad was the largest multicultural city of the Middle Ages, peaking at a population of more than a million, and was the centre of learning during the Islamic Golden Age. The Mongols destroyed the city during the sack of Baghdad in the 13th century.[PARAGRAPH:2]At the end of World War I, the League of Nations granted the area to the United Kingdom as a mandate. It initially formed two former Ottoman vilayets (regions): Baghdad and Basra into a single country in August 1921. Five years later, in 1926, the northern vilayet of Mosul was added, forming the territorial boundaries of the modern Iraqi state. Britain granted independence to Iraq in 1932, on the urging of King Faisal, though the British retained military bases and transit rights for their forces. King Ghazi of Iraq ruled as a figurehead after King Faisal's death in 1933, while undermined by attempted military coups, until his death in 1939. The United Kingdom invaded Iraq in 1941 (see Anglo-Iraqi War), for fear that the government of Rashid Ali al-Gaylani might cut oil supplies to Western nations, and because of his links to the Axis powers. A military occupation followed the restoration of the Hashemite monarchy, and the occupation ended on October 26, 1947.[PARAGRAPH:2]The reinstated Hashemite monarchy lasted until 1958, when it was overthrown by a coup d'etat of the Iraqi Army, known as the 14 July Revolution. The coup brought Brigadier General Abdul Karim Qassim to power. He withdrew from the Baghdad Pact and established friendly relations with the Soviet Union, but his government lasted only until the February 1963 coup, when it was overthrown by Colonel Abdul Salam Arif. Salam Arif died in 1966 and his brother, Abdul Rahman Arif, assumed the presidency. In 1968, Rahman Arif was overthrown by the Arab Socialist Baath Party. Ahmed Hasan Al-Bakir became the first Baath President of Iraq but then the movement gradually came under the control of Saddam Hussein al Tikriti, who acceded to the presidency and control of the Revolutionary Command Council (RCC), then Iraq's supreme executive body, in July 1979.[PARAGRAPH:2]Beginning with the invasion in 2003, a multinational coalition of forces, mainly American and British, occupied Iraq. Under the Laws of War and UNSCR 1483, the occupying Coalition Provisional Authority completed the transfer of sovereignty on June 28, 2004 to the Iraqi Interim Government in accordance with UNSCR 1546, formally ending the "occupation." Elections on January 30, 2005 created the Iraqi Transitional Government, which drafted the Constitution of Iraq, approved by referendum on October 25, 2005. Under this new Constitution, elections chose a new Iraqi National Assembly to form the Government of Iraq. Some dispute whether Iraq is de facto sovereign.</Spanish>
	</TEXT>
	<TEXT>
		<Tag>TXT_KEY_CIV_IRAQ_ADJECTIVE</Tag>
		<English>Iraqi</English>
		<French>
			<Text>Irakien</Text>
			<Gender>Male</Gender>
			<Plural>0</Plural>
		</French>
		<German>
			<Text>Iraqi</Text>
			<Gender>Male</Gender>
			<Plural>0</Plural>
		</German>
		<Italian>
			<Text>Iraqi</Text>
			<Gender>Male</Gender>
			<Plural>0</Plural>
		</Italian>
		<Spanish>
			<Text>Iraqi</Text>
			<Gender>Male</Gender>
			<Plural>0</Plural>
		</Spanish>
	</TEXT>
	<TEXT>
		<Tag>TXT_KEY_CITY_NAME_BAGHDAD</Tag>
		<English>Baghdad</English>
		<French>
			<Text>Baghdad</Text>
			<Gender>Male</Gender>
			<Plural>0</Plural>
		</French>
		<German>
			<Text>Baghdad</Text>
			<Gender>Male</Gender>
			<Plural>0</Plural>
		</German>
		<Italian>
			<Text>Baghdad</Text>
			<Gender>Female</Gender>
			<Plural>0</Plural>
		</Italian>
		<Spanish>
			<Text>Baghdad</Text>
			<Gender>Female</Gender>
			<Plural>0</Plural>
		</Spanish>
	</TEXT>
	<TEXT>
		<Tag>TXT_KEY_CITY_NAME_MOSUL</Tag>
		<English>Mosul</English>
		<French>
			<Text>Mosul</Text>
			<Gender>Male</Gender>
			<Plural>0</Plural>
		</French>
		<German>
			<Text>Mosul</Text>
			<Gender>Male</Gender>
			<Plural>0</Plural>
		</German>
		<Italian>
			<Text>Mosul</Text>
			<Gender>Female</Gender>
			<Plural>0</Plural>
		</Italian>
		<Spanish>
			<Text>Mosul</Text>
			<Gender>Female</Gender>
			<Plural>0</Plural>
		</Spanish>
	</TEXT>
	<TEXT>
		<Tag>TXT_KEY_CITY_NAME_BASRA</Tag>
		<English>Basra</English>
		<French>
			<Text>Basra</Text>
			<Gender>Male</Gender>
			<Plural>0</Plural>
		</French>
		<German>
			<Text>Basra</Text>
			<Gender>Male</Gender>
			<Plural>0</Plural>
		</German>
		<Italian>
			<Text>Basra</Text>
			<Gender>Female</Gender>
			<Plural>0</Plural>
		</Italian>
		<Spanish>
			<Text>Basra</Text>
			<Gender>Female</Gender>
			<Plural>0</Plural>
		</Spanish>
	</TEXT>
	<TEXT>
		<Tag>TXT_KEY_CITY_NAME_ARBIL</Tag>
		<English>Arbil</English>
		<French>
			<Text>Arbil</Text>
			<Gender>Male</Gender>
			<Plural>0</Plural>
		</French>
		<German>
			<Text>Arbil</Text>
			<Gender>Male</Gender>
			<Plural>0</Plural>
		</German>
		<Italian>
			<Text>Arbil</Text>
			<Gender>Female</Gender>
			<Plural>0</Plural>
		</Italian>
		<Spanish>
			<Text>Arbil</Text>
			<Gender>Female</Gender>
			<Plural>0</Plural>
		</Spanish>
	</TEXT>
	<TEXT>
		<Tag>TXT_KEY_CITY_NAME_SULAYMANIYAH</Tag>
		<English>Sulaymaniyah</English>
		<French>
			<Text>Sulaymaniyah</Text>
			<Gender>Male</Gender>
			<Plural>0</Plural>
		</French>
		<German>
			<Text>Sulaymaniyah</Text>
			<Gender>Male</Gender>
			<Plural>0</Plural>
		</German>
		<Italian>
			<Text>Sulaymaniyah</Text>
			<Gender>Female</Gender>
			<Plural>0</Plural>
		</Italian>
		<Spanish>
			<Text>Sulaymaniyah</Text>
			<Gender>Female</Gender>
			<Plural>0</Plural>
		</Spanish>
	</TEXT>
	<TEXT>
		<Tag>TXT_KEY_CITY_NAME_KIRKUK</Tag>
		<English>Kirkuk</English>
		<French>
			<Text>Kirkuk</Text>
			<Gender>Male</Gender>
			<Plural>0</Plural>
		</French>
		<German>
			<Text>Kirkuk</Text>
			<Gender>Male</Gender>
			<Plural>0</Plural>
		</German>
		<Italian>
			<Text>Kirkuk</Text>
			<Gender>Female</Gender>
			<Plural>0</Plural>
		</Italian>
		<Spanish>
			<Text>Kirkuk</Text>
			<Gender>Female</Gender>
			<Plural>0</Plural>
		</Spanish>
	</TEXT>
	<TEXT>
		<Tag>TXT_KEY_CITY_NAME_FALLUJAH</Tag>
		<English>Fallujah</English>
		<French>
			<Text>Fallujah</Text>
			<Gender>Male</Gender>
			<Plural>0</Plural>
		</French>
		<German>
			<Text>Fallujah</Text>
			<Gender>Male</Gender>
			<Plural>0</Plural>
		</German>
		<Italian>
			<Text>Fallujah</Text>
			<Gender>Female</Gender>
			<Plural>0</Plural>
		</Italian>
		<Spanish>
			<Text>Fallujah</Text>
			<Gender>Female</Gender>
			<Plural>0</Plural>
		</Spanish>
	</TEXT>
	<TEXT>
		<Tag>TXT_KEY_CITY_NAME_KARBALA</Tag>
		<English>Karbala</English>
		<French>
			<Text>Karbala</Text>
			<Gender>Male</Gender>
			<Plural>0</Plural>
		</French>
		<German>
			<Text>Karbala</Text>
			<Gender>Male</Gender>
			<Plural>0</Plural>
		</German>
		<Italian>
			<Text>Karbala</Text>
			<Gender>Female</Gender>
			<Plural>0</Plural>
		</Italian>
		<Spanish>
			<Text>Karbala</Text>
			<Gender>Female</Gender>
			<Plural>0</Plural>
		</Spanish>
	</TEXT>
	<TEXT>
		<Tag>TXT_KEY_CITY_NAME_NAJAF</Tag>
		<English>Najaf</English>
		<French>
			<Text>Najaf</Text>
			<Gender>Male</Gender>
			<Plural>0</Plural>
		</French>
		<German>
			<Text>Najaf</Text>
			<Gender>Male</Gender>
			<Plural>0</Plural>
		</German>
		<Italian>
			<Text>Najaf</Text>
			<Gender>Female</Gender>
			<Plural>0</Plural>
		</Italian>
		<Spanish>
			<Text>Najaf</Text>
			<Gender>Female</Gender>
			<Plural>0</Plural>
		</Spanish>
	</TEXT>
	<TEXT>
		<Tag>TXT_KEY_CITY_NAME_RAMADI</Tag>
		<English>Ramadi</English>
		<French>
			<Text>Ramadi</Text>
			<Gender>Male</Gender>
			<Plural>0</Plural>
		</French>
		<German>
			<Text>Ramadi</Text>
			<Gender>Male</Gender>
			<Plural>0</Plural>
		</German>
		<Italian>
			<Text>Ramadi</Text>
			<Gender>Female</Gender>
			<Plural>0</Plural>
		</Italian>
		<Spanish>
			<Text>Ramadi</Text>
			<Gender>Female</Gender>
			<Plural>0</Plural>
		</Spanish>
	</TEXT>
	<TEXT>
		<Tag>TXT_KEY_CITY_NAME_DAHUK</Tag>
		<English>Dahuk</English>
		<French>
			<Text>Dahuk</Text>
			<Gender>Male</Gender>
			<Plural>0</Plural>
		</French>
		<German>
			<Text>Dahuk</Text>
			<Gender>Male</Gender>
			<Plural>0</Plural>
		</German>
		<Italian>
			<Text>Dahuk</Text>
			<Gender>Female</Gender>
			<Plural>0</Plural>
		</Italian>
		<Spanish>
			<Text>Dahuk</Text>
			<Gender>Female</Gender>
			<Plural>0</Plural>
		</Spanish>
	</TEXT>
	<TEXT>
		<Tag>TXT_KEY_CITY_NAME_ZUBAYR</Tag>
		<English>Zubayr</English>
		<French>
			<Text>Zubayr</Text>
			<Gender>Male</Gender>
			<Plural>0</Plural>
		</French>
		<German>
			<Text>Zubayr</Text>
			<Gender>Male</Gender>
			<Plural>0</Plural>
		</German>
		<Italian>
			<Text>Zubayr</Text>
			<Gender>Female</Gender>
			<Plural>0</Plural>
		</Italian>
		<Spanish>
			<Text>Zubayr</Text>
			<Gender>Female</Gender>
			<Plural>0</Plural>
		</Spanish>
	</TEXT>
	<TEXT>
		<Tag>TXT_KEY_CITY_NAME_AL_HILLAH</Tag>
		<English>Al Hillah</English>
		<French>
			<Text>Al Hillah</Text>
			<Gender>Male</Gender>
			<Plural>0</Plural>
		</French>
		<German>
			<Text>Al Hillah</Text>
			<Gender>Male</Gender>
			<Plural>0</Plural>
		</German>
		<Italian>
			<Text>Al Hillah</Text>
			<Gender>Female</Gender>
			<Plural>0</Plural>
		</Italian>
		<Spanish>
			<Text>Al Hillah</Text>
			<Gender>Female</Gender>
			<Plural>0</Plural>
		</Spanish>
	</TEXT>
	<TEXT>
		<Tag>TXT_KEY_CITY_NAME_AL_DIWANIYAH</Tag>
		<English>Al Diwaniyah</English>
		<French>
			<Text>Al Diwaniyah</Text>
			<Gender>Male</Gender>
			<Plural>0</Plural>
		</French>
		<German>
			<Text>Al Diwaniyah</Text>
			<Gender>Male</Gender>
			<Plural>0</Plural>
		</German>
		<Italian>
			<Text>Al Diwaniyah</Text>
			<Gender>Female</Gender>
			<Plural>0</Plural>
		</Italian>
		<Spanish>
			<Text>Al Diwaniyah</Text>
			<Gender>Female</Gender>
			<Plural>0</Plural>
		</Spanish>
	</TEXT>
	<TEXT>
		<Tag>TXT_KEY_CITY_NAME_AMARAH</Tag>
		<English>Amarah</English>
		<French>
			<Text>Amarah</Text>
			<Gender>Male</Gender>
			<Plural>0</Plural>
		</French>
		<German>
			<Text>Amarah</Text>
			<Gender>Male</Gender>
			<Plural>0</Plural>
		</German>
		<Italian>
			<Text>Amarah</Text>
			<Gender>Female</Gender>
			<Plural>0</Plural>
		</Italian>
		<Spanish>
			<Text>Amarah</Text>
			<Gender>Female</Gender>
			<Plural>0</Plural>
		</Spanish>
	</TEXT>
	<TEXT>
		<Tag>TXT_KEY_CITY_NAME_KUT</Tag>
		<English>Kut</English>
		<French>
			<Text>Kut</Text>
			<Gender>Male</Gender>
			<Plural>0</Plural>
		</French>
		<German>
			<Text>Kut</Text>
			<Gender>Male</Gender>
			<Plural>0</Plural>
		</German>
		<Italian>
			<Text>Kut</Text>
			<Gender>Female</Gender>
			<Plural>0</Plural>
		</Italian>
		<Spanish>
			<Text>Kut</Text>
			<Gender>Female</Gender>
			<Plural>0</Plural>
		</Spanish>
	</TEXT>
	<TEXT>
		<Tag>TXT_KEY_CITY_NAME_TAL_AFAR</Tag>
		<English>Tal Afar</English>
		<French>
			<Text>Tal Afar</Text>
			<Gender>Male</Gender>
			<Plural>0</Plural>
		</French>
		<German>
			<Text>Tal Afar</Text>
			<Gender>Male</Gender>
			<Plural>0</Plural>
		</German>
		<Italian>
			<Text>Tal Afar</Text>
			<Gender>Female</Gender>
			<Plural>0</Plural>
		</Italian>
		<Spanish>
			<Text>Tal Afar</Text>
			<Gender>Female</Gender>
			<Plural>0</Plural>
		</Spanish>
	</TEXT>
	<TEXT>
		<Tag>TXT_KEY_CITY_NAME_BAQUBAH</Tag>
		<English>Baqubah</English>
		<French>
			<Text>Baqubah</Text>
			<Gender>Male</Gender>
			<Plural>0</Plural>
		</French>
		<German>
			<Text>Baqubah</Text>
			<Gender>Male</Gender>
			<Plural>0</Plural>
		</German>
		<Italian>
			<Text>Baqubah</Text>
			<Gender>Female</Gender>
			<Plural>0</Plural>
		</Italian>
		<Spanish>
			<Text>Baqubah</Text>
			<Gender>Female</Gender>
			<Plural>0</Plural>
		</Spanish>
	</TEXT>
	<TEXT>
		<Tag>TXT_KEY_CITY_NAME_ZAHKO</Tag>
		<English>Zakho</English>
		<French>
			<Text>Zakho</Text>
			<Gender>Male</Gender>
			<Plural>0</Plural>
		</French>
		<German>
			<Text>Zakho</Text>
			<Gender>Male</Gender>
			<Plural>0</Plural>
		</German>
		<Italian>
			<Text>Zakho</Text>
			<Gender>Female</Gender>
			<Plural>0</Plural>
		</Italian>
		<Spanish>
			<Text>Zakho</Text>
			<Gender>Female</Gender>
			<Plural>0</Plural>
		</Spanish>
	</TEXT>
	<TEXT>
		<Tag>TXT_KEY_CITY_NAME_NASIRIYAH</Tag>
		<English>Nasiriyah</English>
		<French>
			<Text>Nasiriyah</Text>
			<Gender>Male</Gender>
			<Plural>0</Plural>
		</French>
		<German>
			<Text>Nasiriyah</Text>
			<Gender>Male</Gender>
			<Plural>0</Plural>
		</German>
		<Italian>
			<Text>Nasiriyah</Text>
			<Gender>Female</Gender>
			<Plural>0</Plural>
		</Italian>
		<Spanish>
			<Text>Nasiriyah</Text>
			<Gender>Female</Gender>
			<Plural>0</Plural>
		</Spanish>
	</TEXT>
	<TEXT>
		<Tag>TXT_KEY_CITY_NAME_AL_QAIM</Tag>
		<English>Al-Qa'im</English>
		<French>
			<Text>Al-Qa'im</Text>
			<Gender>Male</Gender>
			<Plural>0</Plural>
		</French>
		<German>
			<Text>Al-Qa'im</Text>
			<Gender>Male</Gender>
			<Plural>0</Plural>
		</German>
		<Italian>
			<Text>Al-Qa'im</Text>
			<Gender>Female</Gender>
			<Plural>0</Plural>
		</Italian>
		<Spanish>
			<Text>Al-Qa'im</Text>
			<Gender>Female</Gender>
			<Plural>0</Plural>
		</Spanish>
	</TEXT>
	<TEXT>
		<Tag>TXT_KEY_CITY_NAME_SAMAWAH</Tag>
		<English>Samawah</English>
		<French>
			<Text>Samawah</Text>
			<Gender>Male</Gender>
			<Plural>0</Plural>
		</French>
		<German>
			<Text>Samawah</Text>
			<Gender>Male</Gender>
			<Plural>0</Plural>
		</German>
		<Italian>
			<Text>Samawah</Text>
			<Gender>Female</Gender>
			<Plural>0</Plural>
		</Italian>
		<Spanish>
			<Text>Samawah</Text>
			<Gender>Female</Gender>
			<Plural>0</Plural>
		</Spanish>
	</TEXT>
	<TEXT>
		<Tag>TXT_KEY_CITY_NAME_HEET</Tag>
		<English>Heet</English>
		<French>
			<Text>Heet</Text>
			<Gender>Male</Gender>
			<Plural>0</Plural>
		</French>
		<German>
			<Text>Heet</Text>
			<Gender>Male</Gender>
			<Plural>0</Plural>
		</German>
		<Italian>
			<Text>Heet</Text>
			<Gender>Female</Gender>
			<Plural>0</Plural>
		</Italian>
		<Spanish>
			<Text>Heet</Text>
			<Gender>Female</Gender>
			<Plural>0</Plural>
		</Spanish>
	</TEXT>
	<TEXT>
		<Tag>TXT_KEY_CITY_NAME_TIKRIT</Tag>
		<English>Tikrit</English>
		<French>
			<Text>Tikrit</Text>
			<Gender>Male</Gender>
			<Plural>0</Plural>
		</French>
		<German>
			<Text>Tikrit</Text>
			<Gender>Male</Gender>
			<Plural>0</Plural>
		</German>
		<Italian>
			<Text>Tikrit</Text>
			<Gender>Female</Gender>
			<Plural>0</Plural>
		</Italian>
		<Spanish>
			<Text>Tikrit</Text>
			<Gender>Female</Gender>
			<Plural>0</Plural>
		</Spanish>
	</TEXT>
	<TEXT>
		<Tag>TXT_KEY_CITY_NAME_SAMARRA</Tag>
		<English>Samarra</English>
		<French>
			<Text>Samarra</Text>
			<Gender>Male</Gender>
			<Plural>0</Plural>
		</French>
		<German>
			<Text>Samarra</Text>
			<Gender>Male</Gender>
			<Plural>0</Plural>
		</German>
		<Italian>
			<Text>Samarra</Text>
			<Gender>Female</Gender>
			<Plural>0</Plural>
		</Italian>
		<Spanish>
			<Text>Samarra</Text>
			<Gender>Female</Gender>
			<Plural>0</Plural>
		</Spanish>
	</TEXT>
	<TEXT>
		<Tag>TXT_KEY_CITY_NAME_AR_RUTBA</Tag>
		<English>Ar Rutba</English>
		<French>
			<Text>Ar Rutba</Text>
			<Gender>Male</Gender>
			<Plural>0</Plural>
		</French>
		<German>
			<Text>Ar Rutba</Text>
			<Gender>Male</Gender>
			<Plural>0</Plural>
		</German>
		<Italian>
			<Text>Ar Rutba</Text>
			<Gender>Female</Gender>
			<Plural>0</Plural>
		</Italian>
		<Spanish>
			<Text>Ar Rutba</Text>
			<Gender>Female</Gender>
			<Plural>0</Plural>
		</Spanish>
	</TEXT>
	<TEXT>
		<Tag>TXT_KEY_CITY_NAME_HADITHA</Tag>
		<English>Haditha</English>
		<French>
			<Text>Haditha</Text>
			<Gender>Male</Gender>
			<Plural>0</Plural>
		</French>
		<German>
			<Text>Haditha</Text>
			<Gender>Male</Gender>
			<Plural>0</Plural>
		</German>
		<Italian>
			<Text>Haditha</Text>
			<Gender>Female</Gender>
			<Plural>0</Plural>
		</Italian>
		<Spanish>
			<Text>Haditha</Text>
			<Gender>Female</Gender>
			<Plural>0</Plural>
		</Spanish>
	</TEXT>
	<TEXT>
		<Tag>TXT_KEY_CITY_NAME_HALABJA</Tag>
		<English>Halabja</English>
		<French>
			<Text>Halabja</Text>
			<Gender>Male</Gender>
			<Plural>0</Plural>
		</French>
		<German>
			<Text>Halabja</Text>
			<Gender>Male</Gender>
			<Plural>0</Plural>
		</German>
		<Italian>
			<Text>Halabja</Text>
			<Gender>Female</Gender>
			<Plural>0</Plural>
		</Italian>
		<Spanish>
			<Text>Halabja</Text>
			<Gender>Female</Gender>
			<Plural>0</Plural>
		</Spanish>
	</TEXT>
	<TEXT>
		<Tag>TXT_KEY_CITY_NAME_BAIJI</Tag>
		<English>Baiji</English>
		<French>
			<Text>Baiji</Text>
			<Gender>Male</Gender>
			<Plural>0</Plural>
		</French>
		<German>
			<Text>Baiji</Text>
			<Gender>Male</Gender>
			<Plural>0</Plural>
		</German>
		<Italian>
			<Text>Baiji</Text>
			<Gender>Female</Gender>
			<Plural>0</Plural>
		</Italian>
		<Spanish>
			<Text>Baiji</Text>
			<Gender>Female</Gender>
			<Plural>0</Plural>
		</Spanish>
	</TEXT>
	<TEXT>
		<Tag>TXT_KEY_CITY_NAME_ISKANDARIYA</Tag>
		<English>Iskandariya</English>
		<French>
			<Text>Iskandariya</Text>
			<Gender>Male</Gender>
			<Plural>0</Plural>
		</French>
		<German>
			<Text>Iskandariya</Text>
			<Gender>Male</Gender>
			<Plural>0</Plural>
		</German>
		<Italian>
			<Text>Iskandariya</Text>
			<Gender>Female</Gender>
			<Plural>0</Plural>
		</Italian>
		<Spanish>
			<Text>Iskandariya</Text>
			<Gender>Female</Gender>
			<Plural>0</Plural>
		</Spanish>
	</TEXT>
	<TEXT>
		<Tag>TXT_KEY_CITY_NAME_BALAD</Tag>
		<English>Balad</English>
		<French>
			<Text>Balad</Text>
			<Gender>Male</Gender>
			<Plural>0</Plural>
		</French>
		<German>
			<Text>Balad</Text>
			<Gender>Male</Gender>
			<Plural>0</Plural>
		</German>
		<Italian>
			<Text>Balad</Text>
			<Gender>Female</Gender>
			<Plural>0</Plural>
		</Italian>
		<Spanish>
			<Text>Balad</Text>
			<Gender>Female</Gender>
			<Plural>0</Plural>
		</Spanish>
	</TEXT>
	<TEXT>
		<Tag>TXT_KEY_CITY_NAME_AFAK</Tag>
		<English>Afak</English>
		<French>
			<Text>Afak</Text>
			<Gender>Male</Gender>
			<Plural>0</Plural>
		</French>
		<German>
			<Text>Afak</Text>
			<Gender>Male</Gender>
			<Plural>0</Plural>
		</German>
		<Italian>
			<Text>Afak</Text>
			<Gender>Female</Gender>
			<Plural>0</Plural>
		</Italian>
		<Spanish>
			<Text>Afak</Text>
			<Gender>Female</Gender>
			<Plural>0</Plural>
		</Spanish>
	</TEXT>
	<TEXT>
		<Tag>TXT_KEY_CITY_NAME_MUQDADIYAH</Tag>
		<English>Muqdadiyah</English>
		<French>
			<Text>Muqdadiyah</Text>
			<Gender>Male</Gender>
			<Plural>0</Plural>
		</French>
		<German>
			<Text>Muqdadiyah</Text>
			<Gender>Male</Gender>
			<Plural>0</Plural>
		</German>
		<Italian>
			<Text>Muqdadiyah</Text>
			<Gender>Female</Gender>
			<Plural>0</Plural>
		</Italian>
		<Spanish>
			<Text>Muqdadiyah</Text>
			<Gender>Female</Gender>
			<Plural>0</Plural>
		</Spanish>
	</TEXT>
	<TEXT>
		<Tag>TXT_KEY_CITY_NAME_SHAMIA</Tag>
		<English>Shamia</English>
		<French>
			<Text>Shamia</Text>
			<Gender>Male</Gender>
			<Plural>0</Plural>
		</French>
		<German>
			<Text>Shamia</Text>
			<Gender>Male</Gender>
			<Plural>0</Plural>
		</German>
		<Italian>
			<Text>Shamia</Text>
			<Gender>Female</Gender>
			<Plural>0</Plural>
		</Italian>
		<Spanish>
			<Text>Shamia</Text>
			<Gender>Female</Gender>
			<Plural>0</Plural>
		</Spanish>
	</TEXT>
	<TEXT>
		<Tag>TXT_KEY_CITY_NAME_AD_DAWR</Tag>
		<English>Ad-Dawr</English>
		<French>
			<Text>Ad-Dawr</Text>
			<Gender>Male</Gender>
			<Plural>0</Plural>
		</French>
		<German>
			<Text>Ad-Dawr</Text>
			<Gender>Male</Gender>
			<Plural>0</Plural>
		</German>
		<Italian>
			<Text>Ad-Dawr</Text>
			<Gender>Female</Gender>
			<Plural>0</Plural>
		</Italian>
		<Spanish>
			<Text>Ad-Dawr</Text>
			<Gender>Female</Gender>
			<Plural>0</Plural>
		</Spanish>
	</TEXT>
	<TEXT>
		<Tag>TXT_KEY_CITY_NAME_TEL_KEPPE</Tag>
		<English>Tel Keppe</English>
		<French>
			<Text>Tel Keppe</Text>
			<Gender>Male</Gender>
			<Plural>0</Plural>
		</French>
		<German>
			<Text>Tel Keppe</Text>
			<Gender>Male</Gender>
			<Plural>0</Plural>
		</German>
		<Italian>
			<Text>Tel Keppe</Text>
			<Gender>Female</Gender>
			<Plural>0</Plural>
		</Italian>
		<Spanish>
			<Text>Tel Keppe</Text>
			<Gender>Female</Gender>
			<Plural>0</Plural>
		</Spanish>
	</TEXT>
	<TEXT>
		<Tag>TXT_KEY_CITY_NAME_UMM_QASR</Tag>
		<English>Umm Qasr</English>
		<French>
			<Text>Umm Qasr</Text>
			<Gender>Male</Gender>
			<Plural>0</Plural>
		</French>
		<German>
			<Text>Umm Qasr</Text>
			<Gender>Male</Gender>
			<Plural>0</Plural>
		</German>
		<Italian>
			<Text>Umm Qasr</Text>
			<Gender>Female</Gender>
			<Plural>0</Plural>
		</Italian>
		<Spanish>
			<Text>Umm Qasr</Text>
			<Gender>Female</Gender>
			<Plural>0</Plural>
		</Spanish>
	</TEXT>
	<TEXT>
		<Tag>TXT_KEY_CITY_NAME_KHANAQIN</Tag>
		<English>Khanaqin</English>
		<French>
			<Text>Khanaqin</Text>
			<Gender>Male</Gender>
			<Plural>0</Plural>
		</French>
		<German>
			<Text>Khanaqin</Text>
			<Gender>Male</Gender>
			<Plural>0</Plural>
		</German>
		<Italian>
			<Text>Khanaqin</Text>
			<Gender>Female</Gender>
			<Plural>0</Plural>
		</Italian>
		<Spanish>
			<Text>Khanaqin</Text>
			<Gender>Female</Gender>
			<Plural>0</Plural>
		</Spanish>
	</TEXT>
</Civ4GameText>