<?xml version="1.0" encoding="utf-8"?>
<!-- edited with XMLSPY v2004 rel. 2 U (http://www.xmlspy.com) by lcollins (Firaxis Games) -->
<!-- Sid Meier's Civilization 4 -->
<!-- Copyright Firaxis Games 2005 -->
<!-- -->
<!-- Game Text - New -->
<Civ4GameText xmlns="http://www.firaxis.com">
	<TEXT>
		<Tag>TXT_KEY_BUILDING_MEGYPT_EXHIBITION</Tag>
		<English>Exhibition</English>
		<French>Exhibition</French>
		<German>Exhibition</German>
		<Italian>Exhibition</Italian>
		<Spanish>Exhibition</Spanish>
	</TEXT>
        <TEXT>
		<Tag>TXT_KEY_BUILDING_MEGYPT_EXHIBITION_PEDIA</Tag>
		<English>[TAB]Jean François Champollion and Ippolito Rosellini were some of the first Egyptologists of wide acclaim. The German Karl Richard Lepsius  was an early participant in the investigations of Egypt; mapping, excavating, and recording several sites. Champollion announced his general decipherment of the system of Egyptian hieroglyphics  for the first time, employing the Rosetta Stone as his primary aid. The Stone's decipherment was a very important development of Egyptology. With subsequently ever-increasing knowledge of Egyptian writing and language, the study of Ancient Egyptian  civilisation was able to proceed with greater academic rigour and with all the added impetus that comprehension of the written sources was able to engender. Egyptology became more professional via work of William Matthew Flinders Petrie, among others. Petrie introduced techniques of field preservation, recording, and excavating. Howard Carter's expedition brought much acclaim to the field of Egyptology.

Around 1830, Rifa'a el-Tahtawi was one of the first main scholars of Egyptian Egyptology. He was inspired by the work of Muslim Egyptologists in medieval Egypt, though modern Egyptian Egyptology developed slowly compared to its Western scholars, primarily because of Islamic identity. Islamic and modern Egyptian civilization has been influenced by the pre-Islamic Egyptian culture with which Egyptology is concerned.

In the Modern era, the Supreme Council for Antiquities control excavation permits for Egyptologists to conduct their work. The field can now use geophysical methods and other applications of modern sensing techniques to further Egyptology. The Egyptian languages (such as Hieratics and Coptic) and the Egyptian writing systems are still of importance in Egyptology.</English>
		<French>[TAB]Jean François Champollion and Ippolito Rosellini were some of the first Egyptologists of wide acclaim. The German Karl Richard Lepsius  was an early participant in the investigations of Egypt; mapping, excavating, and recording several sites. Champollion announced his general decipherment of the system of Egyptian hieroglyphics  for the first time, employing the Rosetta Stone as his primary aid. The Stone's decipherment was a very important development of Egyptology. With subsequently ever-increasing knowledge of Egyptian writing and language, the study of Ancient Egyptian  civilisation was able to proceed with greater academic rigour and with all the added impetus that comprehension of the written sources was able to engender. Egyptology became more professional via work of William Matthew Flinders Petrie, among others. Petrie introduced techniques of field preservation, recording, and excavating. Howard Carter's expedition brought much acclaim to the field of Egyptology.

Around 1830, Rifa'a el-Tahtawi was one of the first main scholars of Egyptian Egyptology. He was inspired by the work of Muslim Egyptologists in medieval Egypt, though modern Egyptian Egyptology developed slowly compared to its Western scholars, primarily because of Islamic identity. Islamic and modern Egyptian civilization has been influenced by the pre-Islamic Egyptian culture with which Egyptology is concerned.

In the Modern era, the Supreme Council for Antiquities control excavation permits for Egyptologists to conduct their work. The field can now use geophysical methods and other applications of modern sensing techniques to further Egyptology. The Egyptian languages (such as Hieratics and Coptic) and the Egyptian writing systems are still of importance in Egyptology.</French>
		<German>[TAB]Jean François Champollion and Ippolito Rosellini were some of the first Egyptologists of wide acclaim. The German Karl Richard Lepsius  was an early participant in the investigations of Egypt; mapping, excavating, and recording several sites. Champollion announced his general decipherment of the system of Egyptian hieroglyphics  for the first time, employing the Rosetta Stone as his primary aid. The Stone's decipherment was a very important development of Egyptology. With subsequently ever-increasing knowledge of Egyptian writing and language, the study of Ancient Egyptian  civilisation was able to proceed with greater academic rigour and with all the added impetus that comprehension of the written sources was able to engender. Egyptology became more professional via work of William Matthew Flinders Petrie, among others. Petrie introduced techniques of field preservation, recording, and excavating. Howard Carter's expedition brought much acclaim to the field of Egyptology.

Around 1830, Rifa'a el-Tahtawi was one of the first main scholars of Egyptian Egyptology. He was inspired by the work of Muslim Egyptologists in medieval Egypt, though modern Egyptian Egyptology developed slowly compared to its Western scholars, primarily because of Islamic identity. Islamic and modern Egyptian civilization has been influenced by the pre-Islamic Egyptian culture with which Egyptology is concerned.

In the Modern era, the Supreme Council for Antiquities control excavation permits for Egyptologists to conduct their work. The field can now use geophysical methods and other applications of modern sensing techniques to further Egyptology. The Egyptian languages (such as Hieratics and Coptic) and the Egyptian writing systems are still of importance in Egyptology.</German>
		<Italian>[TAB]Jean François Champollion and Ippolito Rosellini were some of the first Egyptologists of wide acclaim. The German Karl Richard Lepsius  was an early participant in the investigations of Egypt; mapping, excavating, and recording several sites. Champollion announced his general decipherment of the system of Egyptian hieroglyphics  for the first time, employing the Rosetta Stone as his primary aid. The Stone's decipherment was a very important development of Egyptology. With subsequently ever-increasing knowledge of Egyptian writing and language, the study of Ancient Egyptian  civilisation was able to proceed with greater academic rigour and with all the added impetus that comprehension of the written sources was able to engender. Egyptology became more professional via work of William Matthew Flinders Petrie, among others. Petrie introduced techniques of field preservation, recording, and excavating. Howard Carter's expedition brought much acclaim to the field of Egyptology.

Around 1830, Rifa'a el-Tahtawi was one of the first main scholars of Egyptian Egyptology. He was inspired by the work of Muslim Egyptologists in medieval Egypt, though modern Egyptian Egyptology developed slowly compared to its Western scholars, primarily because of Islamic identity. Islamic and modern Egyptian civilization has been influenced by the pre-Islamic Egyptian culture with which Egyptology is concerned.

In the Modern era, the Supreme Council for Antiquities control excavation permits for Egyptologists to conduct their work. The field can now use geophysical methods and other applications of modern sensing techniques to further Egyptology. The Egyptian languages (such as Hieratics and Coptic) and the Egyptian writing systems are still of importance in Egyptology.</Italian>
		<Spanish>[TAB]Jean François Champollion and Ippolito Rosellini were some of the first Egyptologists of wide acclaim. The German Karl Richard Lepsius  was an early participant in the investigations of Egypt; mapping, excavating, and recording several sites. Champollion announced his general decipherment of the system of Egyptian hieroglyphics  for the first time, employing the Rosetta Stone as his primary aid. The Stone's decipherment was a very important development of Egyptology. With subsequently ever-increasing knowledge of Egyptian writing and language, the study of Ancient Egyptian  civilisation was able to proceed with greater academic rigour and with all the added impetus that comprehension of the written sources was able to engender. Egyptology became more professional via work of William Matthew Flinders Petrie, among others. Petrie introduced techniques of field preservation, recording, and excavating. Howard Carter's expedition brought much acclaim to the field of Egyptology.

Around 1830, Rifa'a el-Tahtawi was one of the first main scholars of Egyptian Egyptology. He was inspired by the work of Muslim Egyptologists in medieval Egypt, though modern Egyptian Egyptology developed slowly compared to its Western scholars, primarily because of Islamic identity. Islamic and modern Egyptian civilization has been influenced by the pre-Islamic Egyptian culture with which Egyptology is concerned.

In the Modern era, the Supreme Council for Antiquities control excavation permits for Egyptologists to conduct their work. The field can now use geophysical methods and other applications of modern sensing techniques to further Egyptology. The Egyptian languages (such as Hieratics and Coptic) and the Egyptian writing systems are still of importance in Egyptology.</Spanish>
	</TEXT>
        <TEXT>
		<Tag>TXT_KEY_BUILDING_MEGYPT_EXHIBITION_STRATEGY</Tag>
		<English>The [COLOR_BUILDING_TEXT]Exhibition[COLOR_REVERT], the Egyptian replacement for the [COLOR_BUILDING_TEXT]Museum[COLOR_REVERT], grants an additional trade route.</English>
		<French>L'[COLOR_BUILDING_TEXT]Exhibition[COLOR_REVERT], équivalent egyptien du [COLOR_BUILDING_TEXT]musée[COLOR_REVERT], procure une route commerciale additionnelle.</French>
		<German>The [COLOR_BUILDING_TEXT]Exhibition[COLOR_REVERT], the Egyptian replacement for the [COLOR_BUILDING_TEXT]Museum[COLOR_REVERT], grants an additional trade route.</German>
		<Italian>The [COLOR_BUILDING_TEXT]Exhibition[COLOR_REVERT], the Egyptian replacement for the [COLOR_BUILDING_TEXT]Museum[COLOR_REVERT], grants an additional trade route.</Italian>
		<Spanish>The [COLOR_BUILDING_TEXT]Exhibition[COLOR_REVERT], the Egyptian replacement for the [COLOR_BUILDING_TEXT]Museum[COLOR_REVERT], grants an additional trade route.</Spanish>
	</TEXT>
</Civ4GameText>