<?xml version="1.0" encoding="utf-8"?>
<!-- Sid Meier's Civilization 4 Beyond the Sword -->
<!-- Modified by the Civ Gold Team -->
<!-- -->
<Civ4GameText xmlns="http://www.firaxis.com">
	<TEXT>
		<Tag>TXT_KEY_LEADER_SELEUCUS</Tag>
		<English>Seleucus</English>
		<French>
			<Text>Seleucus</Text>
			<Gender>Female</Gender>
			<Plural>0</Plural>
		</French>
		<German>
			<Text>Seleucus</Text>
			<Gender>Female</Gender>
			<Plural>0</Plural>
		</German>
		<Italian>
			<Text>Seleucus</Text>
			<Gender>Female</Gender>
			<Plural>0</Plural>
		</Italian>
		<Spanish>
			<Text>Seleucus</Text>
			<Gender>Female</Gender>
			<Plural>0</Plural>
		</Spanish>
	</TEXT>
	<TEXT>
		<Tag>TXT_KEY_LEADER_SELEUCUS_PEDIA</Tag>
       	<English>[H1]Seleucus I Nicator[\H1][NEWLINE][BOLD]Seleucid Emperor[\BOLD][NEWLINE][BOLD]Ruled: [\BOLD] 358 b.c to 281 BC[NEWLINE][PARAGRAPH:2][BOLD]Background:[\BOLD][NEWLINE][TAB] d. 280 BC, king of ancient Syria. An able general of Alexander the Great, he played a leading part in the wars of the Diadochi. In the new partition of the empire in 312 BC he received Babylonia. Conquest of Susiana and Media enlarged his holdings, and he invaded NW India. Later (c.305) he yielded part of present Afghanistan to Chandragupta. Seleucus was drawn into the league against Antigonus I, and when Antigonus was defeated at Ipsus in 301 BC, Seleucus gained a large part of Asia Minor and all of Syria. Of the Macedonian generals he was the one who tried hardest to set up a kingdom following Alexander's ideas. He founded Greek colonies such as Seleucia and Antioch. He also tried to govern the subject people according to the methods of the Persian Empire. He finally won Asia Minor by defeating Lysimachus in the battle at Corupedion in Lydia in 281, an event that marked the end of the Diadochi. Seleucus was murdered before he could achieve his ambition of seizing the vacant throne of Macedonia as well. He was succeeded by Antiochus I.</English>
		<French>[H1]Seleucus I Nicator[\H1][NEWLINE][BOLD]Ruled[\BOLD][NEWLINE][BOLD]Ruled: [\BOLD] 358 b.c to 281 BC[NEWLINE][PARAGRAPH:2][BOLD]Background:[\BOLD][NEWLINE][TAB] d. 280 BC, king of ancient Syria. An able general of Alexander the Great, he played a leading part in the wars of the Diadochi. In the new partition of the empire in 312 BC he received Babylonia. Conquest of Susiana and Media enlarged his holdings, and he invaded NW India. Later (c.305) he yielded part of present Afghanistan to Chandragupta. Seleucus was drawn into the league against Antigonus I, and when Antigonus was defeated at Ipsus in 301 BC, Seleucus gained a large part of Asia Minor and all of Syria. Of the Macedonian generals he was the one who tried hardest to set up a kingdom following Alexander's ideas. He founded Greek colonies such as Seleucia and Antioch. He also tried to govern the subject people according to the methods of the Persian Empire. He finally won Asia Minor by defeating Lysimachus in the battle at Corupedion in Lydia in 281, an event that marked the end of the Diadochi. Seleucus was murdered before he could achieve his ambition of seizing the vacant throne of Macedonia as well. He was succeeded by Antiochus I.</French>
		<German>[H1]Seleucus I Nicator[\H1][NEWLINE][BOLD]Seleucid Emperor[\BOLD][NEWLINE][BOLD]Ruled: [\BOLD] 358 b.c to 281 BC[NEWLINE][PARAGRAPH:2][BOLD]Background:[\BOLD][NEWLINE][TAB] d. 280 BC, king of ancient Syria. An able general of Alexander the Great, he played a leading part in the wars of the Diadochi. In the new partition of the empire in 312 BC he received Babylonia. Conquest of Susiana and Media enlarged his holdings, and he invaded NW India. Later (c.305) he yielded part of present Afghanistan to Chandragupta. Seleucus was drawn into the league against Antigonus I, and when Antigonus was defeated at Ipsus in 301 BC, Seleucus gained a large part of Asia Minor and all of Syria. Of the Macedonian generals he was the one who tried hardest to set up a kingdom following Alexander's ideas. He founded Greek colonies such as Seleucia and Antioch. He also tried to govern the subject people according to the methods of the Persian Empire. He finally won Asia Minor by defeating Lysimachus in the battle at Corupedion in Lydia in 281, an event that marked the end of the Diadochi. Seleucus was murdered before he could achieve his ambition of seizing the vacant throne of Macedonia as well. He was succeeded by Antiochus I.</German>
		<Italian>[H1]Seleucus I Nicator[\H1][NEWLINE][BOLD]Seleucid Emperor[\BOLD][NEWLINE][BOLD]Ruled: [\BOLD] 358 b.c to 281 BC[NEWLINE][PARAGRAPH:2][BOLD]Background:[\BOLD][NEWLINE][TAB] d. 280 BC, king of ancient Syria. An able general of Alexander the Great, he played a leading part in the wars of the Diadochi. In the new partition of the empire in 312 BC he received Babylonia. Conquest of Susiana and Media enlarged his holdings, and he invaded NW India. Later (c.305) he yielded part of present Afghanistan to Chandragupta. Seleucus was drawn into the league against Antigonus I, and when Antigonus was defeated at Ipsus in 301 BC, Seleucus gained a large part of Asia Minor and all of Syria. Of the Macedonian generals he was the one who tried hardest to set up a kingdom following Alexander's ideas. He founded Greek colonies such as Seleucia and Antioch. He also tried to govern the subject people according to the methods of the Persian Empire. He finally won Asia Minor by defeating Lysimachus in the battle at Corupedion in Lydia in 281, an event that marked the end of the Diadochi. Seleucus was murdered before he could achieve his ambition of seizing the vacant throne of Macedonia as well. He was succeeded by Antiochus I.</Italian>
		<Spanish>[H1]Seleucus I Nicator[\H1][NEWLINE][BOLD]Seleucid Emperor[\BOLD][NEWLINE][BOLD]Ruled: [\BOLD] 358 b.c to 281 BC[NEWLINE][PARAGRAPH:2][BOLD]Background:[\BOLD][NEWLINE][TAB] d. 280 BC, king of ancient Syria. An able general of Alexander the Great, he played a leading part in the wars of the Diadochi. In the new partition of the empire in 312 BC he received Babylonia. Conquest of Susiana and Media enlarged his holdings, and he invaded NW India. Later (c.305) he yielded part of present Afghanistan to Chandragupta. Seleucus was drawn into the league against Antigonus I, and when Antigonus was defeated at Ipsus in 301 BC, Seleucus gained a large part of Asia Minor and all of Syria. Of the Macedonian generals he was the one who tried hardest to set up a kingdom following Alexander's ideas. He founded Greek colonies such as Seleucia and Antioch. He also tried to govern the subject people according to the methods of the Persian Empire. He finally won Asia Minor by defeating Lysimachus in the battle at Corupedion in Lydia in 281, an event that marked the end of the Diadochi. Seleucus was murdered before he could achieve his ambition of seizing the vacant throne of Macedonia as well. He was succeeded by Antiochus I.</Spanish>
		<Russian>[H1]Seleucus I Nicator[\H1][NEWLINE][BOLD]Seleucid Emperor[\BOLD][NEWLINE][BOLD]Ruled: [\BOLD] 358 b.c to 281 BC[NEWLINE][PARAGRAPH:2][BOLD]Background:[\BOLD][NEWLINE][TAB] d. 280 BC, king of ancient Syria. An able general of Alexander the Great, he played a leading part in the wars of the Diadochi. In the new partition of the empire in 312 BC he received Babylonia. Conquest of Susiana and Media enlarged his holdings, and he invaded NW India. Later (c.305) he yielded part of present Afghanistan to Chandragupta. Seleucus was drawn into the league against Antigonus I, and when Antigonus was defeated at Ipsus in 301 BC, Seleucus gained a large part of Asia Minor and all of Syria. Of the Macedonian generals he was the one who tried hardest to set up a kingdom following Alexander's ideas. He founded Greek colonies such as Seleucia and Antioch. He also tried to govern the subject people according to the methods of the Persian Empire. He finally won Asia Minor by defeating Lysimachus in the battle at Corupedion in Lydia in 281, an event that marked the end of the Diadochi. Seleucus was murdered before he could achieve his ambition of seizing the vacant throne of Macedonia as well. He was succeeded by Antiochus I.</Russian>
		<Japanese>[H1]Seleucus I Nicator[\H1][NEWLINE][BOLD]Seleucid Emperor[\BOLD][NEWLINE][BOLD]Ruled: [\BOLD] 358 b.c to 281 BC[NEWLINE][PARAGRAPH:2][BOLD]Background:[\BOLD][NEWLINE][TAB] d. 280 BC, king of ancient Syria. An able general of Alexander the Great, he played a leading part in the wars of the Diadochi. In the new partition of the empire in 312 BC he received Babylonia. Conquest of Susiana and Media enlarged his holdings, and he invaded NW India. Later (c.305) he yielded part of present Afghanistan to Chandragupta. Seleucus was drawn into the league against Antigonus I, and when Antigonus was defeated at Ipsus in 301 BC, Seleucus gained a large part of Asia Minor and all of Syria. Of the Macedonian generals he was the one who tried hardest to set up a kingdom following Alexander's ideas. He founded Greek colonies such as Seleucia and Antioch. He also tried to govern the subject people according to the methods of the Persian Empire. He finally won Asia Minor by defeating Lysimachus in the battle at Corupedion in Lydia in 281, an event that marked the end of the Diadochi. Seleucus was murdered before he could achieve his ambition of seizing the vacant throne of Macedonia as well. He was succeeded by Antiochus I.</Japanese>
		<Chinese>[H1]Seleucus I Nicator[\H1][NEWLINE][BOLD]Seleucid Emperor[\BOLD][NEWLINE][BOLD]Ruled: [\BOLD] 358 b.c to 281 BC[NEWLINE][PARAGRAPH:2][BOLD]Background:[\BOLD][NEWLINE][TAB] d. 280 BC, king of ancient Syria. An able general of Alexander the Great, he played a leading part in the wars of the Diadochi. In the new partition of the empire in 312 BC he received Babylonia. Conquest of Susiana and Media enlarged his holdings, and he invaded NW India. Later (c.305) he yielded part of present Afghanistan to Chandragupta. Seleucus was drawn into the league against Antigonus I, and when Antigonus was defeated at Ipsus in 301 BC, Seleucus gained a large part of Asia Minor and all of Syria. Of the Macedonian generals he was the one who tried hardest to set up a kingdom following Alexander's ideas. He founded Greek colonies such as Seleucia and Antioch. He also tried to govern the subject people according to the methods of the Persian Empire. He finally won Asia Minor by defeating Lysimachus in the battle at Corupedion in Lydia in 281, an event that marked the end of the Diadochi. Seleucus was murdered before he could achieve his ambition of seizing the vacant throne of Macedonia as well. He was succeeded by Antiochus I.</Chinese>
	</TEXT>
	<TEXT>
		<Tag>AI_DIPLO_FIRST_CONTACT_LEADER_SELEUCUS_1</Tag>
		<English>Welcome [CT_NAME] I the god like [OUR_NAME] greet you.  Shall we live in peace or shall the warlike peoples of the [OUR_CIV_SHORT] pillage the [CT_EMPIRE]</English>
		<French>Bienvenue, [CT_NAME]. Moi, [OUR_NAME], le demi-dieu, vous salue.  Devons-nous vivre en paix ou est-ce que le peuple guerrier séleucate doit piller les [CT_EMPIRE] ?</French>
		<German>Welcome [CT_NAME] I the god like [OUR_NAME] greet you.  Shall we live in peace or shall the warlike peoples of the [OUR_CIV_SHORT] pillage the [CT_EMPIRE]</German>
		<Italian>Welcome [CT_NAME] I the god like [OUR_NAME] greet you.  Shall we live in peace or shall the warlike peoples of the [OUR_CIV_SHORT] pillage the [CT_EMPIRE]</Italian>
		<Spanish>Welcome [CT_NAME] I the god like [OUR_NAME] greet you.  Shall we live in peace or shall the warlike peoples of the [OUR_CIV_SHORT] pillage the [CT_EMPIRE]</Spanish>
		<Russian>Welcome [CT_NAME] I the god like [OUR_NAME] greet you.  Shall we live in peace or shall the warlike peoples of the [OUR_CIV_SHORT] pillage the [CT_EMPIRE]</Russian>
		<Japanese>Welcome [CT_NAME] I the god like [OUR_NAME] greet you.  Shall we live in peace or shall the warlike peoples of the [OUR_CIV_SHORT] pillage the [CT_EMPIRE]</Japanese>
		<Chinese>Welcome [CT_NAME] I the god like [OUR_NAME] greet you.  Shall we live in peace or shall the warlike peoples of the [OUR_CIV_SHORT] pillage the [CT_EMPIRE]</Chinese>
	</TEXT>
</Civ4GameText>