<?xml version="1.0" encoding="utf-8"?>
<!-- Sid Meier's Civilization 4 Beyond the Sword -->
<!-- Modified by the Civ Gold Team -->
<!-- -->
<Civ4GameText xmlns="http://www.firaxis.com">
	<TEXT>
		<Tag>TXT_KEY_CIV_CUBA_DESC</Tag>
		<English>Cuban Empire</English>
		<French>Nation cubaine</French>
		<German>Cuban Empire</German>
		<Italian>Cuban Empire</Italian>
		<Spanish>Cuban Empire</Spanish>
	</TEXT>
	<TEXT>
		<Tag>TXT_KEY_CIV_CUBA_SHORT_DESC</Tag>
		<English>Cuba</English>
		<French>Cuba</French>
		<German>Cuba</German>
		<Italian>Cuba</Italian>
		<Spanish>Cuba</Spanish>
	</TEXT>
	<TEXT>
		<Tag>TXT_KEY_CIV_CUBA_ADJECTIVE</Tag>
		<English>Cuban</English>
		<French>Cubain</French>
		<German>Cuban</German>
		<Italian>Cuban</Italian>
		<Spanish>Cuban</Spanish>
	</TEXT>
	<TEXT>
		<Tag>TXT_KEY_CIV_CUBA_PEDIA</Tag>
		<English>[TAB] Cuba is the most populous nation in the Caribbean. Its people, culture and customs draw from several sources including the aboriginal peoples, the period of Spanish colonialism, African slaves, and its proximity to the United States. The recorded history of Cuba began on 17 October 1492, when Christopher Columbus sighted the island during his first voyage and claimed it for Spain. The island had been inhabited by Native American peoples known as the Taíno and Ciboney whose ancestors had come from South America and possibly North and Central America in a complex series of migrations perhaps 6,000 to 8,000 years ago. The Spanish oppressed and enslaved the approximately 100,000 indigenous people that resisted conversion to Christianity on the island. Within a century, they had all but disappeared as a result of the combined effects of European-introduced disease, forced labor and other mistreatment. Cuba was in a Spanish possession for almost 400 years (circa 1511-1898). The economy was based on plantation agriculture and mining, the export of sugar, coffee and tobacco to Europe and later to North America.[PARAGRAPH:2]By the middle of the 18th century Havana, the capital city, had more than seventy thousand inhabitants, and was the third largest city in the Americas, ranking behind Lima and Mexico City but ahead of Boston and New York. There were regular proposals in the U.S. to buy Cuba from Spain. During the summer of 1848, President James K. Polk authorized his ambassador to Spain, Romulus Mitchell Saunders, to negotiate the purchase of Cuba and offer Spain up to $100 million, an astonishing sum of money at the time for one territory. Spain, however, refused. Trade in sugar and molasses was $18,000,000 in 1859 alone.[PARAGRAPH:2]A rebellion in 1868 led by Carlos Manuel de Céspedes, a wealthy lawyer landowner from Oriente province who freed his slaves, proclaimed a war and was named President of the Cuban Republic-in-arms, resulted in a prolonged conflict known as the Ten Years' War between pro-independence forces and the Spanish Army. In 1879-1880, Cuban patriot Calixto Garcia attempted to start another war, known in Cuban history as "la guerra chiquita" (the little war) but received little support. During the 1890s, pro-independence agitation revived, fueled by resentment of the restrictions imposed on Cuban trade by Spain and hostility to Spain's increasingly oppressive and incompetent administration of Cuba. In April 1895, a new war was declared, led by the writer and poet Jose Martí who had organized the war over a ten year period while in exile in the U.S. and proclaimed Cuba an independent republic. Martí was killed at Dos Rios shortly after landing in Cuba with the eastern expeditionary force. His death immortalized him and he has become Cuba's undisputed national hero.[PARAGRAPH:2]The Republic of Cuba gained formal independence on 20 May 1902, with the independence leader Tomás Estrada Palma becoming the country's first president. During World War 1, Cuban pilots distinguished themselves fighting for France in the Lafayette Escadrille. In 1934, after a series of coups, Batista and the army, took control of the government, and in 1940, Batista decided to run for President himself. With the support of the Communist-controlled labor unions, Batista was elected President and his administration carried out major social reforms. Several members of the Communist Party held office under his administration. Batista's administration formally took Cuba into World War II as a U.S. ally, declaring war on Japan on December 9, 1941, then on Germany and Italy on December 11, 1941; Cuba, however, did not significantly participate militarily in World War II hostilities. At the end of his term in 1944, in accordance with the constitution, Batista stepped down and Ramón Grau was elected to succeed him. Grau initiated increased government spending on health, education and housing. Grau's "Auténticos" (authentics) were bitter enemies of the Communists and Batista, which opposed most of Grau's program. Grau completed his presidential term. In 1948, Grau was succeeded by Carlos Prío Socarrás, who had been Grau's minister of labor and was particularly hated by the Communists. Corruption was believed to have increased under Prío's administration; however no accusations of corruption were ever proven, and Eduardo Chibás, leader of the Ortodoxo party to which Fidel Castro belonged, committed suicide when his allegations were not substantiated. The 1952 election was a three-way race. Roberto Agramonte of the Ortodoxos party led in all the polls, followed by Dr. Aurelio Hevia of the Auténtico party, and running a distant third was Batista, who was seeking a return to office. Both front runners, Agramonte and Hevia in their own camps, had decided to name Col. Ramon Barquin, then a diplomat in Washington, DC to head the Cuban Armed Forces after the elections. Barquin was a top officer who commanded the respect of the professional army and had promised to eliminate corruption in the ranks. Batista feared that Barquin would oust him and his followers, and when it became apparent that Batista had little chance of winning, he staged a coup on 10 March 1952.[PARAGRAPH:2]On April 4, 1956, a coup by hundreds of career officers led by Col. Barquin (then Vice Chairman of the Inter-American Defense Board in Washington and Cuban Military Attaché of Sea, Air and Land to the US) was betrayed by Rios Morejon. The coup broke the backbone of the Cuban Armed Forces. The officers were sentenced to the maximum terms allowed by Cuban Martial Law. Barquin was sentenced to solitary confinement for 8 years. "La Conspiración de los Puros" (the conspiracy of the pure) resulted in the imprisonment of the top commanding brass of the Armed Forces and the closing of the military academies. Barquin was the founder of La Escuela Superior de Guerra (Cuba's War College) and past director of La Escuela de Cadetes (Cuba's Military Academy). Without Barquin's officers the army's ability to combat the revolutionary insurgents was severely curtailed.[PARAGRAPH:2]On 2 December 1956, a party of 82 revolutionaries, led by Fidel Castro, landed in a yacht named Granma with the intention of establishing an armed resistance movement in the Sierra Maestra. The yacht had come from Mexico, where Castro had been exiled to, and where his army was strengthened with the help of Ernesto Che Guevara. By late 1958, and after staging many terrorist attacks, the rebels had succeeded in breaking out of the Sierra Maestra and launched a general insurrection, joined by hundreds of students and others fleeing Batista's crackdown on dissent in the cities. When the rebels captured Santa Clara, east of Havana, Batista fled the country to exile in Portugal and later Spain.  Then began the summary executions of "suspected" Batista collaborators and members of the opposition through the "paredones" ( firing squad "wall") that took place after show trials. Coupled with the seizure of privately-owned businesses and the rapid demise of the independent press, these atrocities raised questions about the nature of the new government. Castro, along with the hitman for hire, murderous dog, Che Guevara, executed or jailed countless innocent land and bussiness owners for the sole purpose of consolidating power and eliminating opposition. Many who had initially supported the revolution fled the country to join a rapidly growing exile community in Miami.[PARAGRAPH:2]Castro has "successfully" transformed Cuba into a third world nation. His "educational" and "social" programs have led to lawyers and doctors working as waiters and cab drivers in order to get some tourist tips. Pre-teen girls resort to prostitution and those lucky enough to have family abroad, can "resolver" (make due) better than those who don't. Hotels, beaches and hospitals, but the native Cuban would be arrested for even voicing the wish to have rights to these locations. However, there is hope among the traumatized, brain-washed population; The National Lottery - and the prize.....a one-way ticket to MIAMI.</English>
		<French>[TAB] Cuba is the most populous nation in the Caribbean. Its people, culture and customs draw from several sources including the aboriginal peoples, the period of Spanish colonialism, African slaves, and its proximity to the United States. The recorded history of Cuba began on 17 October 1492, when Christopher Columbus sighted the island during his first voyage and claimed it for Spain. The island had been inhabited by Native American peoples known as the Taíno and Ciboney whose ancestors had come from South America and possibly North and Central America in a complex series of migrations perhaps 6,000 to 8,000 years ago. The Spanish oppressed and enslaved the approximately 100,000 indigenous people that resisted conversion to Christianity on the island. Within a century, they had all but disappeared as a result of the combined effects of European-introduced disease, forced labor and other mistreatment. Cuba was in a Spanish possession for almost 400 years (circa 1511-1898). The economy was based on plantation agriculture and mining, the export of sugar, coffee and tobacco to Europe and later to North America.[PARAGRAPH:2]By the middle of the 18th century Havana, the capital city, had more than seventy thousand inhabitants, and was the third largest city in the Americas, ranking behind Lima and Mexico City but ahead of Boston and New York. There were regular proposals in the U.S. to buy Cuba from Spain. During the summer of 1848, President James K. Polk authorized his ambassador to Spain, Romulus Mitchell Saunders, to negotiate the purchase of Cuba and offer Spain up to $100 million, an astonishing sum of money at the time for one territory. Spain, however, refused. Trade in sugar and molasses was $18,000,000 in 1859 alone.[PARAGRAPH:2]A rebellion in 1868 led by Carlos Manuel de Céspedes, a wealthy lawyer landowner from Oriente province who freed his slaves, proclaimed a war and was named President of the Cuban Republic-in-arms, resulted in a prolonged conflict known as the Ten Years' War between pro-independence forces and the Spanish Army. In 1879-1880, Cuban patriot Calixto Garcia attempted to start another war, known in Cuban history as "la guerra chiquita" (the little war) but received little support. During the 1890s, pro-independence agitation revived, fueled by resentment of the restrictions imposed on Cuban trade by Spain and hostility to Spain's increasingly oppressive and incompetent administration of Cuba. In April 1895, a new war was declared, led by the writer and poet Jose Martí who had organized the war over a ten year period while in exile in the U.S. and proclaimed Cuba an independent republic. Martí was killed at Dos Rios shortly after landing in Cuba with the eastern expeditionary force. His death immortalized him and he has become Cuba's undisputed national hero.[PARAGRAPH:2]The Republic of Cuba gained formal independence on 20 May 1902, with the independence leader Tomás Estrada Palma becoming the country's first president. During World War 1, Cuban pilots distinguished themselves fighting for France in the Lafayette Escadrille. In 1934, after a series of coups, Batista and the army, took control of the government, and in 1940, Batista decided to run for President himself. With the support of the Communist-controlled labor unions, Batista was elected President and his administration carried out major social reforms. Several members of the Communist Party held office under his administration. Batista's administration formally took Cuba into World War II as a U.S. ally, declaring war on Japan on December 9, 1941, then on Germany and Italy on December 11, 1941; Cuba, however, did not significantly participate militarily in World War II hostilities. At the end of his term in 1944, in accordance with the constitution, Batista stepped down and Ramón Grau was elected to succeed him. Grau initiated increased government spending on health, education and housing. Grau's "Auténticos" (authentics) were bitter enemies of the Communists and Batista, which opposed most of Grau's program. Grau completed his presidential term. In 1948, Grau was succeeded by Carlos Prío Socarrás, who had been Grau's minister of labor and was particularly hated by the Communists. Corruption was believed to have increased under Prío's administration; however no accusations of corruption were ever proven, and Eduardo Chibás, leader of the Ortodoxo party to which Fidel Castro belonged, committed suicide when his allegations were not substantiated. The 1952 election was a three-way race. Roberto Agramonte of the Ortodoxos party led in all the polls, followed by Dr. Aurelio Hevia of the Auténtico party, and running a distant third was Batista, who was seeking a return to office. Both front runners, Agramonte and Hevia in their own camps, had decided to name Col. Ramon Barquin, then a diplomat in Washington, DC to head the Cuban Armed Forces after the elections. Barquin was a top officer who commanded the respect of the professional army and had promised to eliminate corruption in the ranks. Batista feared that Barquin would oust him and his followers, and when it became apparent that Batista had little chance of winning, he staged a coup on 10 March 1952.[PARAGRAPH:2]On April 4, 1956, a coup by hundreds of career officers led by Col. Barquin (then Vice Chairman of the Inter-American Defense Board in Washington and Cuban Military Attaché of Sea, Air and Land to the US) was betrayed by Rios Morejon. The coup broke the backbone of the Cuban Armed Forces. The officers were sentenced to the maximum terms allowed by Cuban Martial Law. Barquin was sentenced to solitary confinement for 8 years. "La Conspiración de los Puros" (the conspiracy of the pure) resulted in the imprisonment of the top commanding brass of the Armed Forces and the closing of the military academies. Barquin was the founder of La Escuela Superior de Guerra (Cuba's War College) and past director of La Escuela de Cadetes (Cuba's Military Academy). Without Barquin's officers the army's ability to combat the revolutionary insurgents was severely curtailed.[PARAGRAPH:2]On 2 December 1956, a party of 82 revolutionaries, led by Fidel Castro, landed in a yacht named Granma with the intention of establishing an armed resistance movement in the Sierra Maestra. The yacht had come from Mexico, where Castro had been exiled to, and where his army was strengthened with the help of Ernesto Che Guevara. By late 1958, and after staging many terrorist attacks, the rebels had succeeded in breaking out of the Sierra Maestra and launched a general insurrection, joined by hundreds of students and others fleeing Batista's crackdown on dissent in the cities. When the rebels captured Santa Clara, east of Havana, Batista fled the country to exile in Portugal and later Spain.  Then began the summary executions of "suspected" Batista collaborators and members of the opposition through the "paredones" ( firing squad "wall") that took place after show trials. Coupled with the seizure of privately-owned businesses and the rapid demise of the independent press, these atrocities raised questions about the nature of the new government. Castro, along with the hitman for hire, murderous dog, Che Guevara, executed or jailed countless innocent land and bussiness owners for the sole purpose of consolidating power and eliminating opposition. Many who had initially supported the revolution fled the country to join a rapidly growing exile community in Miami.[PARAGRAPH:2]Castro has "successfully" transformed Cuba into a third world nation. His "educational" and "social" programs have led to lawyers and doctors working as waiters and cab drivers in order to get some tourist tips. Pre-teen girls resort to prostitution and those lucky enough to have family abroad, can "resolver" (make due) better than those who don't. Hotels, beaches and hospitals, but the native Cuban would be arrested for even voicing the wish to have rights to these locations. However, there is hope among the traumatized, brain-washed population; The National Lottery - and the prize.....a one-way ticket to MIAMI.</French>
		<German>[TAB] Cuba is the most populous nation in the Caribbean. Its people, culture and customs draw from several sources including the aboriginal peoples, the period of Spanish colonialism, African slaves, and its proximity to the United States. The recorded history of Cuba began on 17 October 1492, when Christopher Columbus sighted the island during his first voyage and claimed it for Spain. The island had been inhabited by Native American peoples known as the Taíno and Ciboney whose ancestors had come from South America and possibly North and Central America in a complex series of migrations perhaps 6,000 to 8,000 years ago. The Spanish oppressed and enslaved the approximately 100,000 indigenous people that resisted conversion to Christianity on the island. Within a century, they had all but disappeared as a result of the combined effects of European-introduced disease, forced labor and other mistreatment. Cuba was in a Spanish possession for almost 400 years (circa 1511-1898). The economy was based on plantation agriculture and mining, the export of sugar, coffee and tobacco to Europe and later to North America.[PARAGRAPH:2]By the middle of the 18th century Havana, the capital city, had more than seventy thousand inhabitants, and was the third largest city in the Americas, ranking behind Lima and Mexico City but ahead of Boston and New York. There were regular proposals in the U.S. to buy Cuba from Spain. During the summer of 1848, President James K. Polk authorized his ambassador to Spain, Romulus Mitchell Saunders, to negotiate the purchase of Cuba and offer Spain up to $100 million, an astonishing sum of money at the time for one territory. Spain, however, refused. Trade in sugar and molasses was $18,000,000 in 1859 alone.[PARAGRAPH:2]A rebellion in 1868 led by Carlos Manuel de Céspedes, a wealthy lawyer landowner from Oriente province who freed his slaves, proclaimed a war and was named President of the Cuban Republic-in-arms, resulted in a prolonged conflict known as the Ten Years' War between pro-independence forces and the Spanish Army. In 1879-1880, Cuban patriot Calixto Garcia attempted to start another war, known in Cuban history as "la guerra chiquita" (the little war) but received little support. During the 1890s, pro-independence agitation revived, fueled by resentment of the restrictions imposed on Cuban trade by Spain and hostility to Spain's increasingly oppressive and incompetent administration of Cuba. In April 1895, a new war was declared, led by the writer and poet Jose Martí who had organized the war over a ten year period while in exile in the U.S. and proclaimed Cuba an independent republic. Martí was killed at Dos Rios shortly after landing in Cuba with the eastern expeditionary force. His death immortalized him and he has become Cuba's undisputed national hero.[PARAGRAPH:2]The Republic of Cuba gained formal independence on 20 May 1902, with the independence leader Tomás Estrada Palma becoming the country's first president. During World War 1, Cuban pilots distinguished themselves fighting for France in the Lafayette Escadrille. In 1934, after a series of coups, Batista and the army, took control of the government, and in 1940, Batista decided to run for President himself. With the support of the Communist-controlled labor unions, Batista was elected President and his administration carried out major social reforms. Several members of the Communist Party held office under his administration. Batista's administration formally took Cuba into World War II as a U.S. ally, declaring war on Japan on December 9, 1941, then on Germany and Italy on December 11, 1941; Cuba, however, did not significantly participate militarily in World War II hostilities. At the end of his term in 1944, in accordance with the constitution, Batista stepped down and Ramón Grau was elected to succeed him. Grau initiated increased government spending on health, education and housing. Grau's "Auténticos" (authentics) were bitter enemies of the Communists and Batista, which opposed most of Grau's program. Grau completed his presidential term. In 1948, Grau was succeeded by Carlos Prío Socarrás, who had been Grau's minister of labor and was particularly hated by the Communists. Corruption was believed to have increased under Prío's administration; however no accusations of corruption were ever proven, and Eduardo Chibás, leader of the Ortodoxo party to which Fidel Castro belonged, committed suicide when his allegations were not substantiated. The 1952 election was a three-way race. Roberto Agramonte of the Ortodoxos party led in all the polls, followed by Dr. Aurelio Hevia of the Auténtico party, and running a distant third was Batista, who was seeking a return to office. Both front runners, Agramonte and Hevia in their own camps, had decided to name Col. Ramon Barquin, then a diplomat in Washington, DC to head the Cuban Armed Forces after the elections. Barquin was a top officer who commanded the respect of the professional army and had promised to eliminate corruption in the ranks. Batista feared that Barquin would oust him and his followers, and when it became apparent that Batista had little chance of winning, he staged a coup on 10 March 1952.[PARAGRAPH:2]On April 4, 1956, a coup by hundreds of career officers led by Col. Barquin (then Vice Chairman of the Inter-American Defense Board in Washington and Cuban Military Attaché of Sea, Air and Land to the US) was betrayed by Rios Morejon. The coup broke the backbone of the Cuban Armed Forces. The officers were sentenced to the maximum terms allowed by Cuban Martial Law. Barquin was sentenced to solitary confinement for 8 years. "La Conspiración de los Puros" (the conspiracy of the pure) resulted in the imprisonment of the top commanding brass of the Armed Forces and the closing of the military academies. Barquin was the founder of La Escuela Superior de Guerra (Cuba's War College) and past director of La Escuela de Cadetes (Cuba's Military Academy). Without Barquin's officers the army's ability to combat the revolutionary insurgents was severely curtailed.[PARAGRAPH:2]On 2 December 1956, a party of 82 revolutionaries, led by Fidel Castro, landed in a yacht named Granma with the intention of establishing an armed resistance movement in the Sierra Maestra. The yacht had come from Mexico, where Castro had been exiled to, and where his army was strengthened with the help of Ernesto Che Guevara. By late 1958, and after staging many terrorist attacks, the rebels had succeeded in breaking out of the Sierra Maestra and launched a general insurrection, joined by hundreds of students and others fleeing Batista's crackdown on dissent in the cities. When the rebels captured Santa Clara, east of Havana, Batista fled the country to exile in Portugal and later Spain.  Then began the summary executions of "suspected" Batista collaborators and members of the opposition through the "paredones" ( firing squad "wall") that took place after show trials. Coupled with the seizure of privately-owned businesses and the rapid demise of the independent press, these atrocities raised questions about the nature of the new government. Castro, along with the hitman for hire, murderous dog, Che Guevara, executed or jailed countless innocent land and bussiness owners for the sole purpose of consolidating power and eliminating opposition. Many who had initially supported the revolution fled the country to join a rapidly growing exile community in Miami.[PARAGRAPH:2]Castro has "successfully" transformed Cuba into a third world nation. His "educational" and "social" programs have led to lawyers and doctors working as waiters and cab drivers in order to get some tourist tips. Pre-teen girls resort to prostitution and those lucky enough to have family abroad, can "resolver" (make due) better than those who don't. Hotels, beaches and hospitals, but the native Cuban would be arrested for even voicing the wish to have rights to these locations. However, there is hope among the traumatized, brain-washed population; The National Lottery - and the prize.....a one-way ticket to MIAMI.</German>
		<Italian>[TAB] Cuba is the most populous nation in the Caribbean. Its people, culture and customs draw from several sources including the aboriginal peoples, the period of Spanish colonialism, African slaves, and its proximity to the United States. The recorded history of Cuba began on 17 October 1492, when Christopher Columbus sighted the island during his first voyage and claimed it for Spain. The island had been inhabited by Native American peoples known as the Taíno and Ciboney whose ancestors had come from South America and possibly North and Central America in a complex series of migrations perhaps 6,000 to 8,000 years ago. The Spanish oppressed and enslaved the approximately 100,000 indigenous people that resisted conversion to Christianity on the island. Within a century, they had all but disappeared as a result of the combined effects of European-introduced disease, forced labor and other mistreatment. Cuba was in a Spanish possession for almost 400 years (circa 1511-1898). The economy was based on plantation agriculture and mining, the export of sugar, coffee and tobacco to Europe and later to North America.[PARAGRAPH:2]By the middle of the 18th century Havana, the capital city, had more than seventy thousand inhabitants, and was the third largest city in the Americas, ranking behind Lima and Mexico City but ahead of Boston and New York. There were regular proposals in the U.S. to buy Cuba from Spain. During the summer of 1848, President James K. Polk authorized his ambassador to Spain, Romulus Mitchell Saunders, to negotiate the purchase of Cuba and offer Spain up to $100 million, an astonishing sum of money at the time for one territory. Spain, however, refused. Trade in sugar and molasses was $18,000,000 in 1859 alone.[PARAGRAPH:2]A rebellion in 1868 led by Carlos Manuel de Céspedes, a wealthy lawyer landowner from Oriente province who freed his slaves, proclaimed a war and was named President of the Cuban Republic-in-arms, resulted in a prolonged conflict known as the Ten Years' War between pro-independence forces and the Spanish Army. In 1879-1880, Cuban patriot Calixto Garcia attempted to start another war, known in Cuban history as "la guerra chiquita" (the little war) but received little support. During the 1890s, pro-independence agitation revived, fueled by resentment of the restrictions imposed on Cuban trade by Spain and hostility to Spain's increasingly oppressive and incompetent administration of Cuba. In April 1895, a new war was declared, led by the writer and poet Jose Martí who had organized the war over a ten year period while in exile in the U.S. and proclaimed Cuba an independent republic. Martí was killed at Dos Rios shortly after landing in Cuba with the eastern expeditionary force. His death immortalized him and he has become Cuba's undisputed national hero.[PARAGRAPH:2]The Republic of Cuba gained formal independence on 20 May 1902, with the independence leader Tomás Estrada Palma becoming the country's first president. During World War 1, Cuban pilots distinguished themselves fighting for France in the Lafayette Escadrille. In 1934, after a series of coups, Batista and the army, took control of the government, and in 1940, Batista decided to run for President himself. With the support of the Communist-controlled labor unions, Batista was elected President and his administration carried out major social reforms. Several members of the Communist Party held office under his administration. Batista's administration formally took Cuba into World War II as a U.S. ally, declaring war on Japan on December 9, 1941, then on Germany and Italy on December 11, 1941; Cuba, however, did not significantly participate militarily in World War II hostilities. At the end of his term in 1944, in accordance with the constitution, Batista stepped down and Ramón Grau was elected to succeed him. Grau initiated increased government spending on health, education and housing. Grau's "Auténticos" (authentics) were bitter enemies of the Communists and Batista, which opposed most of Grau's program. Grau completed his presidential term. In 1948, Grau was succeeded by Carlos Prío Socarrás, who had been Grau's minister of labor and was particularly hated by the Communists. Corruption was believed to have increased under Prío's administration; however no accusations of corruption were ever proven, and Eduardo Chibás, leader of the Ortodoxo party to which Fidel Castro belonged, committed suicide when his allegations were not substantiated. The 1952 election was a three-way race. Roberto Agramonte of the Ortodoxos party led in all the polls, followed by Dr. Aurelio Hevia of the Auténtico party, and running a distant third was Batista, who was seeking a return to office. Both front runners, Agramonte and Hevia in their own camps, had decided to name Col. Ramon Barquin, then a diplomat in Washington, DC to head the Cuban Armed Forces after the elections. Barquin was a top officer who commanded the respect of the professional army and had promised to eliminate corruption in the ranks. Batista feared that Barquin would oust him and his followers, and when it became apparent that Batista had little chance of winning, he staged a coup on 10 March 1952.[PARAGRAPH:2]On April 4, 1956, a coup by hundreds of career officers led by Col. Barquin (then Vice Chairman of the Inter-American Defense Board in Washington and Cuban Military Attaché of Sea, Air and Land to the US) was betrayed by Rios Morejon. The coup broke the backbone of the Cuban Armed Forces. The officers were sentenced to the maximum terms allowed by Cuban Martial Law. Barquin was sentenced to solitary confinement for 8 years. "La Conspiración de los Puros" (the conspiracy of the pure) resulted in the imprisonment of the top commanding brass of the Armed Forces and the closing of the military academies. Barquin was the founder of La Escuela Superior de Guerra (Cuba's War College) and past director of La Escuela de Cadetes (Cuba's Military Academy). Without Barquin's officers the army's ability to combat the revolutionary insurgents was severely curtailed.[PARAGRAPH:2]On 2 December 1956, a party of 82 revolutionaries, led by Fidel Castro, landed in a yacht named Granma with the intention of establishing an armed resistance movement in the Sierra Maestra. The yacht had come from Mexico, where Castro had been exiled to, and where his army was strengthened with the help of Ernesto Che Guevara. By late 1958, and after staging many terrorist attacks, the rebels had succeeded in breaking out of the Sierra Maestra and launched a general insurrection, joined by hundreds of students and others fleeing Batista's crackdown on dissent in the cities. When the rebels captured Santa Clara, east of Havana, Batista fled the country to exile in Portugal and later Spain.  Then began the summary executions of "suspected" Batista collaborators and members of the opposition through the "paredones" ( firing squad "wall") that took place after show trials. Coupled with the seizure of privately-owned businesses and the rapid demise of the independent press, these atrocities raised questions about the nature of the new government. Castro, along with the hitman for hire, murderous dog, Che Guevara, executed or jailed countless innocent land and bussiness owners for the sole purpose of consolidating power and eliminating opposition. Many who had initially supported the revolution fled the country to join a rapidly growing exile community in Miami.[PARAGRAPH:2]Castro has "successfully" transformed Cuba into a third world nation. His "educational" and "social" programs have led to lawyers and doctors working as waiters and cab drivers in order to get some tourist tips. Pre-teen girls resort to prostitution and those lucky enough to have family abroad, can "resolver" (make due) better than those who don't. Hotels, beaches and hospitals, but the native Cuban would be arrested for even voicing the wish to have rights to these locations. However, there is hope among the traumatized, brain-washed population; The National Lottery - and the prize.....a one-way ticket to MIAMI.</Italian>
		<Spanish>[TAB] Cuba is the most populous nation in the Caribbean. Its people, culture and customs draw from several sources including the aboriginal peoples, the period of Spanish colonialism, African slaves, and its proximity to the United States. The recorded history of Cuba began on 17 October 1492, when Christopher Columbus sighted the island during his first voyage and claimed it for Spain. The island had been inhabited by Native American peoples known as the Taíno and Ciboney whose ancestors had come from South America and possibly North and Central America in a complex series of migrations perhaps 6,000 to 8,000 years ago. The Spanish oppressed and enslaved the approximately 100,000 indigenous people that resisted conversion to Christianity on the island. Within a century, they had all but disappeared as a result of the combined effects of European-introduced disease, forced labor and other mistreatment. Cuba was in a Spanish possession for almost 400 years (circa 1511-1898). The economy was based on plantation agriculture and mining, the export of sugar, coffee and tobacco to Europe and later to North America.[PARAGRAPH:2]By the middle of the 18th century Havana, the capital city, had more than seventy thousand inhabitants, and was the third largest city in the Americas, ranking behind Lima and Mexico City but ahead of Boston and New York. There were regular proposals in the U.S. to buy Cuba from Spain. During the summer of 1848, President James K. Polk authorized his ambassador to Spain, Romulus Mitchell Saunders, to negotiate the purchase of Cuba and offer Spain up to $100 million, an astonishing sum of money at the time for one territory. Spain, however, refused. Trade in sugar and molasses was $18,000,000 in 1859 alone.[PARAGRAPH:2]A rebellion in 1868 led by Carlos Manuel de Céspedes, a wealthy lawyer landowner from Oriente province who freed his slaves, proclaimed a war and was named President of the Cuban Republic-in-arms, resulted in a prolonged conflict known as the Ten Years' War between pro-independence forces and the Spanish Army. In 1879-1880, Cuban patriot Calixto Garcia attempted to start another war, known in Cuban history as "la guerra chiquita" (the little war) but received little support. During the 1890s, pro-independence agitation revived, fueled by resentment of the restrictions imposed on Cuban trade by Spain and hostility to Spain's increasingly oppressive and incompetent administration of Cuba. In April 1895, a new war was declared, led by the writer and poet Jose Martí who had organized the war over a ten year period while in exile in the U.S. and proclaimed Cuba an independent republic. Martí was killed at Dos Rios shortly after landing in Cuba with the eastern expeditionary force. His death immortalized him and he has become Cuba's undisputed national hero.[PARAGRAPH:2]The Republic of Cuba gained formal independence on 20 May 1902, with the independence leader Tomás Estrada Palma becoming the country's first president. During World War 1, Cuban pilots distinguished themselves fighting for France in the Lafayette Escadrille. In 1934, after a series of coups, Batista and the army, took control of the government, and in 1940, Batista decided to run for President himself. With the support of the Communist-controlled labor unions, Batista was elected President and his administration carried out major social reforms. Several members of the Communist Party held office under his administration. Batista's administration formally took Cuba into World War II as a U.S. ally, declaring war on Japan on December 9, 1941, then on Germany and Italy on December 11, 1941; Cuba, however, did not significantly participate militarily in World War II hostilities. At the end of his term in 1944, in accordance with the constitution, Batista stepped down and Ramón Grau was elected to succeed him. Grau initiated increased government spending on health, education and housing. Grau's "Auténticos" (authentics) were bitter enemies of the Communists and Batista, which opposed most of Grau's program. Grau completed his presidential term. In 1948, Grau was succeeded by Carlos Prío Socarrás, who had been Grau's minister of labor and was particularly hated by the Communists. Corruption was believed to have increased under Prío's administration; however no accusations of corruption were ever proven, and Eduardo Chibás, leader of the Ortodoxo party to which Fidel Castro belonged, committed suicide when his allegations were not substantiated. The 1952 election was a three-way race. Roberto Agramonte of the Ortodoxos party led in all the polls, followed by Dr. Aurelio Hevia of the Auténtico party, and running a distant third was Batista, who was seeking a return to office. Both front runners, Agramonte and Hevia in their own camps, had decided to name Col. Ramon Barquin, then a diplomat in Washington, DC to head the Cuban Armed Forces after the elections. Barquin was a top officer who commanded the respect of the professional army and had promised to eliminate corruption in the ranks. Batista feared that Barquin would oust him and his followers, and when it became apparent that Batista had little chance of winning, he staged a coup on 10 March 1952.[PARAGRAPH:2]On April 4, 1956, a coup by hundreds of career officers led by Col. Barquin (then Vice Chairman of the Inter-American Defense Board in Washington and Cuban Military Attaché of Sea, Air and Land to the US) was betrayed by Rios Morejon. The coup broke the backbone of the Cuban Armed Forces. The officers were sentenced to the maximum terms allowed by Cuban Martial Law. Barquin was sentenced to solitary confinement for 8 years. "La Conspiración de los Puros" (the conspiracy of the pure) resulted in the imprisonment of the top commanding brass of the Armed Forces and the closing of the military academies. Barquin was the founder of La Escuela Superior de Guerra (Cuba's War College) and past director of La Escuela de Cadetes (Cuba's Military Academy). Without Barquin's officers the army's ability to combat the revolutionary insurgents was severely curtailed.[PARAGRAPH:2]On 2 December 1956, a party of 82 revolutionaries, led by Fidel Castro, landed in a yacht named Granma with the intention of establishing an armed resistance movement in the Sierra Maestra. The yacht had come from Mexico, where Castro had been exiled to, and where his army was strengthened with the help of Ernesto Che Guevara. By late 1958, and after staging many terrorist attacks, the rebels had succeeded in breaking out of the Sierra Maestra and launched a general insurrection, joined by hundreds of students and others fleeing Batista's crackdown on dissent in the cities. When the rebels captured Santa Clara, east of Havana, Batista fled the country to exile in Portugal and later Spain.  Then began the summary executions of "suspected" Batista collaborators and members of the opposition through the "paredones" ( firing squad "wall") that took place after show trials. Coupled with the seizure of privately-owned businesses and the rapid demise of the independent press, these atrocities raised questions about the nature of the new government. Castro, along with the hitman for hire, murderous dog, Che Guevara, executed or jailed countless innocent land and bussiness owners for the sole purpose of consolidating power and eliminating opposition. Many who had initially supported the revolution fled the country to join a rapidly growing exile community in Miami.[PARAGRAPH:2]Castro has "successfully" transformed Cuba into a third world nation. His "educational" and "social" programs have led to lawyers and doctors working as waiters and cab drivers in order to get some tourist tips. Pre-teen girls resort to prostitution and those lucky enough to have family abroad, can "resolver" (make due) better than those who don't. Hotels, beaches and hospitals, but the native Cuban would be arrested for even voicing the wish to have rights to these locations. However, there is hope among the traumatized, brain-washed population; The National Lottery - and the prize.....a one-way ticket to MIAMI.</Spanish>
	</TEXT>
	<TEXT>
		<Tag>TXT_KEY_CITY_NAME_HAVANA</Tag>
		<English>Havana</English>
		<French>Havana</French>
		<German>Havana</German>
		<Italian>Havana</Italian>
		<Spanish>Havana</Spanish>
	</TEXT>
	<TEXT>
		<Tag>TXT_KEY_CITY_NAME_SANTIAGO</Tag>
		<English>Santiago</English>
		<French>Santiago</French>
		<German>Santiago</German>
		<Italian>Santiago</Italian>
		<Spanish>Santiago</Spanish>
	</TEXT>
	<TEXT>
		<Tag>TXT_KEY_CITY_NAME_PINAR_DEL_RIO</Tag>
		<English>Pinar del Rio</English>
		<French>Pinar del Rio</French>
		<German>Pinar del Rio</German>
		<Italian>Pinar del Rio</Italian>
		<Spanish>Pinar del Rio</Spanish>
	</TEXT>
	<TEXT>
		<Tag>TXT_KEY_CITY_NAME_MATANZAS</Tag>
		<English>Matanzas</English>
		<French>Matanzas</French>
		<German>Matanzas</German>
		<Italian>Matanzas</Italian>
		<Spanish>Matanzas</Spanish>
	</TEXT>
	<TEXT>
		<Tag>TXT_KEY_CITY_NAME_GUANTANAMO</Tag>
		<English>Guantanamo</English>
		<French>Guantanamo</French>
		<German>Guantanamo</German>
		<Italian>Guantanamo</Italian>
		<Spanish>Guantanamo</Spanish>
	</TEXT>
	<TEXT>
		<Tag>TXT_KEY_CITY_NAME_SANTA_CLARA</Tag>
		<English>Santa Clara</English>
		<French>Santa Clara</French>
		<German>Santa Clara</German>
		<Italian>Santa Clara</Italian>
		<Spanish>Santa Clara</Spanish>
	</TEXT>
	<TEXT>
		<Tag>TXT_KEY_CITY_NAME_CIENFUEGOS</Tag>
		<English>Cienfuegos</English>
		<French>Cienfuegos</French>
		<German>Cienfuegos</German>
		<Italian>Cienfuegos</Italian>
		<Spanish>Cienfuegos</Spanish>
	</TEXT>
	<TEXT>
		<Tag>TXT_KEY_CITY_NAME_CAMAGUEY</Tag>
		<English>Camaguey</English>
		<French>Camaguey</French>
		<German>Camaguey</German>
		<Italian>Camaguey</Italian>
		<Spanish>Camaguey</Spanish>
	</TEXT>
	<TEXT>
		<Tag>TXT_KEY_CITY_NAME_HOLGUIN</Tag>
		<English>Holguin</English>
		<French>Holguin</French>
		<German>Holguin</German>
		<Italian>Holguin</Italian>
		<Spanish>Holguin</Spanish>
	</TEXT>
	<TEXT>
		<Tag>TXT_KEY_CITY_NAME_MANZANILLO</Tag>
		<English>Manzanillo</English>
		<French>Manzanillo</French>
		<German>Manzanillo</German>
		<Italian>Manzanillo</Italian>
		<Spanish>Manzanillo</Spanish>
	</TEXT>
	<TEXT>
		<Tag>TXT_KEY_CITY_NAME_LAS_TUNAS</Tag>
		<English>Las Tunas</English>
		<French>Las Tunas</French>
		<German>Las Tunas</German>
		<Italian>Las Tunas</Italian>
		<Spanish>Las Tunas</Spanish>
	</TEXT>
	<TEXT>
		<Tag>TXT_KEY_CITY_NAME_BAYAMO</Tag>
		<English>Bayamo</English>
		<French>Bayamo</French>
		<German>Bayamo</German>
		<Italian>Bayamo</Italian>
		<Spanish>Bayamo</Spanish>
	</TEXT>
	<TEXT>
		<Tag>TXT_KEY_CITY_NAME_NUEVITAS</Tag>
		<English>Nuevitas</English>
		<French>Nuevitas</French>
		<German>Nuevitas</German>
		<Italian>Nuevitas</Italian>
		<Spanish>Nuevitas</Spanish>
	</TEXT>
	<TEXT>
		<Tag>TXT_KEY_CITY_NAME_CARDENAS</Tag>
		<English>Cardenas</English>
		<French>Cardenas</French>
		<German>Cardenas</German>
		<Italian>Cardenas</Italian>
		<Spanish>Cardenas</Spanish>
	</TEXT>
	<TEXT>
		<Tag>TXT_KEY_CITY_NAME_PALMA_SORIANO</Tag>
		<English>Palma Soriano</English>
		<French>Palma Soriano</French>
		<German>Palma Soriano</German>
		<Italian>Palma Soriano</Italian>
		<Spanish>Palma Soriano</Spanish>
	</TEXT>
	<TEXT>
		<Tag>TXT_KEY_CITY_NAME_MARIEL</Tag>
		<English>Mariel</English>
		<French>Mariel</French>
		<German>Mariel</German>
		<Italian>Mariel</Italian>
		<Spanish>Mariel</Spanish>
	</TEXT>
	<TEXT>
		<Tag>TXT_KEY_CITY_NAME_ARTEMISA</Tag>
		<English>Artemisa</English>
		<French>Artemisa</French>
		<German>Artemisa</German>
		<Italian>Artemisa</Italian>
		<Spanish>Artemisa</Spanish>
	</TEXT>
	<TEXT>
		<Tag>TXT_KEY_CITY_NAME_BARACOA</Tag>
		<English>Baracoa</English>
		<French>Baracoa</French>
		<German>Baracoa</German>
		<Italian>Baracoa</Italian>
		<Spanish>Baracoa</Spanish>
	</TEXT>
	<TEXT>
		<Tag>TXT_KEY_CITY_NAME_VARADERO</Tag>
		<English>Varadero</English>
		<French>Varadero</French>
		<German>Varadero</German>
		<Italian>Varadero</Italian>
		<Spanish>Varadero</Spanish>
	</TEXT>
	<TEXT>
		<Tag>TXT_KEY_CITY_NAME_TRINIDAD</Tag>
		<English>Trinidad</English>
		<French>Trinidad</French>
		<German>Trinidad</German>
		<Italian>Trinidad</Italian>
		<Spanish>Trinidad</Spanish>
	</TEXT>
	<TEXT>
		<Tag>TXT_KEY_CITY_NAME_GUINES</Tag>
		<English>Guines</English>
		<French>Guines</French>
		<German>Guines</German>
		<Italian>Guines</Italian>
		<Spanish>Guines</Spanish>
	</TEXT>
	<TEXT>
		<Tag>TXT_KEY_CITY_NAME_COLON</Tag>
		<English>Colon</English>
		<French>Colon</French>
		<German>Colon</German>
		<Italian>Colon</Italian>
		<Spanish>Colon</Spanish>
	</TEXT>
	<TEXT>
		<Tag>TXT_KEY_CITY_NAME_NUEVA_GERONA</Tag>
		<English>Nueva Gerona</English>
		<French>Nueva Gerona</French>
		<German>Nueva Gerona</German>
		<Italian>Nueva Gerona</Italian>
		<Spanish>Nueva Gerona</Spanish>
	</TEXT>
	<TEXT>
		<Tag>TXT_KEY_CITY_NAME_SANCTI_SPIRITUS</Tag>
		<English>Sancti Spiritus</English>
		<French>Sancti Spiritus</French>
		<German>Sancti Spiritus</German>
		<Italian>Sancti Spiritus</Italian>
		<Spanish>Sancti Spiritus</Spanish>
	</TEXT>
	<TEXT>
		<Tag>TXT_KEY_CITY_NAME_CIEGO_DE_AVILA</Tag>
		<English>Ciego de Avila</English>
		<French>Ciego de Avila</French>
		<German>Ciego de Avila</German>
		<Italian>Ciego de Avila</Italian>
		<Spanish>Ciego de Avila</Spanish>
	</TEXT>
	<TEXT>
		<Tag>TXT_KEY_CITY_NAME_LAS_PALMAS</Tag>
		<English>Las Palmas</English>
		<French>Las Palmas</French>
		<German>Las Palmas</German>
		<Italian>Las Palmas</Italian>
		<Spanish>Las Palmas</Spanish>
	</TEXT>
	<TEXT>
		<Tag>TXT_KEY_CITY_NAME_PLAYA_GIRON</Tag>
		<English>Playa Giron</English>
		<French>Playa Giron</French>
		<German>Playa Giron</German>
		<Italian>Playa Giron</Italian>
		<Spanish>Playa Giron</Spanish>
	</TEXT>
	<TEXT>
		<Tag>TXT_KEY_CITY_NAME_LA_MOSA</Tag>
		<English>La Mosa</English>
		<French>La Mosa</French>
		<German>La Mosa</German>
		<Italian>La Mosa</Italian>
		<Spanish>La Mosa</Spanish>
	</TEXT>
	<TEXT>
		<Tag>TXT_KEY_CITY_NAME_GUANABACOA</Tag>
		<English>Guanabacoa</English>
		<French>Guanabacoa</French>
		<German>Guanabacoa</German>
		<Italian>Guanabacoa</Italian>
		<Spanish>Guanabacoa</Spanish>
	</TEXT>
	<TEXT>
		<Tag>TXT_KEY_CITY_NAME_MARIANAO</Tag>
		<English>Marianao</English>
		<French>Marianao</French>
		<German>Marianao</German>
		<Italian>Marianao</Italian>
		<Spanish>Marianao</Spanish>
	</TEXT>
	<TEXT>
		<Tag>TXT_KEY_CITY_NAME_PUNTA_BRAVA</Tag>
		<English>Punta Brava</English>
		<French>Punta Brava</French>
		<German>Punta Brava</German>
		<Italian>Punta Brava</Italian>
		<Spanish>Punta Brava</Spanish>
	</TEXT>
	<TEXT>
		<Tag>TXT_KEY_CITY_NAME_ALMENDARES</Tag>
		<English>Almendares</English>
		<French>Almendares</French>
		<German>Almendares</German>
		<Italian>Almendares</Italian>
		<Spanish>Almendares</Spanish>
	</TEXT>
	<TEXT>
		<Tag>TXT_KEY_CITY_NAME_COBRE</Tag>
		<English>Cobre</English>
		<French>Cobre</French>
		<German>Cobre</German>
		<Italian>Cobre</Italian>
		<Spanish>Cobre</Spanish>
	</TEXT>
	<TEXT>
		<Tag>TXT_KEY_CITY_NAME_VEDADO</Tag>
		<English>Vedado</English>
		<French>Vedado</French>
		<German>Vedado</German>
		<Italian>Vedado</Italian>
		<Spanish>Vedado</Spanish>
	</TEXT>
	<TEXT>
		<Tag>TXT_KEY_CITY_NAME_CAYO_LARGO</Tag>
		<English>Cayo Largo</English>
		<French>Cayo Largo</French>
		<German>Cayo Largo</German>
		<Italian>Cayo Largo</Italian>
		<Spanish>Cayo Largo</Spanish>
	</TEXT>
	<TEXT>
		<Tag>TXT_KEY_CITY_NAME_CARIDAD</Tag>
		<English>Caridad</English>
		<French>Caridad</French>
		<German>Caridad</German>
		<Italian>Caridad</Italian>
		<Spanish>Caridad</Spanish>
	</TEXT>
	<TEXT>
		<Tag>TXT_KEY_CITY_NAME_CAIMITO</Tag>
		<English>Caimito</English>
		<French>Caimito</French>
		<German>Caimito</German>
		<Italian>Caimito</Italian>
		<Spanish>Caimito</Spanish>
	</TEXT>
	<TEXT>
		<Tag>TXT_KEY_CITY_NAME_MIRAMAR</Tag>
		<English>Miramar</English>
		<French>Miramar</French>
		<German>Miramar</German>
		<Italian>Miramar</Italian>
		<Spanish>Miramar</Spanish>
	</TEXT>
	<TEXT>
		<Tag>TXT_KEY_CITY_NAME_GAUNABO</Tag>
		<English>Gaunabo</English>
		<French>Gaunabo</French>
		<German>Gaunabo</German>
		<Italian>Gaunabo</Italian>
		<Spanish>Gaunabo</Spanish>
	</TEXT>
	<TEXT>
		<Tag>TXT_KEY_CITY_NAME_PASCUA</Tag>
		<English>Pascua</English>
		<French>Pascua</French>
		<German>Pascua</German>
		<Italian>Pascua</Italian>
		<Spanish>Pascua</Spanish>
	</TEXT>
	<TEXT>
		<Tag>TXT_KEY_CITY_NAME_BAUTA</Tag>
		<English>Bauta</English>
		<French>Bauta</French>
		<German>Bauta</German>
		<Italian>Bauta</Italian>
		<Spanish>Bauta</Spanish>
	</TEXT>
	<TEXT>
		<Tag>TXT_KEY_CITY_NAME_CAYO_COCO</Tag>
		<English>Cayo Coco</English>
		<French>Cayo Coco</French>
		<German>Cayo Coco</German>
		<Italian>Cayo Coco</Italian>
		<Spanish>Cayo Coco</Spanish>
	</TEXT>
	<TEXT>
		<Tag>TXT_KEY_CITY_NAME_VILLA_CLARA</Tag>
		<English>Villa Clara</English>
		<French>Villa Clara</French>
		<German>Villa Clara</German>
		<Italian>Villa Clara</Italian>
		<Spanish>Villa Clara</Spanish>
	</TEXT>
	<TEXT>
		<Tag>TXT_KEY_CITY_NAME_SAN_BERNARDO</Tag>
		<English>San Bernardo</English>
		<French>San Bernardo</French>
		<German>San Bernardo</German>
		<Italian>San Bernardo</Italian>
		<Spanish>San Bernardo</Spanish>
	</TEXT>
</Civ4GameText>
