<?xml version="1.0" encoding="ISO-8859-1"?>
<!-- Sid Meier's Civilization 4 Beyond the Sword -->
<!-- Modified by the Civ Gold Team -->
<!-- -->
<Civ4GameText xmlns="http://www.firaxis.com">
	<TEXT>
		<Tag>TXT_KEY_CIV_CONGO_DESC</Tag>
		<English>Congolese Empire</English> 
		<French>Empire congolais</French>
		<German>Congolese Empire</German>
		<Italian>Congolese Empire</Italian>
		<Spanish>Congolese Empire</Spanish>
	</TEXT>
	<TEXT>
		<Tag>TXT_KEY_CIV_CONGO_SHORT_DESC</Tag>
		<English>Congo</English>
		<French>Congo</French>
		<German>Congo</German>
		<Italian>Congo</Italian>
		<Spanish>Congo</Spanish>
	</TEXT>
	<TEXT><Tag>TXT_KEY_CIV_CONGO_PEDIA</Tag>
		<English>[TAB]The Congo Empire represents a variety of central African empires that flourished in the pre-Colonial period between 1400 and 1900.[PARAGRAPH:2]The Kingdom of Kongo (1400-1888) was an African kingdom located in west central Africa in what are now northern Angola, Cabinda, Republic of the Congo, and the western portion of the Democratic Republic of the Congo. At its greatest extent, it reached from the Atlantic Ocean in the west to the Kwango River in the east, and from the Congo River in the north to the Kwanza River in the south. The kingdom consisted of several core provinces ruled by a monarch, the Manikongo (sixteenth century spelling of 'Mwene Kongo) of the Bakongo (Kongo peoples, also known as the Essikongo), but its sphere of influence extended to the neighboring states such as Ngoyo, Kakongo, Ndongo and Matamba as well. People speaking ancient versions of Kikongo probably arrived in the region from the north as part of the larger Bantu migration. They were practicing agriculture by at least 1000 BC, and working iron by at least 400 BC, though both these dates may be pushed back by more archaeological work.[PARAGRAPH:2]The Luba Empire (1585-1889) was a pre-colonial Central African state, which arose in the marshy grasslands of the Upemba depression in what is now southern Democratic Republic of Congo. The Luba Empire was founded by King Kongolo around 1585. His nephew and immediate, Kalala Ilunga, expanded the Empire over the upper left bank territories of the Lualaba River. At its peak, the state had about a million people paying tribute to its king. The Luba Empire's success was due in large part to its development of a form of a government durable enough to withstand the disruptions of succession disputes and flexible enough to incorporate foreign leaders and governments. The Luba model of governing was so successful, it was adopted by the Lunda and spread throughout the region that is today northern Angola, northwestern Zambia, and southern Democratic Republic of Congo.[PARAGRAPH:2]The Lunda Empire or Kingdom arose in the 17th century in what is now DR Congo when Ilunga Tshibinda left the Luba kingdom of his brother and married a princess from an area to the south. Their son, Mwaant Yav or Mwata Yamvo formed the central Lunda kingdom with a population of about 175,000 and became its ruler from 1660 to 1665. His title and name was passed to his descendants and successors as rulers of the kingdom. The Lunda people were able to settle and colonialize other areas and tribes, thus extending their empire to include eastern Angola, north-western Zambia and southwest Katanga Province of DR Congo.[PARAGRAPH:2]The Kuba Kingdom (1625-1900) was a pre-colonial Central African state surrounded by the Sankuru, Lulua and Kasai rivers in the southeast of what is today the Democratic Republic of Congo (formerly Zaire). The kingdom began as a conglomeration of several chiefdoms of various tribes and ethnic groups with no real central authority. In approximately 1625, an individual from outside the area known as Shyaam a-Mbul a Ngoong-Shyaam usurped one of the area rulers and united all the chiefdoms under his leadership. The Kuba Kingdom reached its apex during the mid 19th century. Europeans first reached the area in 1884. Because of their relative isolation, the kingdom was not as affected by the slave trade as the Kongo or Ndongo kingdoms on the coast. Toward the end of the 19th century, the kingdom was invaded by the Nsapo people. The weakened Kingdom never recovered and fractured into chiefdoms once again by the time of the Belgian Protectorate.</English>
		<French>[TAB]The Congo Empire represents a variety of central African empires that flourished in the pre-Colonial period between 1400 and 1900.[PARAGRAPH:2]The Kingdom of Kongo (1400-1888) was an African kingdom located in west central Africa in what are now northern Angola, Cabinda, Republic of the Congo, and the western portion of the Democratic Republic of the Congo. At its greatest extent, it reached from the Atlantic Ocean in the west to the Kwango River in the east, and from the Congo River in the north to the Kwanza River in the south. The kingdom consisted of several core provinces ruled by a monarch, the Manikongo (sixteenth century spelling of 'Mwene Kongo) of the Bakongo (Kongo peoples, also known as the Essikongo), but its sphere of influence extended to the neighboring states such as Ngoyo, Kakongo, Ndongo and Matamba as well. People speaking ancient versions of Kikongo probably arrived in the region from the north as part of the larger Bantu migration. They were practicing agriculture by at least 1000 BC, and working iron by at least 400 BC, though both these dates may be pushed back by more archaeological work.[PARAGRAPH:2]The Luba Empire (1585-1889) was a pre-colonial Central African state, which arose in the marshy grasslands of the Upemba depression in what is now southern Democratic Republic of Congo. The Luba Empire was founded by King Kongolo around 1585. His nephew and immediate, Kalala Ilunga, expanded the Empire over the upper left bank territories of the Lualaba River. At its peak, the state had about a million people paying tribute to its king. The Luba Empire's success was due in large part to its development of a form of a government durable enough to withstand the disruptions of succession disputes and flexible enough to incorporate foreign leaders and governments. The Luba model of governing was so successful, it was adopted by the Lunda and spread throughout the region that is today northern Angola, northwestern Zambia, and southern Democratic Republic of Congo.[PARAGRAPH:2]The Lunda Empire or Kingdom arose in the 17th century in what is now DR Congo when Ilunga Tshibinda left the Luba kingdom of his brother and married a princess from an area to the south. Their son, Mwaant Yav or Mwata Yamvo formed the central Lunda kingdom with a population of about 175,000 and became its ruler from 1660 to 1665. His title and name was passed to his descendants and successors as rulers of the kingdom. The Lunda people were able to settle and colonialize other areas and tribes, thus extending their empire to include eastern Angola, north-western Zambia and southwest Katanga Province of DR Congo.[PARAGRAPH:2]The Kuba Kingdom (1625-1900) was a pre-colonial Central African state surrounded by the Sankuru, Lulua and Kasai rivers in the southeast of what is today the Democratic Republic of Congo (formerly Zaire). The kingdom began as a conglomeration of several chiefdoms of various tribes and ethnic groups with no real central authority. In approximately 1625, an individual from outside the area known as Shyaam a-Mbul a Ngoong-Shyaam usurped one of the area rulers and united all the chiefdoms under his leadership. The Kuba Kingdom reached its apex during the mid 19th century. Europeans first reached the area in 1884. Because of their relative isolation, the kingdom was not as affected by the slave trade as the Kongo or Ndongo kingdoms on the coast. Toward the end of the 19th century, the kingdom was invaded by the Nsapo people. The weakened Kingdom never recovered and fractured into chiefdoms once again by the time of the Belgian Protectorate.</French>
		<German>[TAB]The Congo Empire represents a variety of central African empires that flourished in the pre-Colonial period between 1400 and 1900.[PARAGRAPH:2]The Kingdom of Kongo (1400-1888) was an African kingdom located in west central Africa in what are now northern Angola, Cabinda, Republic of the Congo, and the western portion of the Democratic Republic of the Congo. At its greatest extent, it reached from the Atlantic Ocean in the west to the Kwango River in the east, and from the Congo River in the north to the Kwanza River in the south. The kingdom consisted of several core provinces ruled by a monarch, the Manikongo (sixteenth century spelling of 'Mwene Kongo) of the Bakongo (Kongo peoples, also known as the Essikongo), but its sphere of influence extended to the neighboring states such as Ngoyo, Kakongo, Ndongo and Matamba as well. People speaking ancient versions of Kikongo probably arrived in the region from the north as part of the larger Bantu migration. They were practicing agriculture by at least 1000 BC, and working iron by at least 400 BC, though both these dates may be pushed back by more archaeological work.[PARAGRAPH:2]The Luba Empire (1585-1889) was a pre-colonial Central African state, which arose in the marshy grasslands of the Upemba depression in what is now southern Democratic Republic of Congo. The Luba Empire was founded by King Kongolo around 1585. His nephew and immediate, Kalala Ilunga, expanded the Empire over the upper left bank territories of the Lualaba River. At its peak, the state had about a million people paying tribute to its king. The Luba Empire's success was due in large part to its development of a form of a government durable enough to withstand the disruptions of succession disputes and flexible enough to incorporate foreign leaders and governments. The Luba model of governing was so successful, it was adopted by the Lunda and spread throughout the region that is today northern Angola, northwestern Zambia, and southern Democratic Republic of Congo.[PARAGRAPH:2]The Lunda Empire or Kingdom arose in the 17th century in what is now DR Congo when Ilunga Tshibinda left the Luba kingdom of his brother and married a princess from an area to the south. Their son, Mwaant Yav or Mwata Yamvo formed the central Lunda kingdom with a population of about 175,000 and became its ruler from 1660 to 1665. His title and name was passed to his descendants and successors as rulers of the kingdom. The Lunda people were able to settle and colonialize other areas and tribes, thus extending their empire to include eastern Angola, north-western Zambia and southwest Katanga Province of DR Congo.[PARAGRAPH:2]The Kuba Kingdom (1625-1900) was a pre-colonial Central African state surrounded by the Sankuru, Lulua and Kasai rivers in the southeast of what is today the Democratic Republic of Congo (formerly Zaire). The kingdom began as a conglomeration of several chiefdoms of various tribes and ethnic groups with no real central authority. In approximately 1625, an individual from outside the area known as Shyaam a-Mbul a Ngoong-Shyaam usurped one of the area rulers and united all the chiefdoms under his leadership. The Kuba Kingdom reached its apex during the mid 19th century. Europeans first reached the area in 1884. Because of their relative isolation, the kingdom was not as affected by the slave trade as the Kongo or Ndongo kingdoms on the coast. Toward the end of the 19th century, the kingdom was invaded by the Nsapo people. The weakened Kingdom never recovered and fractured into chiefdoms once again by the time of the Belgian Protectorate.</German>
		<Italian>[TAB]The Congo Empire represents a variety of central African empires that flourished in the pre-Colonial period between 1400 and 1900.[PARAGRAPH:2]The Kingdom of Kongo (1400-1888) was an African kingdom located in west central Africa in what are now northern Angola, Cabinda, Republic of the Congo, and the western portion of the Democratic Republic of the Congo. At its greatest extent, it reached from the Atlantic Ocean in the west to the Kwango River in the east, and from the Congo River in the north to the Kwanza River in the south. The kingdom consisted of several core provinces ruled by a monarch, the Manikongo (sixteenth century spelling of 'Mwene Kongo) of the Bakongo (Kongo peoples, also known as the Essikongo), but its sphere of influence extended to the neighboring states such as Ngoyo, Kakongo, Ndongo and Matamba as well. People speaking ancient versions of Kikongo probably arrived in the region from the north as part of the larger Bantu migration. They were practicing agriculture by at least 1000 BC, and working iron by at least 400 BC, though both these dates may be pushed back by more archaeological work.[PARAGRAPH:2]The Luba Empire (1585-1889) was a pre-colonial Central African state, which arose in the marshy grasslands of the Upemba depression in what is now southern Democratic Republic of Congo. The Luba Empire was founded by King Kongolo around 1585. His nephew and immediate, Kalala Ilunga, expanded the Empire over the upper left bank territories of the Lualaba River. At its peak, the state had about a million people paying tribute to its king. The Luba Empire's success was due in large part to its development of a form of a government durable enough to withstand the disruptions of succession disputes and flexible enough to incorporate foreign leaders and governments. The Luba model of governing was so successful, it was adopted by the Lunda and spread throughout the region that is today northern Angola, northwestern Zambia, and southern Democratic Republic of Congo.[PARAGRAPH:2]The Lunda Empire or Kingdom arose in the 17th century in what is now DR Congo when Ilunga Tshibinda left the Luba kingdom of his brother and married a princess from an area to the south. Their son, Mwaant Yav or Mwata Yamvo formed the central Lunda kingdom with a population of about 175,000 and became its ruler from 1660 to 1665. His title and name was passed to his descendants and successors as rulers of the kingdom. The Lunda people were able to settle and colonialize other areas and tribes, thus extending their empire to include eastern Angola, north-western Zambia and southwest Katanga Province of DR Congo.[PARAGRAPH:2]The Kuba Kingdom (1625-1900) was a pre-colonial Central African state surrounded by the Sankuru, Lulua and Kasai rivers in the southeast of what is today the Democratic Republic of Congo (formerly Zaire). The kingdom began as a conglomeration of several chiefdoms of various tribes and ethnic groups with no real central authority. In approximately 1625, an individual from outside the area known as Shyaam a-Mbul a Ngoong-Shyaam usurped one of the area rulers and united all the chiefdoms under his leadership. The Kuba Kingdom reached its apex during the mid 19th century. Europeans first reached the area in 1884. Because of their relative isolation, the kingdom was not as affected by the slave trade as the Kongo or Ndongo kingdoms on the coast. Toward the end of the 19th century, the kingdom was invaded by the Nsapo people. The weakened Kingdom never recovered and fractured into chiefdoms once again by the time of the Belgian Protectorate.</Italian>
		<Spanish>[TAB]The Congo Empire represents a variety of central African empires that flourished in the pre-Colonial period between 1400 and 1900.[PARAGRAPH:2]The Kingdom of Kongo (1400-1888) was an African kingdom located in west central Africa in what are now northern Angola, Cabinda, Republic of the Congo, and the western portion of the Democratic Republic of the Congo. At its greatest extent, it reached from the Atlantic Ocean in the west to the Kwango River in the east, and from the Congo River in the north to the Kwanza River in the south. The kingdom consisted of several core provinces ruled by a monarch, the Manikongo (sixteenth century spelling of 'Mwene Kongo) of the Bakongo (Kongo peoples, also known as the Essikongo), but its sphere of influence extended to the neighboring states such as Ngoyo, Kakongo, Ndongo and Matamba as well. People speaking ancient versions of Kikongo probably arrived in the region from the north as part of the larger Bantu migration. They were practicing agriculture by at least 1000 BC, and working iron by at least 400 BC, though both these dates may be pushed back by more archaeological work.[PARAGRAPH:2]The Luba Empire (1585-1889) was a pre-colonial Central African state, which arose in the marshy grasslands of the Upemba depression in what is now southern Democratic Republic of Congo. The Luba Empire was founded by King Kongolo around 1585. His nephew and immediate, Kalala Ilunga, expanded the Empire over the upper left bank territories of the Lualaba River. At its peak, the state had about a million people paying tribute to its king. The Luba Empire's success was due in large part to its development of a form of a government durable enough to withstand the disruptions of succession disputes and flexible enough to incorporate foreign leaders and governments. The Luba model of governing was so successful, it was adopted by the Lunda and spread throughout the region that is today northern Angola, northwestern Zambia, and southern Democratic Republic of Congo.[PARAGRAPH:2]The Lunda Empire or Kingdom arose in the 17th century in what is now DR Congo when Ilunga Tshibinda left the Luba kingdom of his brother and married a princess from an area to the south. Their son, Mwaant Yav or Mwata Yamvo formed the central Lunda kingdom with a population of about 175,000 and became its ruler from 1660 to 1665. His title and name was passed to his descendants and successors as rulers of the kingdom. The Lunda people were able to settle and colonialize other areas and tribes, thus extending their empire to include eastern Angola, north-western Zambia and southwest Katanga Province of DR Congo.[PARAGRAPH:2]The Kuba Kingdom (1625-1900) was a pre-colonial Central African state surrounded by the Sankuru, Lulua and Kasai rivers in the southeast of what is today the Democratic Republic of Congo (formerly Zaire). The kingdom began as a conglomeration of several chiefdoms of various tribes and ethnic groups with no real central authority. In approximately 1625, an individual from outside the area known as Shyaam a-Mbul a Ngoong-Shyaam usurped one of the area rulers and united all the chiefdoms under his leadership. The Kuba Kingdom reached its apex during the mid 19th century. Europeans first reached the area in 1884. Because of their relative isolation, the kingdom was not as affected by the slave trade as the Kongo or Ndongo kingdoms on the coast. Toward the end of the 19th century, the kingdom was invaded by the Nsapo people. The weakened Kingdom never recovered and fractured into chiefdoms once again by the time of the Belgian Protectorate.</Spanish>
	</TEXT>
	<TEXT>
		<Tag>TXT_KEY_CIV_CONGO_ADJECTIVE</Tag>
		<English>Congolese</English>
		<French>Congolais</French>
		<German>Congolese</German>
		<Italian>Congolese</Italian>
		<Spanish>Congolese</Spanish>
	</TEXT>
<TEXT>
		<Tag>TXT_KEY_CITY_NAME_KINSHASA</Tag>
		<English>Kinshasa</English>
		<French>
			<Text>Kinshasa</Text>
			<Gender>Male</Gender>
			<Plural>0</Plural>
		</French>
		<German>
			<Text>Kinshasa</Text>
			<Gender>Male</Gender>
			<Plural>0</Plural>
		</German>
		<Italian>
			<Text>Kinshasa</Text>
			<Gender>Female</Gender>
			<Plural>0</Plural>
		</Italian>
		<Spanish>
			<Text>Kinshasa</Text>
			<Gender>Female</Gender>
			<Plural>0</Plural>
		</Spanish>
	</TEXT>
	<TEXT>
		<Tag>TXT_KEY_CITY_NAME_LUBUMBASHI</Tag>
		<English>Lubumbashi</English>
		<French>
			<Text>Lubumbashi</Text>
			<Gender>Male</Gender>
			<Plural>0</Plural>
		</French>
		<German>
			<Text>Lubumbashi</Text>
			<Gender>Male</Gender>
			<Plural>0</Plural>
		</German>
		<Italian>
			<Text>Lubumbashi</Text>
			<Gender>Female</Gender>
			<Plural>0</Plural>
		</Italian>
		<Spanish>
			<Text>Lubumbashi</Text>
			<Gender>Female</Gender>
			<Plural>0</Plural>
		</Spanish>
	</TEXT>
	<TEXT>
		<Tag>TXT_KEY_CITY_NAME_LUSAKA</Tag>
		<English>Lusaka</English>
		<French>
			<Text>Lusaka</Text>
			<Gender>Male</Gender>
			<Plural>0</Plural>
		</French>
		<German>
			<Text>Lusaka</Text>
			<Gender>Male</Gender>
			<Plural>0</Plural>
		</German>
		<Italian>
			<Text>Lusaka</Text>
			<Gender>Female</Gender>
			<Plural>0</Plural>
		</Italian>
		<Spanish>
			<Text>Lusaka</Text>
			<Gender>Female</Gender>
			<Plural>0</Plural>
		</Spanish>
	</TEXT>
	<TEXT>
		<Tag>TXT_KEY_CITY_NAME_LUANDA</Tag>
		<English>Luanda</English>
		<French>
			<Text>Luanda</Text>
			<Gender>Male</Gender>
			<Plural>0</Plural>
		</French>
		<German>
			<Text>Luanda</Text>
			<Gender>Male</Gender>
			<Plural>0</Plural>
		</German>
		<Italian>
			<Text>Luanda</Text>
			<Gender>Female</Gender>
			<Plural>0</Plural>
		</Italian>
		<Spanish>
			<Text>Luanda</Text>
			<Gender>Female</Gender>
			<Plural>0</Plural>
		</Spanish>
	</TEXT>
	<TEXT>
		<Tag>TXT_KEY_CITY_NAME_MBUJI_MAYI</Tag>
		<English>Mbuji Mayi</English>
		<French>
			<Text>Mbuji Mayi</Text>
			<Gender>Male</Gender>
			<Plural>0</Plural>
		</French>
		<German>
			<Text>Mbuji Mayi</Text>
			<Gender>Male</Gender>
			<Plural>0</Plural>
		</German>
		<Italian>
			<Text>Mbuji Mayi</Text>
			<Gender>Female</Gender>
			<Plural>0</Plural>
		</Italian>
		<Spanish>
			<Text>Mbuji Mayi</Text>
			<Gender>Female</Gender>
			<Plural>0</Plural>
		</Spanish>
	</TEXT>
	<TEXT>
		<Tag>TXT_KEY_CITY_NAME_BRAZZAVILLE</Tag>
		<English>Brazzaville</English>
		<French>
			<Text>Brazzaville</Text>
			<Gender>Male</Gender>
			<Plural>0</Plural>
		</French>
		<German>
			<Text>Brazzaville</Text>
			<Gender>Male</Gender>
			<Plural>0</Plural>
		</German>
		<Italian>
			<Text>Brazzaville</Text>
			<Gender>Female</Gender>
			<Plural>0</Plural>
		</Italian>
		<Spanish>
			<Text>Brazzaville</Text>
			<Gender>Female</Gender>
			<Plural>0</Plural>
		</Spanish>
	</TEXT>
	<TEXT>
		<Tag>TXT_KEY_CITY_NAME_KANANGA</Tag>
		<English>Kananga</English>
		<French>
			<Text>Kananga</Text>
			<Gender>Male</Gender>
			<Plural>0</Plural>
		</French>
		<German>
			<Text>Kananga</Text>
			<Gender>Male</Gender>
			<Plural>0</Plural>
		</German>
		<Italian>
			<Text>Kananga</Text>
			<Gender>Female</Gender>
			<Plural>0</Plural>
		</Italian>
		<Spanish>
			<Text>Kananga</Text>
			<Gender>Female</Gender>
			<Plural>0</Plural>
		</Spanish>
	</TEXT>
	<TEXT>
		<Tag>TXT_KEY_CITY_NAME_KISANGANI</Tag>
		<English>Kisangani</English>
		<French>
			<Text>Kisangani</Text>
			<Gender>Male</Gender>
			<Plural>0</Plural>
		</French>
		<German>
			<Text>Kisangani</Text>
			<Gender>Male</Gender>
			<Plural>0</Plural>
		</German>
		<Italian>
			<Text>Kisangani</Text>
			<Gender>Female</Gender>
			<Plural>0</Plural>
		</Italian>
		<Spanish>
			<Text>Kisangani</Text>
			<Gender>Female</Gender>
			<Plural>0</Plural>
		</Spanish>
	</TEXT>
	<TEXT>
		<Tag>TXT_KEY_CITY_NAME_BUKAVU</Tag>
		<English>Bukavu</English>
		<French>
			<Text>Bukavu</Text>
			<Gender>Male</Gender>
			<Plural>0</Plural>
		</French>
		<German>
			<Text>Bukavu</Text>
			<Gender>Male</Gender>
			<Plural>0</Plural>
		</German>
		<Italian>
			<Text>Bukavu</Text>
			<Gender>Female</Gender>
			<Plural>0</Plural>
		</Italian>
		<Spanish>
			<Text>Bukavu</Text>
			<Gender>Female</Gender>
			<Plural>0</Plural>
		</Spanish>
	</TEXT>
	<TEXT>
		<Tag>TXT_KEY_CITY_NAME_KOLWEZI</Tag>
		<English>Kolwezi</English>
		<French>
			<Text>Kolwezi</Text>
			<Gender>Male</Gender>
			<Plural>0</Plural>
		</French>
		<German>
			<Text>Kolwezi</Text>
			<Gender>Male</Gender>
			<Plural>0</Plural>
		</German>
		<Italian>
			<Text>Kolwezi</Text>
			<Gender>Female</Gender>
			<Plural>0</Plural>
		</Italian>
		<Spanish>
			<Text>Kolwezi</Text>
			<Gender>Female</Gender>
			<Plural>0</Plural>
		</Spanish>
	</TEXT>
	<TEXT>
		<Tag>TXT_KEY_CITY_NAME_NDOLA</Tag>
		<English>Ndola</English>
		<French>
			<Text>Ndola</Text>
			<Gender>Male</Gender>
			<Plural>0</Plural>
		</French>
		<German>
			<Text>Ndola</Text>
			<Gender>Male</Gender>
			<Plural>0</Plural>
		</German>
		<Italian>
			<Text>Ndola</Text>
			<Gender>Female</Gender>
			<Plural>0</Plural>
		</Italian>
		<Spanish>
			<Text>Ndola</Text>
			<Gender>Female</Gender>
			<Plural>0</Plural>
		</Spanish>
	</TEXT>
	<TEXT>
		<Tag>TXT_KEY_CITY_NAME_KITWE</Tag>
		<English>Kitwe</English>
		<French>
			<Text>Kitwe</Text>
			<Gender>Male</Gender>
			<Plural>0</Plural>
		</French>
		<German>
			<Text>Kitwe</Text>
			<Gender>Male</Gender>
			<Plural>0</Plural>
		</German>
		<Italian>
			<Text>Kitwe</Text>
			<Gender>Female</Gender>
			<Plural>0</Plural>
		</Italian>
		<Spanish>
			<Text>Kitwe</Text>
			<Gender>Female</Gender>
			<Plural>0</Plural>
		</Spanish>
	</TEXT>
	<TEXT>
		<Tag>TXT_KEY_CITY_NAME_HUAMBO</Tag>
		<English>Huambo</English>
		<French>
			<Text>Huambo</Text>
			<Gender>Male</Gender>
			<Plural>0</Plural>
		</French>
		<German>
			<Text>Huambo</Text>
			<Gender>Male</Gender>
			<Plural>0</Plural>
		</German>
		<Italian>
			<Text>Huambo</Text>
			<Gender>Female</Gender>
			<Plural>0</Plural>
		</Italian>
		<Spanish>
			<Text>Huambo</Text>
			<Gender>Female</Gender>
			<Plural>0</Plural>
		</Spanish>
	</TEXT>
	<TEXT>
		<Tag>TXT_KEY_CITY_NAME_POINTE_NOIRE</Tag>
		<English>Pointe Noire</English>
		<French>
			<Text>Pointe Noire</Text>
			<Gender>Male</Gender>
			<Plural>0</Plural>
		</French>
		<German>
			<Text>Pointe Noire</Text>
			<Gender>Male</Gender>
			<Plural>0</Plural>
		</German>
		<Italian>
			<Text>Pointe Noire</Text>
			<Gender>Female</Gender>
			<Plural>0</Plural>
		</Italian>
		<Spanish>
			<Text>Pointe Noire</Text>
			<Gender>Female</Gender>
			<Plural>0</Plural>
		</Spanish>
	</TEXT>
	<TEXT>
		<Tag>TXT_KEY_CITY_NAME_LIKASI</Tag>
		<English>Likasi</English>
		<French>
			<Text>Likasi</Text>
			<Gender>Male</Gender>
			<Plural>0</Plural>
		</French>
		<German>
			<Text>Likasi</Text>
			<Gender>Male</Gender>
			<Plural>0</Plural>
		</German>
		<Italian>
			<Text>Likasi</Text>
			<Gender>Female</Gender>
			<Plural>0</Plural>
		</Italian>
		<Spanish>
			<Text>Likasi</Text>
			<Gender>Female</Gender>
			<Plural>0</Plural>
		</Spanish>
	</TEXT>
	<TEXT>
		<Tag>TXT_KEY_CITY_NAME_TSHIKAPA</Tag>
		<English>Tshikapa</English>
		<French>
			<Text>Tshikapa</Text>
			<Gender>Male</Gender>
			<Plural>0</Plural>
		</French>
		<German>
			<Text>Tshikapa</Text>
			<Gender>Male</Gender>
			<Plural>0</Plural>
		</German>
		<Italian>
			<Text>Tshikapa</Text>
			<Gender>Female</Gender>
			<Plural>0</Plural>
		</Italian>
		<Spanish>
			<Text>Tshikapa</Text>
			<Gender>Female</Gender>
			<Plural>0</Plural>
		</Spanish>
	</TEXT>
	<TEXT>
		<Tag>TXT_KEY_CITY_NAME_KIKWIT</Tag>
		<English>Kikwit</English>
		<French>
			<Text>Kikwit</Text>
			<Gender>Male</Gender>
			<Plural>0</Plural>
		</French>
		<German>
			<Text>Kikwit</Text>
			<Gender>Male</Gender>
			<Plural>0</Plural>
		</German>
		<Italian>
			<Text>Kikwit</Text>
			<Gender>Female</Gender>
			<Plural>0</Plural>
		</Italian>
		<Spanish>
			<Text>Kikwit</Text>
			<Gender>Female</Gender>
			<Plural>0</Plural>
		</Spanish>
	</TEXT>
	<TEXT>
		<Tag>TXT_KEY_CITY_NAME_BENGUELA</Tag>
		<English>Benguela</English>
		<French>
			<Text>Benguela</Text>
			<Gender>Male</Gender>
			<Plural>0</Plural>
		</French>
		<German>
			<Text>Benguela</Text>
			<Gender>Male</Gender>
			<Plural>0</Plural>
		</German>
		<Italian>
			<Text>Benguela</Text>
			<Gender>Female</Gender>
			<Plural>0</Plural>
		</Italian>
		<Spanish>
			<Text>Benguela</Text>
			<Gender>Female</Gender>
			<Plural>0</Plural>
		</Spanish>
	</TEXT>
	<TEXT>
		<Tag>TXT_KEY_CITY_NAME_KABWE</Tag>
		<English>Kabwe</English>
		<French>
			<Text>Kabwe</Text>
			<Gender>Male</Gender>
			<Plural>0</Plural>
		</French>
		<German>
			<Text>Kabwe</Text>
			<Gender>Male</Gender>
			<Plural>0</Plural>
		</German>
		<Italian>
			<Text>Kabwe</Text>
			<Gender>Female</Gender>
			<Plural>0</Plural>
		</Italian>
		<Spanish>
			<Text>Kabwe</Text>
			<Gender>Female</Gender>
			<Plural>0</Plural>
		</Spanish>
	</TEXT>
	<TEXT>
		<Tag>TXT_KEY_CITY_NAME_LOUBOMO</Tag>
		<English>Loubomo</English>
		<French>
			<Text>Loubomo</Text>
			<Gender>Male</Gender>
			<Plural>0</Plural>
		</French>
		<German>
			<Text>Loubomo</Text>
			<Gender>Male</Gender>
			<Plural>0</Plural>
		</German>
		<Italian>
			<Text>Loubomo</Text>
			<Gender>Female</Gender>
			<Plural>0</Plural>
		</Italian>
		<Spanish>
			<Text>Loubomo</Text>
			<Gender>Female</Gender>
			<Plural>0</Plural>
		</Spanish>
	</TEXT>
	<TEXT>
		<Tag>TXT_KEY_CITY_NAME_MBANDAKA</Tag>
		<English>Mbandaka</English>
		<French>
			<Text>Mbandaka</Text>
			<Gender>Male</Gender>
			<Plural>0</Plural>
		</French>
		<German>
			<Text>Mbandaka</Text>
			<Gender>Male</Gender>
			<Plural>0</Plural>
		</German>
		<Italian>
			<Text>Mbandaka</Text>
			<Gender>Female</Gender>
			<Plural>0</Plural>
		</Italian>
		<Spanish>
			<Text>Mbandaka</Text>
			<Gender>Female</Gender>
			<Plural>0</Plural>
		</Spanish>
	</TEXT>
	<TEXT>
		<Tag>TXT_KEY_CITY_NAME_GOMA</Tag>
		<English>Goma</English>
		<French>
			<Text>Goma</Text>
			<Gender>Male</Gender>
			<Plural>0</Plural>
		</French>
		<German>
			<Text>Goma</Text>
			<Gender>Male</Gender>
			<Plural>0</Plural>
		</German>
		<Italian>
			<Text>Goma</Text>
			<Gender>Female</Gender>
			<Plural>0</Plural>
		</Italian>
		<Spanish>
			<Text>Goma</Text>
			<Gender>Female</Gender>
			<Plural>0</Plural>
		</Spanish>
	</TEXT>
	<TEXT>
		<Tag>TXT_KEY_CITY_NAME_MATADI</Tag>
		<English>Matadi</English>
		<French>
			<Text>Matadi</Text>
			<Gender>Male</Gender>
			<Plural>0</Plural>
		</French>
		<German>
			<Text>Matadi</Text>
			<Gender>Male</Gender>
			<Plural>0</Plural>
		</German>
		<Italian>
			<Text>Matadi</Text>
			<Gender>Female</Gender>
			<Plural>0</Plural>
		</Italian>
		<Spanish>
			<Text>Matadi</Text>
			<Gender>Female</Gender>
			<Plural>0</Plural>
		</Spanish>
	</TEXT>
	<TEXT>
		<Tag>TXT_KEY_CITY_NAME_ULVIRA</Tag>
		<English>Ulvira</English>
		<French>
			<Text>Ulvira</Text>
			<Gender>Male</Gender>
			<Plural>0</Plural>
		</French>
		<German>
			<Text>Ulvira</Text>
			<Gender>Male</Gender>
			<Plural>0</Plural>
		</German>
		<Italian>
			<Text>Ulvira</Text>
			<Gender>Female</Gender>
			<Plural>0</Plural>
		</Italian>
		<Spanish>
			<Text>Ulvira</Text>
			<Gender>Female</Gender>
			<Plural>0</Plural>
		</Spanish>
	</TEXT>
	<TEXT>
		<Tag>TXT_KEY_CITY_NAME_BUNIA</Tag>
		<English>Bunia</English>
		<French>
			<Text>Bunia</Text>
			<Gender>Male</Gender>
			<Plural>0</Plural>
		</French>
		<German>
			<Text>Bunia</Text>
			<Gender>Male</Gender>
			<Plural>0</Plural>
		</German>
		<Italian>
			<Text>Bunia</Text>
			<Gender>Female</Gender>
			<Plural>0</Plural>
		</Italian>
		<Spanish>
			<Text>Bunia</Text>
			<Gender>Female</Gender>
			<Plural>0</Plural>
		</Spanish>
	</TEXT>
	<TEXT>
		<Tag>TXT_KEY_CITY_NAME_LOBITO</Tag>
		<English>Lobito</English>
		<French>
			<Text>Lobito</Text>
			<Gender>Male</Gender>
			<Plural>0</Plural>
		</French>
		<German>
			<Text>Lobito</Text>
			<Gender>Male</Gender>
			<Plural>0</Plural>
		</German>
		<Italian>
			<Text>Lobito</Text>
			<Gender>Female</Gender>
			<Plural>0</Plural>
		</Italian>
		<Spanish>
			<Text>Lobito</Text>
			<Gender>Female</Gender>
			<Plural>0</Plural>
		</Spanish>
	</TEXT>
	<TEXT>
		<Tag>TXT_KEY_CITY_NAME_BOMA</Tag>
		<English>Boma</English>
		<French>
			<Text>Boma</Text>
			<Gender>Male</Gender>
			<Plural>0</Plural>
		</French>
		<German>
			<Text>Boma</Text>
			<Gender>Male</Gender>
			<Plural>0</Plural>
		</German>
		<Italian>
			<Text>Boma</Text>
			<Gender>Female</Gender>
			<Plural>0</Plural>
		</Italian>
		<Spanish>
			<Text>Boma</Text>
			<Gender>Female</Gender>
			<Plural>0</Plural>
		</Spanish>
	</TEXT>
	<TEXT>
		<Tag>TXT_KEY_CITY_NAME_MWENE_DITU</Tag>
		<English>Mwene Ditu</English>
		<French>
			<Text>Mwene Ditu</Text>
			<Gender>Male</Gender>
			<Plural>0</Plural>
		</French>
		<German>
			<Text>Mwene Ditu</Text>
			<Gender>Male</Gender>
			<Plural>0</Plural>
		</German>
		<Italian>
			<Text>Mwene Ditu</Text>
			<Gender>Female</Gender>
			<Plural>0</Plural>
		</Italian>
		<Spanish>
			<Text>Mwene Ditu</Text>
			<Gender>Female</Gender>
			<Plural>0</Plural>
		</Spanish>
	</TEXT>
	<TEXT>
		<Tag>TXT_KEY_CITY_NAME_BUTEMBO</Tag>
		<English>Butembo</English>
		<French>
			<Text>Butembo</Text>
			<Gender>Male</Gender>
			<Plural>0</Plural>
		</French>
		<German>
			<Text>Butembo</Text>
			<Gender>Male</Gender>
			<Plural>0</Plural>
		</German>
		<Italian>
			<Text>Butembo</Text>
			<Gender>Female</Gender>
			<Plural>0</Plural>
		</Italian>
		<Spanish>
			<Text>Butembo</Text>
			<Gender>Female</Gender>
			<Plural>0</Plural>
		</Spanish>
	</TEXT>
	<TEXT>
		<Tag>TXT_KEY_CITY_NAME_ISIRO</Tag>
		<English>Isiro</English>
		<French>
			<Text>Isiro</Text>
			<Gender>Male</Gender>
			<Plural>0</Plural>
		</French>
		<German>
			<Text>Isiro</Text>
			<Gender>Male</Gender>
			<Plural>0</Plural>
		</German>
		<Italian>
			<Text>Isiro</Text>
			<Gender>Female</Gender>
			<Plural>0</Plural>
		</Italian>
		<Spanish>
			<Text>Isiro</Text>
			<Gender>Female</Gender>
			<Plural>0</Plural>
		</Spanish>
	</TEXT>
	<TEXT>
		<Tag>TXT_KEY_CITY_NAME_KINDU</Tag>
		<English>Kindu</English>
		<French>
			<Text>Kindu</Text>
			<Gender>Male</Gender>
			<Plural>0</Plural>
		</French>
		<German>
			<Text>Kindu</Text>
			<Gender>Male</Gender>
			<Plural>0</Plural>
		</German>
		<Italian>
			<Text>Kindu</Text>
			<Gender>Female</Gender>
			<Plural>0</Plural>
		</Italian>
		<Spanish>
			<Text>Kindu</Text>
			<Gender>Female</Gender>
			<Plural>0</Plural>
		</Spanish>
	</TEXT>
	<TEXT>
		<Tag>TXT_KEY_CITY_NAME_KABINDA</Tag>
		<English>Kabinda</English>
		<French>
			<Text>Kabinda</Text>
			<Gender>Male</Gender>
			<Plural>0</Plural>
		</French>
		<German>
			<Text>Kabinda</Text>
			<Gender>Male</Gender>
			<Plural>0</Plural>
		</German>
		<Italian>
			<Text>Kabinda</Text>
			<Gender>Female</Gender>
			<Plural>0</Plural>
		</Italian>
		<Spanish>
			<Text>Kabinda</Text>
			<Gender>Female</Gender>
			<Plural>0</Plural>
		</Spanish>
	</TEXT>
	<TEXT>
		<Tag>TXT_KEY_CITY_NAME_GANDAJIKA</Tag>
		<English>Gandajika</English>
		<French>
			<Text>Gandajika</Text>
			<Gender>Male</Gender>
			<Plural>0</Plural>
		</French>
		<German>
			<Text>Gandajika</Text>
			<Gender>Male</Gender>
			<Plural>0</Plural>
		</German>
		<Italian>
			<Text>Gandajika</Text>
			<Gender>Female</Gender>
			<Plural>0</Plural>
		</Italian>
		<Spanish>
			<Text>Gandajika</Text>
			<Gender>Female</Gender>
			<Plural>0</Plural>
		</Spanish>
	</TEXT>
</Civ4GameText>