<?xml version="1.0" encoding="ISO-8859-1"?>
<!-- Sid Meier's Civilization 4 Beyond the Sword -->
<!-- Modified by the Civ Gold Team -->
<!-- -->
<Civ4GameText xmlns="http://www.firaxis.com">
	<TEXT>
		<Tag>TXT_KEY_BUILDING_KANEMBORNU_OASIS</Tag>
		<English>Oasis</English>
		<French>Oasis</French>
		<German>Oasis</German>
		<Italian>Oasis</Italian>
		<Spanish>Oasis</Spanish>
	</TEXT>
	<TEXT>
		<Tag>TXT_KEY_BUILDING_KANEMBORNU_OASIS_STRATEGY</Tag>
		<English>An [COLOR_BUILDING_TEXT]Oasis[COLOR_REVERT] (the Kanem-Bornu replacement for the [COLOR_BUILDING_TEXT]Bank[COLOR_REVERT]) increases a city's Health.</English>
		<French>L'[COLOR_BUILDING_TEXT]oasis[COLOR_REVERT] (�quivalent kanembou de la [COLOR_BUILDING_TEXT]banque[COLOR_REVERT]) augmente la sant� des villes.</French>
		<German>An [COLOR_BUILDING_TEXT]Oasis[COLOR_REVERT] (the Kanem-Bornu replacement for the [COLOR_BUILDING_TEXT]Bank[COLOR_REVERT]) increases a city's Health.</German>
		<Italian>An [COLOR_BUILDING_TEXT]Oasis[COLOR_REVERT] (the Kanem-Bornu replacement for the [COLOR_BUILDING_TEXT]Bank[COLOR_REVERT]) increases a city's Health.</Italian>
		<Spanish>An [COLOR_BUILDING_TEXT]Oasis[COLOR_REVERT] (the Kanem-Bornu replacement for the [COLOR_BUILDING_TEXT]Bank[COLOR_REVERT]) increases a city's Health.</Spanish>
	</TEXT>
	<TEXT>
		<Tag>TXT_KEY_BUILDING_KANEMBORNU_OASIS_PEDIA</Tag>
		<English>[TAB]Kanem-Bornu under Aluma was strong and wealthy. Government revenue came from tribute (or booty, if the recalcitrant people had to be conquered), sales of slaves, and duties on and participation in trans-Saharan trade. Unlike West Africa, the Chadian region did not have gold. Still, it was central to one of the most convenient trans-Saharan routes. Between Lake Chad and Fezzan lay a sequence of well-spaced wells and oases, and from Fezzan there were easy connections to North Africa and the Mediterranean Sea. Many products were sent north, including natron (sodium carbonate), cotton, kola nuts, ivory, ostrich feathers, perfume, wax, and hides, but the most important of all were slaves. Imports included salt, horses, silks, glass, muskets, and copper.</English>
		<French>[TAB]Kanem-Bornu under Aluma was strong and wealthy. Government revenue came from tribute (or booty, if the recalcitrant people had to be conquered), sales of slaves, and duties on and participation in trans-Saharan trade. Unlike West Africa, the Chadian region did not have gold. Still, it was central to one of the most convenient trans-Saharan routes. Between Lake Chad and Fezzan lay a sequence of well-spaced wells and oases, and from Fezzan there were easy connections to North Africa and the Mediterranean Sea. Many products were sent north, including natron (sodium carbonate), cotton, kola nuts, ivory, ostrich feathers, perfume, wax, and hides, but the most important of all were slaves. Imports included salt, horses, silks, glass, muskets, and copper.</French>
		<German>[TAB]Kanem-Bornu under Aluma was strong and wealthy. Government revenue came from tribute (or booty, if the recalcitrant people had to be conquered), sales of slaves, and duties on and participation in trans-Saharan trade. Unlike West Africa, the Chadian region did not have gold. Still, it was central to one of the most convenient trans-Saharan routes. Between Lake Chad and Fezzan lay a sequence of well-spaced wells and oases, and from Fezzan there were easy connections to North Africa and the Mediterranean Sea. Many products were sent north, including natron (sodium carbonate), cotton, kola nuts, ivory, ostrich feathers, perfume, wax, and hides, but the most important of all were slaves. Imports included salt, horses, silks, glass, muskets, and copper.</German>
		<Italian>[TAB]Kanem-Bornu under Aluma was strong and wealthy. Government revenue came from tribute (or booty, if the recalcitrant people had to be conquered), sales of slaves, and duties on and participation in trans-Saharan trade. Unlike West Africa, the Chadian region did not have gold. Still, it was central to one of the most convenient trans-Saharan routes. Between Lake Chad and Fezzan lay a sequence of well-spaced wells and oases, and from Fezzan there were easy connections to North Africa and the Mediterranean Sea. Many products were sent north, including natron (sodium carbonate), cotton, kola nuts, ivory, ostrich feathers, perfume, wax, and hides, but the most important of all were slaves. Imports included salt, horses, silks, glass, muskets, and copper.</Italian>
		<Spanish>[TAB]Kanem-Bornu under Aluma was strong and wealthy. Government revenue came from tribute (or booty, if the recalcitrant people had to be conquered), sales of slaves, and duties on and participation in trans-Saharan trade. Unlike West Africa, the Chadian region did not have gold. Still, it was central to one of the most convenient trans-Saharan routes. Between Lake Chad and Fezzan lay a sequence of well-spaced wells and oases, and from Fezzan there were easy connections to North Africa and the Mediterranean Sea. Many products were sent north, including natron (sodium carbonate), cotton, kola nuts, ivory, ostrich feathers, perfume, wax, and hides, but the most important of all were slaves. Imports included salt, horses, silks, glass, muskets, and copper.</Spanish>
	</TEXT>
</Civ4GameText>
