<?xml version="1.0" encoding="ISO-8859-1"?>
<!-- Sid Meier's Civilization 4 Beyond the Sword -->
<!-- Modified by the Civ Gold Team -->
<!-- -->
<Civ4GameText xmlns="http://www.firaxis.com">
	<TEXT>
		<Tag>TXT_KEY_LEADER_GARIBALDI</Tag>
		<English>Garibaldi</English>
		<French>Garibaldi</French>
		<German>Garibaldi</German>
		<Italian>Garibaldi</Italian>
		<Spanish>Garibaldi</Spanish>
	</TEXT>
	<TEXT>
		<Tag>TXT_KEY_LEADER_GARIBALDI_PEDIA</Tag>
		<English>[H1]Giuseppe Garibaldi[\H1][NEWLINE][BOLD]Italian Revolutionary [\BOLD][NEWLINE][BOLD]Lived: [\BOLD]1807- 1882[NEWLINE][PARAGRAPH:2][BOLD]Background:[\BOLD][NEWLINE][TAB]The Italian soldier Giuseppe Garibaldi was the key military figure in the creation of the kingdom of Italy. An unflagging foe of all tyranny, he devoted his life to fighting oppression.[PARAGRAPH:1]For the greater part of his life most of the native land of Giuseppe Garibaldi was under the control of foreigners. In the north Lombardy was held by Austria, and to the south of the States of the Church the kingdom of Naples was in the hands of the stagnant feudal regime of the Bourbons. Garibaldi was the embodiment of the Italian brand of 19th-century nationalism, which was impelled by the twin desires for unity and freedom.[PARAGRAPH:1]An Italian patriot, Garibaldi began life as a sailor. He associated himself enthusiastically with Mazzini for the liberation of his country, but being convicted of conspiracy, fled to South America where, as both a privateer and a soldier, he gave his services to the young republics struggling there for life. Returning to Europe, Garibaldi took part in the defense of Rome against France. Being defeated, he fled to New York to return to the Isle of Caprera, biding his time. He joined the Piedmontese against Austria and, in 1860, set himself to assist in the overthrow of the Kingdom of Naples and the union of Italy under Victor Emmanuel. Landing in Calabria, Garibaldi entered Naples and drove the royal forces before him without striking a blow, after which he returned to his retreat at Caprera, ready still to draw sword, and occasionally offering it again in the cause of republicanism. Garibaldi died in 1882.</English>
		<French>[H1]Giuseppe Garibaldi[\H1][NEWLINE][BOLD]Italian Revolutionary [\BOLD][NEWLINE][BOLD]Lived: [\BOLD]1807- 1882[NEWLINE][PARAGRAPH:2][BOLD]Background:[\BOLD][NEWLINE][TAB]The Italian soldier Giuseppe Garibaldi was the key military figure in the creation of the kingdom of Italy. An unflagging foe of all tyranny, he devoted his life to fighting oppression.[PARAGRAPH:1]For the greater part of his life most of the native land of Giuseppe Garibaldi was under the control of foreigners. In the north Lombardy was held by Austria, and to the south of the States of the Church the kingdom of Naples was in the hands of the stagnant feudal regime of the Bourbons. Garibaldi was the embodiment of the Italian brand of 19th-century nationalism, which was impelled by the twin desires for unity and freedom.[PARAGRAPH:1]An Italian patriot, Garibaldi began life as a sailor. He associated himself enthusiastically with Mazzini for the liberation of his country, but being convicted of conspiracy, fled to South America where, as both a privateer and a soldier, he gave his services to the young republics struggling there for life. Returning to Europe, Garibaldi took part in the defense of Rome against France. Being defeated, he fled to New York to return to the Isle of Caprera, biding his time. He joined the Piedmontese against Austria and, in 1860, set himself to assist in the overthrow of the Kingdom of Naples and the union of Italy under Victor Emmanuel. Landing in Calabria, Garibaldi entered Naples and drove the royal forces before him without striking a blow, after which he returned to his retreat at Caprera, ready still to draw sword, and occasionally offering it again in the cause of republicanism. Garibaldi died in 1882.</French>
		<German>[H1]Giuseppe Garibaldi[\H1][NEWLINE][BOLD]Italian Revolutionary [\BOLD][NEWLINE][BOLD]Lived: [\BOLD]1807- 1882[NEWLINE][PARAGRAPH:2][BOLD]Background:[\BOLD][NEWLINE][TAB]The Italian soldier Giuseppe Garibaldi was the key military figure in the creation of the kingdom of Italy. An unflagging foe of all tyranny, he devoted his life to fighting oppression.[PARAGRAPH:1]For the greater part of his life most of the native land of Giuseppe Garibaldi was under the control of foreigners. In the north Lombardy was held by Austria, and to the south of the States of the Church the kingdom of Naples was in the hands of the stagnant feudal regime of the Bourbons. Garibaldi was the embodiment of the Italian brand of 19th-century nationalism, which was impelled by the twin desires for unity and freedom.[PARAGRAPH:1]An Italian patriot, Garibaldi began life as a sailor. He associated himself enthusiastically with Mazzini for the liberation of his country, but being convicted of conspiracy, fled to South America where, as both a privateer and a soldier, he gave his services to the young republics struggling there for life. Returning to Europe, Garibaldi took part in the defense of Rome against France. Being defeated, he fled to New York to return to the Isle of Caprera, biding his time. He joined the Piedmontese against Austria and, in 1860, set himself to assist in the overthrow of the Kingdom of Naples and the union of Italy under Victor Emmanuel. Landing in Calabria, Garibaldi entered Naples and drove the royal forces before him without striking a blow, after which he returned to his retreat at Caprera, ready still to draw sword, and occasionally offering it again in the cause of republicanism. Garibaldi died in 1882.</German>
		<Italian>[H1]Giuseppe Garibaldi[\H1][NEWLINE][BOLD]Italian Revolutionary [\BOLD][NEWLINE][BOLD]Lived: [\BOLD]1807- 1882[NEWLINE][PARAGRAPH:2][BOLD]Background:[\BOLD][NEWLINE][TAB]The Italian soldier Giuseppe Garibaldi was the key military figure in the creation of the kingdom of Italy. An unflagging foe of all tyranny, he devoted his life to fighting oppression.[PARAGRAPH:1]For the greater part of his life most of the native land of Giuseppe Garibaldi was under the control of foreigners. In the north Lombardy was held by Austria, and to the south of the States of the Church the kingdom of Naples was in the hands of the stagnant feudal regime of the Bourbons. Garibaldi was the embodiment of the Italian brand of 19th-century nationalism, which was impelled by the twin desires for unity and freedom.[PARAGRAPH:1]An Italian patriot, Garibaldi began life as a sailor. He associated himself enthusiastically with Mazzini for the liberation of his country, but being convicted of conspiracy, fled to South America where, as both a privateer and a soldier, he gave his services to the young republics struggling there for life. Returning to Europe, Garibaldi took part in the defense of Rome against France. Being defeated, he fled to New York to return to the Isle of Caprera, biding his time. He joined the Piedmontese against Austria and, in 1860, set himself to assist in the overthrow of the Kingdom of Naples and the union of Italy under Victor Emmanuel. Landing in Calabria, Garibaldi entered Naples and drove the royal forces before him without striking a blow, after which he returned to his retreat at Caprera, ready still to draw sword, and occasionally offering it again in the cause of republicanism. Garibaldi died in 1882.</Italian>
		<Spanish>[H1]Giuseppe Garibaldi[\H1][NEWLINE][BOLD]Italian Revolutionary [\BOLD][NEWLINE][BOLD]Lived: [\BOLD]1807- 1882[NEWLINE][PARAGRAPH:2][BOLD]Background:[\BOLD][NEWLINE][TAB]The Italian soldier Giuseppe Garibaldi was the key military figure in the creation of the kingdom of Italy. An unflagging foe of all tyranny, he devoted his life to fighting oppression.[PARAGRAPH:1]For the greater part of his life most of the native land of Giuseppe Garibaldi was under the control of foreigners. In the north Lombardy was held by Austria, and to the south of the States of the Church the kingdom of Naples was in the hands of the stagnant feudal regime of the Bourbons. Garibaldi was the embodiment of the Italian brand of 19th-century nationalism, which was impelled by the twin desires for unity and freedom.[PARAGRAPH:1]An Italian patriot, Garibaldi began life as a sailor. He associated himself enthusiastically with Mazzini for the liberation of his country, but being convicted of conspiracy, fled to South America where, as both a privateer and a soldier, he gave his services to the young republics struggling there for life. Returning to Europe, Garibaldi took part in the defense of Rome against France. Being defeated, he fled to New York to return to the Isle of Caprera, biding his time. He joined the Piedmontese against Austria and, in 1860, set himself to assist in the overthrow of the Kingdom of Naples and the union of Italy under Victor Emmanuel. Landing in Calabria, Garibaldi entered Naples and drove the royal forces before him without striking a blow, after which he returned to his retreat at Caprera, ready still to draw sword, and occasionally offering it again in the cause of republicanism. Garibaldi died in 1882.</Spanish>
	</TEXT>
	<TEXT>
		<Tag>AI_DIPLO_FIRST_CONTACT_LEADER_GARIBALDI_1</Tag>
		<English>I offer neither pay, nor quarters, nor food, [CT_NAME]; I offer only hunger, thirst, forced marches, battles and death. </English>
		<French>Je ne paie pas, n'offre jamais de quartiers, ni de nourriture, [CT_NAME]; J'offre seulement la famine, la haine, les marches forc�es, les batailles et la mort. </French>
		<German>I offer neither pay, nor quarters, nor food, [CT_NAME]; I offer only hunger, thirst, forced marches, battles and death. </German>
		<Italian>I offer neither pay, nor quarters, nor food, [CT_NAME]; I offer only hunger, thirst, forced marches, battles and death. </Italian>
		<Spanish>I offer neither pay, nor quarters, nor food, [CT_NAME]; I offer only hunger, thirst, forced marches, battles and death. </Spanish>
	</TEXT>
</Civ4GameText>
