<?xml version="1.0" encoding="ISO-8859-1"?>
<!-- edited with XMLSPY v2004 rel. 2 U (http://www.xmlspy.com) by lcollins (Firaxis Games) -->
<!-- Sid Meier's Civilization 4 -->
<!-- Copyright Firaxis Games 2005 -->
<!-- -->
<!-- Game Text - New -->
<Civ4GameText xmlns="http://www.firaxis.com">
	<TEXT>
		<Tag>TXT_KEY_BUILDING_AUSTRIAN_HOFMUSEEN</Tag>
		<English>Hofmuseen</English>
		<French>Hofmuseen</French>
		<German>Hofmuseen</German>
		<Italian>Hofmuseen</Italian>
		<Spanish>Hofmuseen</Spanish>
	</TEXT>
        <TEXT>
		<Tag>TXT_KEY_BUILDING_AUSTRIAN_HOFMUSEEN_PEDIA</Tag>
		<English>[TAB]The construction of the Ringstrasse as a reaction to the events of the 1848 Revolutions resulted in many important cultural building being constructed.  One of these buildings was the Hofmuseen, or court museums.  Currently, the artistic works of the Hofmuseen are located in the Leopold Museum in Vienna.</English>
		<French>[TAB]The construction of the Ringstrasse as a reaction to the events of the 1848 Revolutions resulted in many important cultural building being constructed.  One of these buildings was the Hofmuseen, or court museums.  Currently, the artistic works of the Hofmuseen are located in the Leopold Museum in Vienna.</French>
		<German>[TAB]The construction of the Ringstrasse as a reaction to the events of the 1848 Revolutions resulted in many important cultural building being constructed.  One of these buildings was the Hofmuseen, or court museums.  Currently, the artistic works of the Hofmuseen are located in the Leopold Museum in Vienna.</German>
		<Italian>[TAB]The construction of the Ringstrasse as a reaction to the events of the 1848 Revolutions resulted in many important cultural building being constructed.  One of these buildings was the Hofmuseen, or court museums.  Currently, the artistic works of the Hofmuseen are located in the Leopold Museum in Vienna.</Italian>
		<Spanish>[TAB]The construction of the Ringstrasse as a reaction to the events of the 1848 Revolutions resulted in many important cultural building being constructed.  One of these buildings was the Hofmuseen, or court museums.  Currently, the artistic works of the Hofmuseen are located in the Leopold Museum in Vienna.</Spanish>
	</TEXT>
        <TEXT>
		<Tag>TXT_KEY_BUILDING_AUSTRIAN_HOFMUSEEN_STRATEGY</Tag>
		<English>The [COLOR_BUILDING_TEXT]Hofmuseen[COLOR_REVERT], the Austrian replacement for the [COLOR_BUILDING_TEXT]Museum[COLOR_REVERT], offers more Culture and Science.</English>
		<French>Le [COLOR_BUILDING_TEXT]hofmuseen[COLOR_REVERT], l'�quivalent autrichien du [COLOR_BUILDING_TEXT]mus�e[COLOR_REVERT], offre plus de culture et de science.</French>
		<German>The [COLOR_BUILDING_TEXT]Hofmuseen[COLOR_REVERT], the Austrian replacement for the [COLOR_BUILDING_TEXT]Museum[COLOR_REVERT], offers more Culture and Science.</German>
		<Italian>The [COLOR_BUILDING_TEXT]Hofmuseen[COLOR_REVERT], the Austrian replacement for the [COLOR_BUILDING_TEXT]Museum[COLOR_REVERT], offers more Culture and Science.</Italian>
		<Spanish>The [COLOR_BUILDING_TEXT]Hofmuseen[COLOR_REVERT], the Austrian replacement for the [COLOR_BUILDING_TEXT]Museum[COLOR_REVERT], offers more Culture and Science.</Spanish>
	</TEXT>
</Civ4GameText>