<?xml version="1.0" encoding="ISO-8859-1"?>
<!-- Sid Meier's Civilization 4 Beyond the Sword -->
<!-- Modified by the Civ Gold Team -->
<!-- -->
<Civ4GameText xmlns="http://www.firaxis.com">
	<TEXT>
		<Tag>TXT_KEY_CIV_PICTS_DESC</Tag>
		<English>Pictish Empire</English>
		<French>Tribu picte</French>
		<German>Pictish Empire</German>
		<Italian>Pictish Empire</Italian>
		<Spanish>Pictish Empire</Spanish>
	</TEXT>
	<TEXT>
		<Tag>TXT_KEY_CIV_PICTS_SHORT_DESC</Tag>
		<English>Pictland</English>
		<French>Pictes</French>
		<German>Pictland</German>
		<Italian>Pictland</Italian>
		<Spanish>Pictland</Spanish>
	</TEXT>
	<TEXT>
		<Tag>TXT_KEY_CIV_PICTS_ADJECTIVE</Tag>
		<English>Pictish</English>
		<French>Picte</French>
		<German>Pictish</German>
		<Italian>Pictish</Italian>
		<Spanish>Pictish</Spanish>
	</TEXT>
	<TEXT>
		<Tag>TXT_KEY_CIV_PICTS_PEDIA</Tag>
		<English>[TAB]Those familiar with the Celts divide them up into three categories: the Scottish, the Irish, and the Welsh. However, for a long time there was another group called the Picts who were, for centuries, the most powerful inhabitants of the British Isles. Today however, much about them remains a mystery, with hardly any record of them after the mid-9th century AD.[PARAGRAPH:2]Pictland, as the Pictish homeland was called, was made up of a large area of what is now modern day Scotland, mainly in the low-lying coastal areas of Eastern Scotland where they sustained themselves through fishing and farming. The Picts weren't any one particular race or culture per se, but a military alliance which was formed around 100 AD to defend against the Roman invaders. The name Pict itself is believed to be derived from the Latin word Picti, "the painted men". In fact, the Pictish nation out-lasted the would-be conquerors and predated the formal organization of both the Scots and Irish. Historical and archaeological records also show that they were also quite fierce warriors, judging by accounts of those (like the Scots and the Irish) whom they defeated in battle. They were the dominant military power in that area for almost 500 years.[PARAGRAPH:2]Almost all of what is now known about them is from accounts of others and the few artifacts the Picts themselves left behind. Chief among these were ornate carved stones which represent some of the high points of Celtic art. There are inscriptions on the stones written in an alphabet called Ogham, variations of which were also used by the Scots and Irish. Although the inscriptions of their Celtic counterparts have been translated, there has yet to be any successful translation of the Pictish Ogham.[PARAGRAPH:2]Despite their lack of written records, the Picts were quite advanced culturally and artistically. Between the 5th and 7th centuries AD most of them were converted to Christianity and this was reflected in the sculptures of the period. Their art retained most of its traditional elements, but they also began to add crosses and other Christian symbolism.[PARAGRAPH:2]The Picts shared much in common with their fellow Celts, such as geography, similar language, and similar art, among other things. There were some differences however, the main one being that descent for the Picts was defined in terms of the mother rather than the father ie. matrilineal rather than patrilineal. Historical records suggest that this is what led to their disappearance, or rather their assimilation by the Scots. Because of the way in which Picts handled descent, the Scots were able to gradually absorb them through marriage. After some time, it is believed, all distinction between them had become so blurred that they were essentially indistinguishable.[PARAGRAPH:2]Although it is generally accepted by historians and archaeologists that the Picts merged with the Scots, exact details aren't known. And with the exception of second hand accounts, there is almost no information about the Picts themselves. Because of their unique social and historical characteristics, the Picts have continued to be one of history's most intriguing mysteries.</English>
		<French>[TAB]Those familiar with the Celts divide them up into three categories: the Scottish, the Irish, and the Welsh. However, for a long time there was another group called the Picts who were, for centuries, the most powerful inhabitants of the British Isles. Today however, much about them remains a mystery, with hardly any record of them after the mid-9th century AD.[PARAGRAPH:2]Pictland, as the Pictish homeland was called, was made up of a large area of what is now modern day Scotland, mainly in the low-lying coastal areas of Eastern Scotland where they sustained themselves through fishing and farming. The Picts weren't any one particular race or culture per se, but a military alliance which was formed around 100 AD to defend against the Roman invaders. The name Pict itself is believed to be derived from the Latin word Picti, "the painted men". In fact, the Pictish nation out-lasted the would-be conquerors and predated the formal organization of both the Scots and Irish. Historical and archaeological records also show that they were also quite fierce warriors, judging by accounts of those (like the Scots and the Irish) whom they defeated in battle. They were the dominant military power in that area for almost 500 years.[PARAGRAPH:2]Almost all of what is now known about them is from accounts of others and the few artifacts the Picts themselves left behind. Chief among these were ornate carved stones which represent some of the high points of Celtic art. There are inscriptions on the stones written in an alphabet called Ogham, variations of which were also used by the Scots and Irish. Although the inscriptions of their Celtic counterparts have been translated, there has yet to be any successful translation of the Pictish Ogham.[PARAGRAPH:2]Despite their lack of written records, the Picts were quite advanced culturally and artistically. Between the 5th and 7th centuries AD most of them were converted to Christianity and this was reflected in the sculptures of the period. Their art retained most of its traditional elements, but they also began to add crosses and other Christian symbolism.[PARAGRAPH:2]The Picts shared much in common with their fellow Celts, such as geography, similar language, and similar art, among other things. There were some differences however, the main one being that descent for the Picts was defined in terms of the mother rather than the father ie. matrilineal rather than patrilineal. Historical records suggest that this is what led to their disappearance, or rather their assimilation by the Scots. Because of the way in which Picts handled descent, the Scots were able to gradually absorb them through marriage. After some time, it is believed, all distinction between them had become so blurred that they were essentially indistinguishable.[PARAGRAPH:2]Although it is generally accepted by historians and archaeologists that the Picts merged with the Scots, exact details aren't known. And with the exception of second hand accounts, there is almost no information about the Picts themselves. Because of their unique social and historical characteristics, the Picts have continued to be one of history's most intriguing mysteries.</French>
		<German>[TAB]Those familiar with the Celts divide them up into three categories: the Scottish, the Irish, and the Welsh. However, for a long time there was another group called the Picts who were, for centuries, the most powerful inhabitants of the British Isles. Today however, much about them remains a mystery, with hardly any record of them after the mid-9th century AD.[PARAGRAPH:2]Pictland, as the Pictish homeland was called, was made up of a large area of what is now modern day Scotland, mainly in the low-lying coastal areas of Eastern Scotland where they sustained themselves through fishing and farming. The Picts weren't any one particular race or culture per se, but a military alliance which was formed around 100 AD to defend against the Roman invaders. The name Pict itself is believed to be derived from the Latin word Picti, "the painted men". In fact, the Pictish nation out-lasted the would-be conquerors and predated the formal organization of both the Scots and Irish. Historical and archaeological records also show that they were also quite fierce warriors, judging by accounts of those (like the Scots and the Irish) whom they defeated in battle. They were the dominant military power in that area for almost 500 years.[PARAGRAPH:2]Almost all of what is now known about them is from accounts of others and the few artifacts the Picts themselves left behind. Chief among these were ornate carved stones which represent some of the high points of Celtic art. There are inscriptions on the stones written in an alphabet called Ogham, variations of which were also used by the Scots and Irish. Although the inscriptions of their Celtic counterparts have been translated, there has yet to be any successful translation of the Pictish Ogham.[PARAGRAPH:2]Despite their lack of written records, the Picts were quite advanced culturally and artistically. Between the 5th and 7th centuries AD most of them were converted to Christianity and this was reflected in the sculptures of the period. Their art retained most of its traditional elements, but they also began to add crosses and other Christian symbolism.[PARAGRAPH:2]The Picts shared much in common with their fellow Celts, such as geography, similar language, and similar art, among other things. There were some differences however, the main one being that descent for the Picts was defined in terms of the mother rather than the father ie. matrilineal rather than patrilineal. Historical records suggest that this is what led to their disappearance, or rather their assimilation by the Scots. Because of the way in which Picts handled descent, the Scots were able to gradually absorb them through marriage. After some time, it is believed, all distinction between them had become so blurred that they were essentially indistinguishable.[PARAGRAPH:2]Although it is generally accepted by historians and archaeologists that the Picts merged with the Scots, exact details aren't known. And with the exception of second hand accounts, there is almost no information about the Picts themselves. Because of their unique social and historical characteristics, the Picts have continued to be one of history's most intriguing mysteries.</German>
		<Italian>[TAB]Those familiar with the Celts divide them up into three categories: the Scottish, the Irish, and the Welsh. However, for a long time there was another group called the Picts who were, for centuries, the most powerful inhabitants of the British Isles. Today however, much about them remains a mystery, with hardly any record of them after the mid-9th century AD.[PARAGRAPH:2]Pictland, as the Pictish homeland was called, was made up of a large area of what is now modern day Scotland, mainly in the low-lying coastal areas of Eastern Scotland where they sustained themselves through fishing and farming. The Picts weren't any one particular race or culture per se, but a military alliance which was formed around 100 AD to defend against the Roman invaders. The name Pict itself is believed to be derived from the Latin word Picti, "the painted men". In fact, the Pictish nation out-lasted the would-be conquerors and predated the formal organization of both the Scots and Irish. Historical and archaeological records also show that they were also quite fierce warriors, judging by accounts of those (like the Scots and the Irish) whom they defeated in battle. They were the dominant military power in that area for almost 500 years.[PARAGRAPH:2]Almost all of what is now known about them is from accounts of others and the few artifacts the Picts themselves left behind. Chief among these were ornate carved stones which represent some of the high points of Celtic art. There are inscriptions on the stones written in an alphabet called Ogham, variations of which were also used by the Scots and Irish. Although the inscriptions of their Celtic counterparts have been translated, there has yet to be any successful translation of the Pictish Ogham.[PARAGRAPH:2]Despite their lack of written records, the Picts were quite advanced culturally and artistically. Between the 5th and 7th centuries AD most of them were converted to Christianity and this was reflected in the sculptures of the period. Their art retained most of its traditional elements, but they also began to add crosses and other Christian symbolism.[PARAGRAPH:2]The Picts shared much in common with their fellow Celts, such as geography, similar language, and similar art, among other things. There were some differences however, the main one being that descent for the Picts was defined in terms of the mother rather than the father ie. matrilineal rather than patrilineal. Historical records suggest that this is what led to their disappearance, or rather their assimilation by the Scots. Because of the way in which Picts handled descent, the Scots were able to gradually absorb them through marriage. After some time, it is believed, all distinction between them had become so blurred that they were essentially indistinguishable.[PARAGRAPH:2]Although it is generally accepted by historians and archaeologists that the Picts merged with the Scots, exact details aren't known. And with the exception of second hand accounts, there is almost no information about the Picts themselves. Because of their unique social and historical characteristics, the Picts have continued to be one of history's most intriguing mysteries.</Italian>
		<Spanish>[TAB]Those familiar with the Celts divide them up into three categories: the Scottish, the Irish, and the Welsh. However, for a long time there was another group called the Picts who were, for centuries, the most powerful inhabitants of the British Isles. Today however, much about them remains a mystery, with hardly any record of them after the mid-9th century AD.[PARAGRAPH:2]Pictland, as the Pictish homeland was called, was made up of a large area of what is now modern day Scotland, mainly in the low-lying coastal areas of Eastern Scotland where they sustained themselves through fishing and farming. The Picts weren't any one particular race or culture per se, but a military alliance which was formed around 100 AD to defend against the Roman invaders. The name Pict itself is believed to be derived from the Latin word Picti, "the painted men". In fact, the Pictish nation out-lasted the would-be conquerors and predated the formal organization of both the Scots and Irish. Historical and archaeological records also show that they were also quite fierce warriors, judging by accounts of those (like the Scots and the Irish) whom they defeated in battle. They were the dominant military power in that area for almost 500 years.[PARAGRAPH:2]Almost all of what is now known about them is from accounts of others and the few artifacts the Picts themselves left behind. Chief among these were ornate carved stones which represent some of the high points of Celtic art. There are inscriptions on the stones written in an alphabet called Ogham, variations of which were also used by the Scots and Irish. Although the inscriptions of their Celtic counterparts have been translated, there has yet to be any successful translation of the Pictish Ogham.[PARAGRAPH:2]Despite their lack of written records, the Picts were quite advanced culturally and artistically. Between the 5th and 7th centuries AD most of them were converted to Christianity and this was reflected in the sculptures of the period. Their art retained most of its traditional elements, but they also began to add crosses and other Christian symbolism.[PARAGRAPH:2]The Picts shared much in common with their fellow Celts, such as geography, similar language, and similar art, among other things. There were some differences however, the main one being that descent for the Picts was defined in terms of the mother rather than the father ie. matrilineal rather than patrilineal. Historical records suggest that this is what led to their disappearance, or rather their assimilation by the Scots. Because of the way in which Picts handled descent, the Scots were able to gradually absorb them through marriage. After some time, it is believed, all distinction between them had become so blurred that they were essentially indistinguishable.[PARAGRAPH:2]Although it is generally accepted by historians and archaeologists that the Picts merged with the Scots, exact details aren't known. And with the exception of second hand accounts, there is almost no information about the Picts themselves. Because of their unique social and historical characteristics, the Picts have continued to be one of history's most intriguing mysteries.</Spanish>
	</TEXT>
	<TEXT>
		<Tag>TXT_KEY_CITY_NAME_CALEDONII</Tag>
		<English>Caledonii</English>
		<French>
			<Text>Caledonii</Text>
			<Gender>Male</Gender>
			<Plural>0</Plural>
		</French>
		<German>
			<Text>Caledonii</Text>
			<Gender>Male</Gender>
			<Plural>0</Plural>
		</German>
		<Italian>
			<Text>Caledonii</Text>
			<Gender>Female</Gender>
			<Plural>0</Plural>
		</Italian>
		<Spanish>
			<Text>Caledonii</Text>
			<Gender>Female</Gender>
			<Plural>0</Plural>
		</Spanish>
	</TEXT>
	<TEXT>
		<Tag>TXT_KEY_CITY_NAME_MAEATAE</Tag>
		<English>Maeatae</English>
		<French>
			<Text>Maeatae</Text>
			<Gender>Male</Gender>
			<Plural>0</Plural>
		</French>
		<German>
			<Text>Maeatae</Text>
			<Gender>Male</Gender>
			<Plural>0</Plural>
		</German>
		<Italian>
			<Text>Maeatae</Text>
			<Gender>Female</Gender>
			<Plural>0</Plural>
		</Italian>
		<Spanish>
			<Text>Maeatae</Text>
			<Gender>Female</Gender>
			<Plural>0</Plural>
		</Spanish>
	</TEXT>
	<TEXT>
		<Tag>TXT_KEY_CITY_NAME_DECANTAE</Tag>
		<English>Decantae</English>
		<French>
			<Text>Decantae</Text>
			<Gender>Male</Gender>
			<Plural>0</Plural>
		</French>
		<German>
			<Text>Decantae</Text>
			<Gender>Male</Gender>
			<Plural>0</Plural>
		</German>
		<Italian>
			<Text>Decantae</Text>
			<Gender>Female</Gender>
			<Plural>0</Plural>
		</Italian>
		<Spanish>
			<Text>Decantae</Text>
			<Gender>Female</Gender>
			<Plural>0</Plural>
		</Spanish>
	</TEXT>
	<TEXT>
		<Tag>TXT_KEY_CITY_NAME_VACOMAGI</Tag>
		<English>Vacomagi</English>
		<French>
			<Text>Vacomagi</Text>
			<Gender>Male</Gender>
			<Plural>0</Plural>
		</French>
		<German>
			<Text>Vacomagi</Text>
			<Gender>Male</Gender>
			<Plural>0</Plural>
		</German>
		<Italian>
			<Text>Vacomagi</Text>
			<Gender>Female</Gender>
			<Plural>0</Plural>
		</Italian>
		<Spanish>
			<Text>Vacomagi</Text>
			<Gender>Female</Gender>
			<Plural>0</Plural>
		</Spanish>
	</TEXT>
	<TEXT>
		<Tag>TXT_KEY_CITY_NAME_EPIDII</Tag>
		<English>Epidii</English>
		<French>
			<Text>Epidii</Text>
			<Gender>Male</Gender>
			<Plural>0</Plural>
		</French>
		<German>
			<Text>Epidii</Text>
			<Gender>Male</Gender>
			<Plural>0</Plural>
		</German>
		<Italian>
			<Text>Epidii</Text>
			<Gender>Female</Gender>
			<Plural>0</Plural>
		</Italian>
		<Spanish>
			<Text>Epidii</Text>
			<Gender>Female</Gender>
			<Plural>0</Plural>
		</Spanish>
	</TEXT>
	<TEXT>
		<Tag>TXT_KEY_CITY_NAME_DAMNONII</Tag>
		<English>Damnonii</English>
		<French>
			<Text>Damnonii</Text>
			<Gender>Male</Gender>
			<Plural>0</Plural>
		</French>
		<German>
			<Text>Damnonii</Text>
			<Gender>Male</Gender>
			<Plural>0</Plural>
		</German>
		<Italian>
			<Text>Damnonii</Text>
			<Gender>Female</Gender>
			<Plural>0</Plural>
		</Italian>
		<Spanish>
			<Text>Damnonii</Text>
			<Gender>Female</Gender>
			<Plural>0</Plural>
		</Spanish>
	</TEXT>
	<TEXT>
		<Tag>TXT_KEY_CITY_NAME_NOVANTAE</Tag>
		<English>Novantae</English>
		<French>
			<Text>Novantae</Text>
			<Gender>Male</Gender>
			<Plural>0</Plural>
		</French>
		<German>
			<Text>Novantae</Text>
			<Gender>Male</Gender>
			<Plural>0</Plural>
		</German>
		<Italian>
			<Text>Novantae</Text>
			<Gender>Female</Gender>
			<Plural>0</Plural>
		</Italian>
		<Spanish>
			<Text>Novantae</Text>
			<Gender>Female</Gender>
			<Plural>0</Plural>
		</Spanish>
	</TEXT>
	<TEXT>
		<Tag>TXT_KEY_CITY_NAME_VENICONES</Tag>
		<English>Venicones</English>
		<French>
			<Text>Venicones</Text>
			<Gender>Male</Gender>
			<Plural>0</Plural>
		</French>
		<German>
			<Text>Venicones</Text>
			<Gender>Male</Gender>
			<Plural>0</Plural>
		</German>
		<Italian>
			<Text>Venicones</Text>
			<Gender>Female</Gender>
			<Plural>0</Plural>
		</Italian>
		<Spanish>
			<Text>Venicones</Text>
			<Gender>Female</Gender>
			<Plural>0</Plural>
		</Spanish>
	</TEXT>
	<TEXT>
		<Tag>TXT_KEY_CITY_NAME_TAEZALI</Tag>
		<English>Taezali</English>
		<French>
			<Text>Taezali</Text>
			<Gender>Male</Gender>
			<Plural>0</Plural>
		</French>
		<German>
			<Text>Taezali</Text>
			<Gender>Male</Gender>
			<Plural>0</Plural>
		</German>
		<Italian>
			<Text>Taezali</Text>
			<Gender>Female</Gender>
			<Plural>0</Plural>
		</Italian>
		<Spanish>
			<Text>Taezali</Text>
			<Gender>Female</Gender>
			<Plural>0</Plural>
		</Spanish>
	</TEXT>
	<TEXT>
		<Tag>TXT_KEY_CITY_NAME_VOTADINI</Tag>
		<English>Votadini</English>
		<French>
			<Text>Votadini</Text>
			<Gender>Male</Gender>
			<Plural>0</Plural>
		</French>
		<German>
			<Text>Votadini</Text>
			<Gender>Male</Gender>
			<Plural>0</Plural>
		</German>
		<Italian>
			<Text>Votadini</Text>
			<Gender>Female</Gender>
			<Plural>0</Plural>
		</Italian>
		<Spanish>
			<Text>Votadini</Text>
			<Gender>Female</Gender>
			<Plural>0</Plural>
		</Spanish>
	</TEXT>
	<TEXT>
		<Tag>TXT_KEY_CITY_NAME_LUGI</Tag>
		<English>Lugi</English>
		<French>
			<Text>Lugi</Text>
			<Gender>Male</Gender>
			<Plural>0</Plural>
		</French>
		<German>
			<Text>Lugi</Text>
			<Gender>Male</Gender>
			<Plural>0</Plural>
		</German>
		<Italian>
			<Text>Lugi</Text>
			<Gender>Female</Gender>
			<Plural>0</Plural>
		</Italian>
		<Spanish>
			<Text>Lugi</Text>
			<Gender>Female</Gender>
			<Plural>0</Plural>
		</Spanish>
	</TEXT>
	<TEXT>
		<Tag>TXT_KEY_CITY_NAME_SMERTAE</Tag>
		<English>Smertae</English>
		<French>
			<Text>Smertae</Text>
			<Gender>Male</Gender>
			<Plural>0</Plural>
		</French>
		<German>
			<Text>Smertae</Text>
			<Gender>Male</Gender>
			<Plural>0</Plural>
		</German>
		<Italian>
			<Text>Smertae</Text>
			<Gender>Female</Gender>
			<Plural>0</Plural>
		</Italian>
		<Spanish>
			<Text>Smertae</Text>
			<Gender>Female</Gender>
			<Plural>0</Plural>
		</Spanish>
	</TEXT>
	<TEXT>
		<Tag>TXT_KEY_CITY_NAME_CORNAVII</Tag>
		<English>Cornavii</English>
		<French>
			<Text>Cornavii</Text>
			<Gender>Male</Gender>
			<Plural>0</Plural>
		</French>
		<German>
			<Text>Cornavii</Text>
			<Gender>Male</Gender>
			<Plural>0</Plural>
		</German>
		<Italian>
			<Text>Cornavii</Text>
			<Gender>Female</Gender>
			<Plural>0</Plural>
		</Italian>
		<Spanish>
			<Text>Cornavii</Text>
			<Gender>Female</Gender>
			<Plural>0</Plural>
		</Spanish>
	</TEXT>
	<TEXT>
		<Tag>TXT_KEY_CITY_NAME_CARNOCACAE</Tag>
		<English>Carnocacae</English>
		<French>
			<Text>Carnocacae</Text>
			<Gender>Male</Gender>
			<Plural>0</Plural>
		</French>
		<German>
			<Text>Carnocacae</Text>
			<Gender>Male</Gender>
			<Plural>0</Plural>
		</German>
		<Italian>
			<Text>Carnocacae</Text>
			<Gender>Female</Gender>
			<Plural>0</Plural>
		</Italian>
		<Spanish>
			<Text>Carnocacae</Text>
			<Gender>Female</Gender>
			<Plural>0</Plural>
		</Spanish>
	</TEXT>
	<TEXT>
		<Tag>TXT_KEY_CITY_NAME_CERONES</Tag>
		<English>Cerones</English>
		<French>
			<Text>Cerones</Text>
			<Gender>Male</Gender>
			<Plural>0</Plural>
		</French>
		<German>
			<Text>Cerones</Text>
			<Gender>Male</Gender>
			<Plural>0</Plural>
		</German>
		<Italian>
			<Text>Cerones</Text>
			<Gender>Female</Gender>
			<Plural>0</Plural>
		</Italian>
		<Spanish>
			<Text>Cerones</Text>
			<Gender>Female</Gender>
			<Plural>0</Plural>
		</Spanish>
	</TEXT>
	<TEXT>
		<Tag>TXT_KEY_CITY_NAME_FORTRIU</Tag>
		<English>Fortriu</English>
		<French>
			<Text>Fortriu</Text>
			<Gender>Male</Gender>
			<Plural>0</Plural>
		</French>
		<German>
			<Text>Fortriu</Text>
			<Gender>Male</Gender>
			<Plural>0</Plural>
		</German>
		<Italian>
			<Text>Fortriu</Text>
			<Gender>Female</Gender>
			<Plural>0</Plural>
		</Italian>
		<Spanish>
			<Text>Fortriu</Text>
			<Gender>Female</Gender>
			<Plural>0</Plural>
		</Spanish>
	</TEXT>
	<TEXT>
		<Tag>TXT_KEY_CITY_NAME_FIB</Tag>
		<English>Fib</English>
		<French>
			<Text>Fib</Text>
			<Gender>Male</Gender>
			<Plural>0</Plural>
		</French>
		<German>
			<Text>Fib</Text>
			<Gender>Male</Gender>
			<Plural>0</Plural>
		</German>
		<Italian>
			<Text>Fib</Text>
			<Gender>Female</Gender>
			<Plural>0</Plural>
		</Italian>
		<Spanish>
			<Text>Fib</Text>
			<Gender>Female</Gender>
			<Plural>0</Plural>
		</Spanish>
	</TEXT>
	<TEXT>
		<Tag>TXT_KEY_CITY_NAME_MAR</Tag>
		<English>Mar</English>
		<French>
			<Text>Mar</Text>
			<Gender>Male</Gender>
			<Plural>0</Plural>
		</French>
		<German>
			<Text>Mar</Text>
			<Gender>Male</Gender>
			<Plural>0</Plural>
		</German>
		<Italian>
			<Text>Mar</Text>
			<Gender>Female</Gender>
			<Plural>0</Plural>
		</Italian>
		<Spanish>
			<Text>Mar</Text>
			<Gender>Female</Gender>
			<Plural>0</Plural>
		</Spanish>
	</TEXT>
	<TEXT>
		<Tag>TXT_KEY_CITY_NAME_CE</Tag>
		<English>Ce</English>
		<French>
			<Text>Ce</Text>
			<Gender>Male</Gender>
			<Plural>0</Plural>
		</French>
		<German>
			<Text>Ce</Text>
			<Gender>Male</Gender>
			<Plural>0</Plural>
		</German>
		<Italian>
			<Text>Ce</Text>
			<Gender>Female</Gender>
			<Plural>0</Plural>
		</Italian>
		<Spanish>
			<Text>Ce</Text>
			<Gender>Female</Gender>
			<Plural>0</Plural>
		</Spanish>
	</TEXT>
	<TEXT>
		<Tag>TXT_KEY_CITY_NAME_FIDACH</Tag>
		<English>Fidach</English>
		<French>
			<Text>Fidach</Text>
			<Gender>Male</Gender>
			<Plural>0</Plural>
		</French>
		<German>
			<Text>Fidach</Text>
			<Gender>Male</Gender>
			<Plural>0</Plural>
		</German>
		<Italian>
			<Text>Fidach</Text>
			<Gender>Female</Gender>
			<Plural>0</Plural>
		</Italian>
		<Spanish>
			<Text>Fidach</Text>
			<Gender>Female</Gender>
			<Plural>0</Plural>
		</Spanish>
	</TEXT>
	<TEXT>
		<Tag>TXT_KEY_CITY_NAME_CAIT</Tag>
		<English>Cait</English>
		<French>
			<Text>Cait</Text>
			<Gender>Male</Gender>
			<Plural>0</Plural>
		</French>
		<German>
			<Text>Cait</Text>
			<Gender>Male</Gender>
			<Plural>0</Plural>
		</German>
		<Italian>
			<Text>Cait</Text>
			<Gender>Female</Gender>
			<Plural>0</Plural>
		</Italian>
		<Spanish>
			<Text>Cait</Text>
			<Gender>Female</Gender>
			<Plural>0</Plural>
		</Spanish>
	</TEXT>
	<TEXT>
		<Tag>TXT_KEY_CITY_NAME_DUNDURN</Tag>
		<English>Dundurn</English>
		<French>
			<Text>Dundurn</Text>
			<Gender>Male</Gender>
			<Plural>0</Plural>
		</French>
		<German>
			<Text>Dundurn</Text>
			<Gender>Male</Gender>
			<Plural>0</Plural>
		</German>
		<Italian>
			<Text>Dundurn</Text>
			<Gender>Female</Gender>
			<Plural>0</Plural>
		</Italian>
		<Spanish>
			<Text>Dundurn</Text>
			<Gender>Female</Gender>
			<Plural>0</Plural>
		</Spanish>
	</TEXT>
	<TEXT>
		<Tag>TXT_KEY_CITY_NAME_DUNKELD</Tag>
		<English>Dunkeld</English>
		<French>
			<Text>Dunkeld</Text>
			<Gender>Male</Gender>
			<Plural>0</Plural>
		</French>
		<German>
			<Text>Dunkeld</Text>
			<Gender>Male</Gender>
			<Plural>0</Plural>
		</German>
		<Italian>
			<Text>Dunkeld</Text>
			<Gender>Female</Gender>
			<Plural>0</Plural>
		</Italian>
		<Spanish>
			<Text>Dunkeld</Text>
			<Gender>Female</Gender>
			<Plural>0</Plural>
		</Spanish>
	</TEXT>
	<TEXT>
		<Tag>TXT_KEY_CITY_NAME_SCONE</Tag>
		<English>Scone</English>
		<French>
			<Text>Scone</Text>
			<Gender>Male</Gender>
			<Plural>0</Plural>
		</French>
		<German>
			<Text>Scone</Text>
			<Gender>Male</Gender>
			<Plural>0</Plural>
		</German>
		<Italian>
			<Text>Scone</Text>
			<Gender>Female</Gender>
			<Plural>0</Plural>
		</Italian>
		<Spanish>
			<Text>Scone</Text>
			<Gender>Female</Gender>
			<Plural>0</Plural>
		</Spanish>
	</TEXT>
	<TEXT>
		<Tag>TXT_KEY_CITY_NAME_FORTEVIOT</Tag>
		<English>Forteviot</English>
		<French>
			<Text>Forteviot</Text>
			<Gender>Male</Gender>
			<Plural>0</Plural>
		</French>
		<German>
			<Text>Forteviot</Text>
			<Gender>Male</Gender>
			<Plural>0</Plural>
		</German>
		<Italian>
			<Text>Forteviot</Text>
			<Gender>Female</Gender>
			<Plural>0</Plural>
		</Italian>
		<Spanish>
			<Text>Forteviot</Text>
			<Gender>Female</Gender>
			<Plural>0</Plural>
		</Spanish>
	</TEXT>
	<TEXT>
		<Tag>TXT_KEY_CITY_NAME_FORRES</Tag>
		<English>Forres</English>
		<French>
			<Text>Forres</Text>
			<Gender>Male</Gender>
			<Plural>0</Plural>
		</French>
		<German>
			<Text>Forres</Text>
			<Gender>Male</Gender>
			<Plural>0</Plural>
		</German>
		<Italian>
			<Text>Forres</Text>
			<Gender>Female</Gender>
			<Plural>0</Plural>
		</Italian>
		<Spanish>
			<Text>Forres</Text>
			<Gender>Female</Gender>
			<Plural>0</Plural>
		</Spanish>
	</TEXT>
	<TEXT>
		<Tag>TXT_KEY_CITY_NAME_DUNBLANE</Tag>
		<English>Dunblane</English>
		<French>
			<Text>Dunblane</Text>
			<Gender>Male</Gender>
			<Plural>0</Plural>
		</French>
		<German>
			<Text>Dunblane</Text>
			<Gender>Male</Gender>
			<Plural>0</Plural>
		</German>
		<Italian>
			<Text>Dunblane</Text>
			<Gender>Female</Gender>
			<Plural>0</Plural>
		</Italian>
		<Spanish>
			<Text>Dunblane</Text>
			<Gender>Female</Gender>
			<Plural>0</Plural>
		</Spanish>
	</TEXT>
	<TEXT>
		<Tag>TXT_KEY_CITY_NAME_INVERNESS</Tag>
		<English>Inverness</English>
		<French>
			<Text>Inverness</Text>
			<Gender>Male</Gender>
			<Plural>0</Plural>
		</French>
		<German>
			<Text>Inverness</Text>
			<Gender>Male</Gender>
			<Plural>0</Plural>
		</German>
		<Italian>
			<Text>Inverness</Text>
			<Gender>Female</Gender>
			<Plural>0</Plural>
		</Italian>
		<Spanish>
			<Text>Inverness</Text>
			<Gender>Female</Gender>
			<Plural>0</Plural>
		</Spanish>
	</TEXT>
	<TEXT>
		<Tag>TXT_KEY_CITY_NAME_INCHCOLM</Tag>
		<English>Inchcolm</English>
		<French>
			<Text>Inchcolm</Text>
			<Gender>Male</Gender>
			<Plural>0</Plural>
		</French>
		<German>
			<Text>Inchcolm</Text>
			<Gender>Male</Gender>
			<Plural>0</Plural>
		</German>
		<Italian>
			<Text>Inchcolm</Text>
			<Gender>Female</Gender>
			<Plural>0</Plural>
		</Italian>
		<Spanish>
			<Text>Inchcolm</Text>
			<Gender>Female</Gender>
			<Plural>0</Plural>
		</Spanish>
	</TEXT>
	<TEXT>
		<Tag>TXT_KEY_CITY_NAME_DUNNICHEN</Tag>
		<English>Dunnichen</English>
		<French>
			<Text>Dunnichen</Text>
			<Gender>Male</Gender>
			<Plural>0</Plural>
		</French>
		<German>
			<Text>Dunnichen</Text>
			<Gender>Male</Gender>
			<Plural>0</Plural>
		</German>
		<Italian>
			<Text>Dunnichen</Text>
			<Gender>Female</Gender>
			<Plural>0</Plural>
		</Italian>
		<Spanish>
			<Text>Dunnichen</Text>
			<Gender>Female</Gender>
			<Plural>0</Plural>
		</Spanish>
	</TEXT>
	<TEXT>
		<Tag>TXT_KEY_CITY_NAME_DINAS_EIDDYN</Tag>
		<English>Dinas Eiddyn</English>
		<French>
			<Text>Dinas Eiddyn</Text>
			<Gender>Male</Gender>
			<Plural>0</Plural>
		</French>
		<German>
			<Text>Dinas Eiddyn</Text>
			<Gender>Male</Gender>
			<Plural>0</Plural>
		</German>
		<Italian>
			<Text>Dinas Eiddyn</Text>
			<Gender>Female</Gender>
			<Plural>0</Plural>
		</Italian>
		<Spanish>
			<Text>Dinas Eiddyn</Text>
			<Gender>Female</Gender>
			<Plural>0</Plural>
		</Spanish>
	</TEXT>
	<TEXT>
		<Tag>TXT_KEY_CITY_NAME_WHITHORN</Tag>
		<English>Whithorn</English>
		<French>
			<Text>Whithorn</Text>
			<Gender>Male</Gender>
			<Plural>0</Plural>
		</French>
		<German>
			<Text>Whithorn</Text>
			<Gender>Male</Gender>
			<Plural>0</Plural>
		</German>
		<Italian>
			<Text>Whithorn</Text>
			<Gender>Female</Gender>
			<Plural>0</Plural>
		</Italian>
		<Spanish>
			<Text>Whithorn</Text>
			<Gender>Female</Gender>
			<Plural>0</Plural>
		</Spanish>
	</TEXT>
	<TEXT>
		<Tag>TXT_KEY_CITY_NAME_CAMUS_CAMILLA</Tag>
		<English>Camus Camilla</English>
		<French>
			<Text>Camus Camilla</Text>
			<Gender>Male</Gender>
			<Plural>0</Plural>
		</French>
		<German>
			<Text>Camus Camilla</Text>
			<Gender>Male</Gender>
			<Plural>0</Plural>
		</German>
		<Italian>
			<Text>Camus Camilla</Text>
			<Gender>Female</Gender>
			<Plural>0</Plural>
		</Italian>
		<Spanish>
			<Text>Camus Camilla</Text>
			<Gender>Female</Gender>
			<Plural>0</Plural>
		</Spanish>
	</TEXT>
</Civ4GameText>	