<?xml version="1.0" encoding="ISO-8859-1"?>
<!-- Sid Meier's Civilization 4 Beyond the Sword -->
<!-- Modified by the Civ Gold Team -->
<!-- -->
<Civ4GameText xmlns="http://www.firaxis.com">
	<TEXT>
		<Tag>TXT_KEY_LEADER_SUHARTO</Tag>
		<English>Suharto</English>
		<French>Suharto</French>
		<German>Suharto</German>
		<Italian>Suharto</Italian>
		<Spanish>Suharto</Spanish>
	</TEXT>
	<TEXT>
		<Tag>TXT_KEY_LEADER_SUHARTO_PEDIA</Tag>
		<English>[H1]Haji Mohammed Suharto[\H1][NEWLINE][BOLD]President of Indonesia[\BOLD][NEWLINE][BOLD]Lived: [\BOLD] 1921 - 2008 [NEWLINE][PARAGRAPH:2][BOLD]Background:[\BOLD][NEWLINE][TAB]Haji Mohammad Soeharto, more commonly referred to as simply Soeharto (General Suharto in the English-speaking world), is a former Indonesian military and political leader. He served as a military officer in the Indonesian National Revolution, but is better known as the long-reigning second President of Indonesia, holding the office from 1967 to 1998.[PARAGRAPH:1]Suharto seized power from his predecessor, the first president of Indonesia Sukarno, through a mixture of force and political maneuvering against the backdrop of foreign and domestic unrest. Over the three decades of his "New Order" regime, Suharto constructed a strong central government along militarist lines. An ability to maintain stability and an avowedly anti-Communist stance won him the economic and diplomatic patronage of several Western governments in the era of the Cold War. For almost all of his three-decade rule, Indonesia experienced rapid industrialization and economic growth.[PARAGRAPH:1]The Suharto regime had won the favour of Western governments and institutions, however, in 1990's, its increasingly authoritarian and corrupt practices became a source of much discontent. After the 1990s brought end of the Cold War, Western concern over communism waned, and Suharto's human rights record came under greater international scrutiny. In 1991, the murder of East Timorese civilians in a Dili cemetery, also known as the "Santa Cruz Massacre", caused American attention to focus on its military relations with the Suharto regime and the question of Indonesia's occupation of East Timor. In 1992,this attention resulted in the Congress of the United States passing limitations on IMET assistance to the Indonesian military, over the objections of President George H.W. Bush. In 1993, under President Bill Clinton, the U.S. delegation to the UN Human Rights Commission helped pass a resolution expressing deep concern over Indonesian human rights violations in East Timor. The Indonesian invasion and occupation of East Timor has been called the worst instance of genocide (relative to population) since the Holocaust.[PARAGRAPH:1]His almost unquestioned authority over Indonesian affairs slipped dramatically when the Asian financial crisis lowered Indonesians' standard of living and fractured his support among the nation's military, political and civil society institutions. After internal unrest and diplomatic isolation sapped his support in the mid-to-late 1990s, Suharto was forced to resign from the presidency in May 1998.[PARAGRAPH:1]After serving as the public face of Indonesia for over 30 years, Suharto now lives his post-presidential years in virtual seclusion. His legacy remains hotly debated and contested both in Indonesia and in foreign-policy debates in the West. Since his resignation, Suharto has retired to a family compound in Central Jakarta, making few public appearances. Efforts to prosecute Suharto have mostly centered around alleged mismanagement of funds, and their force has been blunted due to health concerns.</English>
		<French>[H1]Haji Mohammed Suharto[\H1][NEWLINE][BOLD]President of Indonesia[\BOLD][NEWLINE][BOLD]Lived: [\BOLD] 1921 - 2008 [NEWLINE][PARAGRAPH:2][BOLD]Background:[\BOLD][NEWLINE][TAB]Haji Mohammad Soeharto, more commonly referred to as simply Soeharto (General Suharto in the English-speaking world), is a former Indonesian military and political leader. He served as a military officer in the Indonesian National Revolution, but is better known as the long-reigning second President of Indonesia, holding the office from 1967 to 1998.[PARAGRAPH:1]Suharto seized power from his predecessor, the first president of Indonesia Sukarno, through a mixture of force and political maneuvering against the backdrop of foreign and domestic unrest. Over the three decades of his "New Order" regime, Suharto constructed a strong central government along militarist lines. An ability to maintain stability and an avowedly anti-Communist stance won him the economic and diplomatic patronage of several Western governments in the era of the Cold War. For almost all of his three-decade rule, Indonesia experienced rapid industrialization and economic growth.[PARAGRAPH:1]The Suharto regime had won the favour of Western governments and institutions, however, in 1990's, its increasingly authoritarian and corrupt practices became a source of much discontent. After the 1990s brought end of the Cold War, Western concern over communism waned, and Suharto's human rights record came under greater international scrutiny. In 1991, the murder of East Timorese civilians in a Dili cemetery, also known as the "Santa Cruz Massacre", caused American attention to focus on its military relations with the Suharto regime and the question of Indonesia's occupation of East Timor. In 1992,this attention resulted in the Congress of the United States passing limitations on IMET assistance to the Indonesian military, over the objections of President George H.W. Bush. In 1993, under President Bill Clinton, the U.S. delegation to the UN Human Rights Commission helped pass a resolution expressing deep concern over Indonesian human rights violations in East Timor. The Indonesian invasion and occupation of East Timor has been called the worst instance of genocide (relative to population) since the Holocaust.[PARAGRAPH:1]His almost unquestioned authority over Indonesian affairs slipped dramatically when the Asian financial crisis lowered Indonesians' standard of living and fractured his support among the nation's military, political and civil society institutions. After internal unrest and diplomatic isolation sapped his support in the mid-to-late 1990s, Suharto was forced to resign from the presidency in May 1998.[PARAGRAPH:1]After serving as the public face of Indonesia for over 30 years, Suharto now lives his post-presidential years in virtual seclusion. His legacy remains hotly debated and contested both in Indonesia and in foreign-policy debates in the West. Since his resignation, Suharto has retired to a family compound in Central Jakarta, making few public appearances. Efforts to prosecute Suharto have mostly centered around alleged mismanagement of funds, and their force has been blunted due to health concerns.</French>
		<German>[H1]Haji Mohammed Suharto[\H1][NEWLINE][BOLD]President of Indonesia[\BOLD][NEWLINE][BOLD]Lived: [\BOLD] 1921 - 2008 [NEWLINE][PARAGRAPH:2][BOLD]Background:[\BOLD][NEWLINE][TAB]Haji Mohammad Soeharto, more commonly referred to as simply Soeharto (General Suharto in the English-speaking world), is a former Indonesian military and political leader. He served as a military officer in the Indonesian National Revolution, but is better known as the long-reigning second President of Indonesia, holding the office from 1967 to 1998.[PARAGRAPH:1]Suharto seized power from his predecessor, the first president of Indonesia Sukarno, through a mixture of force and political maneuvering against the backdrop of foreign and domestic unrest. Over the three decades of his "New Order" regime, Suharto constructed a strong central government along militarist lines. An ability to maintain stability and an avowedly anti-Communist stance won him the economic and diplomatic patronage of several Western governments in the era of the Cold War. For almost all of his three-decade rule, Indonesia experienced rapid industrialization and economic growth.[PARAGRAPH:1]The Suharto regime had won the favour of Western governments and institutions, however, in 1990's, its increasingly authoritarian and corrupt practices became a source of much discontent. After the 1990s brought end of the Cold War, Western concern over communism waned, and Suharto's human rights record came under greater international scrutiny. In 1991, the murder of East Timorese civilians in a Dili cemetery, also known as the "Santa Cruz Massacre", caused American attention to focus on its military relations with the Suharto regime and the question of Indonesia's occupation of East Timor. In 1992,this attention resulted in the Congress of the United States passing limitations on IMET assistance to the Indonesian military, over the objections of President George H.W. Bush. In 1993, under President Bill Clinton, the U.S. delegation to the UN Human Rights Commission helped pass a resolution expressing deep concern over Indonesian human rights violations in East Timor. The Indonesian invasion and occupation of East Timor has been called the worst instance of genocide (relative to population) since the Holocaust.[PARAGRAPH:1]His almost unquestioned authority over Indonesian affairs slipped dramatically when the Asian financial crisis lowered Indonesians' standard of living and fractured his support among the nation's military, political and civil society institutions. After internal unrest and diplomatic isolation sapped his support in the mid-to-late 1990s, Suharto was forced to resign from the presidency in May 1998.[PARAGRAPH:1]After serving as the public face of Indonesia for over 30 years, Suharto now lives his post-presidential years in virtual seclusion. His legacy remains hotly debated and contested both in Indonesia and in foreign-policy debates in the West. Since his resignation, Suharto has retired to a family compound in Central Jakarta, making few public appearances. Efforts to prosecute Suharto have mostly centered around alleged mismanagement of funds, and their force has been blunted due to health concerns.</German>
		<Italian>[H1]Haji Mohammed Suharto[\H1][NEWLINE][BOLD]President of Indonesia[\BOLD][NEWLINE][BOLD]Lived: [\BOLD] 1921 - 2008 [NEWLINE][PARAGRAPH:2][BOLD]Background:[\BOLD][NEWLINE][TAB]Haji Mohammad Soeharto, more commonly referred to as simply Soeharto (General Suharto in the English-speaking world), is a former Indonesian military and political leader. He served as a military officer in the Indonesian National Revolution, but is better known as the long-reigning second President of Indonesia, holding the office from 1967 to 1998.[PARAGRAPH:1]Suharto seized power from his predecessor, the first president of Indonesia Sukarno, through a mixture of force and political maneuvering against the backdrop of foreign and domestic unrest. Over the three decades of his "New Order" regime, Suharto constructed a strong central government along militarist lines. An ability to maintain stability and an avowedly anti-Communist stance won him the economic and diplomatic patronage of several Western governments in the era of the Cold War. For almost all of his three-decade rule, Indonesia experienced rapid industrialization and economic growth.[PARAGRAPH:1]The Suharto regime had won the favour of Western governments and institutions, however, in 1990's, its increasingly authoritarian and corrupt practices became a source of much discontent. After the 1990s brought end of the Cold War, Western concern over communism waned, and Suharto's human rights record came under greater international scrutiny. In 1991, the murder of East Timorese civilians in a Dili cemetery, also known as the "Santa Cruz Massacre", caused American attention to focus on its military relations with the Suharto regime and the question of Indonesia's occupation of East Timor. In 1992,this attention resulted in the Congress of the United States passing limitations on IMET assistance to the Indonesian military, over the objections of President George H.W. Bush. In 1993, under President Bill Clinton, the U.S. delegation to the UN Human Rights Commission helped pass a resolution expressing deep concern over Indonesian human rights violations in East Timor. The Indonesian invasion and occupation of East Timor has been called the worst instance of genocide (relative to population) since the Holocaust.[PARAGRAPH:1]His almost unquestioned authority over Indonesian affairs slipped dramatically when the Asian financial crisis lowered Indonesians' standard of living and fractured his support among the nation's military, political and civil society institutions. After internal unrest and diplomatic isolation sapped his support in the mid-to-late 1990s, Suharto was forced to resign from the presidency in May 1998.[PARAGRAPH:1]After serving as the public face of Indonesia for over 30 years, Suharto now lives his post-presidential years in virtual seclusion. His legacy remains hotly debated and contested both in Indonesia and in foreign-policy debates in the West. Since his resignation, Suharto has retired to a family compound in Central Jakarta, making few public appearances. Efforts to prosecute Suharto have mostly centered around alleged mismanagement of funds, and their force has been blunted due to health concerns.</Italian>
		<Spanish>[H1]Haji Mohammed Suharto[\H1][NEWLINE][BOLD]President of Indonesia[\BOLD][NEWLINE][BOLD]Lived: [\BOLD] 1921 - 2008 [NEWLINE][PARAGRAPH:2][BOLD]Background:[\BOLD][NEWLINE][TAB]Haji Mohammad Soeharto, more commonly referred to as simply Soeharto (General Suharto in the English-speaking world), is a former Indonesian military and political leader. He served as a military officer in the Indonesian National Revolution, but is better known as the long-reigning second President of Indonesia, holding the office from 1967 to 1998.[PARAGRAPH:1]Suharto seized power from his predecessor, the first president of Indonesia Sukarno, through a mixture of force and political maneuvering against the backdrop of foreign and domestic unrest. Over the three decades of his "New Order" regime, Suharto constructed a strong central government along militarist lines. An ability to maintain stability and an avowedly anti-Communist stance won him the economic and diplomatic patronage of several Western governments in the era of the Cold War. For almost all of his three-decade rule, Indonesia experienced rapid industrialization and economic growth.[PARAGRAPH:1]The Suharto regime had won the favour of Western governments and institutions, however, in 1990's, its increasingly authoritarian and corrupt practices became a source of much discontent. After the 1990s brought end of the Cold War, Western concern over communism waned, and Suharto's human rights record came under greater international scrutiny. In 1991, the murder of East Timorese civilians in a Dili cemetery, also known as the "Santa Cruz Massacre", caused American attention to focus on its military relations with the Suharto regime and the question of Indonesia's occupation of East Timor. In 1992,this attention resulted in the Congress of the United States passing limitations on IMET assistance to the Indonesian military, over the objections of President George H.W. Bush. In 1993, under President Bill Clinton, the U.S. delegation to the UN Human Rights Commission helped pass a resolution expressing deep concern over Indonesian human rights violations in East Timor. The Indonesian invasion and occupation of East Timor has been called the worst instance of genocide (relative to population) since the Holocaust.[PARAGRAPH:1]His almost unquestioned authority over Indonesian affairs slipped dramatically when the Asian financial crisis lowered Indonesians' standard of living and fractured his support among the nation's military, political and civil society institutions. After internal unrest and diplomatic isolation sapped his support in the mid-to-late 1990s, Suharto was forced to resign from the presidency in May 1998.[PARAGRAPH:1]After serving as the public face of Indonesia for over 30 years, Suharto now lives his post-presidential years in virtual seclusion. His legacy remains hotly debated and contested both in Indonesia and in foreign-policy debates in the West. Since his resignation, Suharto has retired to a family compound in Central Jakarta, making few public appearances. Efforts to prosecute Suharto have mostly centered around alleged mismanagement of funds, and their force has been blunted due to health concerns.</Spanish>
	</TEXT>
	<TEXT>
		<Tag>AI_DIPLO_FIRST_CONTACT_LEADER_SUHARTO_1</Tag>
		<English>We, the [OUR_CIV_ADJ] people, come in peace. But never think that still waters are without crocodiles, [CT_NAME] of the [CT_EMPIRE].</English>
		<French>Nous, le peuple indon�sien, venons en paix. Cependant, ne pensez jamais que les eaux tranquilles sont sans crocodiles, [CT_NAME] des [CT_EMPIRE].</French>
		<German>We, the [OUR_CIV_ADJ] people, come in peace. But never think that still waters are without crocodiles, [CT_NAME] of the [CT_EMPIRE].</German>
		<Italian>We, the [OUR_CIV_ADJ] people, come in peace. But never think that still waters are without crocodiles, [CT_NAME] of the [CT_EMPIRE].</Italian>
		<Spanish>We, the [OUR_CIV_ADJ] people, come in peace. But never think that still waters are without crocodiles, [CT_NAME] of the [CT_EMPIRE].</Spanish>
	</TEXT>
</Civ4GameText>