<?xml version="1.0" encoding="ISO-8859-1"?>
<!-- Sid Meier's Civilization 4 Beyond the Sword -->
<!-- Modified by the Civ Gold Team -->
<!-- -->
<Civ4GameText xmlns="http://www.firaxis.com">
	<TEXT>
		<Tag>TXT_KEY_CIV_SELJUK_DESC</Tag>
		<English>Seljuk Empire</English>
		<French>Dynastie Seldjouk</French>
		<German>Seljuk Empire</German>
		<Italian>Seljuk Empire</Italian>
		<Spanish>Seljuk Empire</Spanish>
	</TEXT>	
	<TEXT>
		<Tag>TXT_KEY_CIV_SELJUK_SHORT_DESC</Tag>
		<English>Seljuks</English>
		<French>Seldjouks</French>
		<German>Seljuks</German>
		<Italian>Seljuks</Italian>
		<Spanish>Seljuks</Spanish>
	</TEXT>
	<TEXT>
		<Tag>TXT_KEY_CIV_SELJUK_ADJECTIVE</Tag>
		<English>Seljuk</English>
		<French>Seldjouk</French>
		<German>Seljuk</German>
		<Italian>Seljuk</Italian>
		<Spanish>Seljuk</Spanish>
	</TEXT>
	<TEXT>
		<Tag>TXT_KEY_CIV_SELJUK_PEDIA</Tag>
		<English>[TAB]The Seljuk Turks (also Seldjuk, Seluk, Seljuk Turks)  ruled a huge Persianized empire in the eleventh century, which was a practical successor to the northern part of the Arab empire, as it included Baghdad and all of Persia. At its largest extent, which lasted for only a brief time, it also included all of Palestine and Anatolia in the West, and a large part of Afghanistan in the East, and reached as far north as the Aral sea and Armenia. The Seljuks were originally a clan or clans of the Oguz or Oghuz Turkmen tribes that invaded the Central Asian Steppes about 1000 CE.  They converted to Islam, and, on conquering Persia, became Persianized in language and culture. The rapid Seljuk expansion alarmed Christian Europe, which became concerned for the fate of the Eastern Roman Empire ("Byzantium" with its capital at Constantinople).  It also attracted the attentions of all the rival Muslim emirates and dynasties on their borders, and particularly the Shi'a, whose faithful were a majority in the area of Iran.[PARAGRAPH:2]The Seljuks came to speak Persian and spread Persian culture throughout the Middle East.  and they used Farsi as their official language. As with many of the Muslim empires, divisions were fostered by unclear rules of succession and by splitting up the emirates among the sons of rulers. Nominally, all the associated realms were ruled by a Grand Sultan, but the connections were weak and the they were slow to aid each other in case of attack. The Seljuk empire contracted until it was left only with Eastern Anatolia, called the "The Seljuks of Rum." Rum is the Arab word for "Rome," meaning the Byzantine empire. This area was populated by Byzantine Christians, Armenians and Sunni and Shia Muslims. The Seljuks succeeded in providing a relatively stable and tolerant state.  The Seljuk empire was subjugated by the Mongols and eventually eliminated.[PARAGRAPH:2]About 1040 Togrul Beg, chief of the Seljuks and grandson of Seljuk, began to conquer large parts of the lands that comprises modern Iran and Iraq. By 1055, he had  conquered Baghdad from the Shia Buyids, and made himself protector of the caliph in Baghdad. Nominally, the Caliph was his superior, and bestowed the title of Sultan on him. Togrul's successor, Alp Arslan, expanded significantly upon Togrul's holdings by adding Armenia and Georgia in 1064 and invading the Byzantine Empire in 1068, from which he annexed almost all of Anatolia; Arslan's decisive victory at the Battle of Manzikert (in 1071) effectively neutralized the Byzantine threat, and, according to some historians, the Byzantines' defeat began their long decline. Alp Arslan authorized his Turcoman generals to carve their own principalities out of formerly Byzantine Anatolia, as atabegs loyal to him. Within two years the Turcomans had established control as far as the Aegean Sea under numerous "beghliks" (modern Turkish beyliks): the Saltuklus in Northeastern Anatolia, Mengujeqs in Eastern Anatolia, Artuqids in Southeastern Anatolia, Danishmendis in Central Anatolia, Rum Seljuks (Beghlik of Suleyman, which later moved to Central Anatolia) in Western Anatolia and the Beghlik of Caka Beg in Izmir (Smyrna).[PARAGRAPH:2]A crucial stage in Seljuk history and in the history of Muslim-Christian relations was marked by the Battle of Manzikert in 1071. The Battle of Manzikert  was fought between the Byzantine Empire lead by Emperor Romanos IV Diogenes  and Seljuk forces led by Alp Arslan on August 26, 1071 near Manzikert (Malazgirt). The power of the Byzantine empire had been waning. This battle demonstrated its weakness. The Emperor was captured and humiliated, but set free. The following year, Arslan died and the Turks proceeded to settle Anatolia, capturing Iconium (Konya) and making it the seat of their Rum sultanate. News of the Battle of Manzikert ignited the first Crusade. [PARAGRAPH:2]Toward the end of the Eleventh century and the beginning of the twelfth, the Seljuk state in Persia began disintegrating  into smaller states, ruled by relatives and descendants of the previous sultans. Western Persia (Hamadan) came to be ruled by a different line than southern Persia, Kerman, though for a time the Sultanate of Rum remained nominally under their sway. In 1097, the Seljuks were defeated by the Crusaders in Anatolia, losing Western Anatolia  to Christian rulers. In 1194, Togrul III, the last Iranian Seljuk sultan, fell  on the battlefield fighting Khwarazmshah, who annexed Western Persia. [PARAGRAPH:2]Around 1230 the Seljuks of Rum fought the Khorezmians and defeated them. However, they were invaded and subjugated by the Mongols in 1243. Seljuk rulers continued to rule as tributaries of the Mongols. Ghiyath ad-Din Mesud II, the last Seljuk Sultan, was removed and reinstated in office several times by his Mongol overlords. He died or was removed from office for the last time about 1306 or 1307, ending the Seljuk line.[PARAGRAPH:2][PARAGRAPH:2]</English>
		<French>in French</French>
		<German>in German</German>
		<Italian>in Italian</Italian>
		<Spanish>in Spanish</Spanish>
	</TEXT>
</Civ4GameText>