<?xml version="1.0" encoding="utf-8"?>
<!-- Sid Meier's Civilization 4 -->
<!-- Copyright Firaxis Games 2005 -->
<!-- -->
<!-- Game Text Civilopedia CivLeaders -->
<Civ4GameText xmlns="http://www.firaxis.com">
	<!-- CIVILIZATION INFOS -->
	<TEXT>
		<Tag>TXT_KEY_UNIT_SWISS_HELLEBARDIER</Tag>
		<English>Hellebardier</English>
		<French>Hallebardier</French>
		<German>Hellebardier</German>
		<Italian>Hellebardier</Italian>
		<Spanish>Hellebardier</Spanish>
		<Russian>Hellebardier</Russian>
		<Chinese>Hellebardier</Chinese>
	</TEXT>
	<TEXT>
		<Tag>TXT_KEY_UNIT_SWISS_HELLEBARDIER_PEDIA</Tag>
		<English>[TAB]During the Late Middle Ages, mercenary forces grew in importance in Europe, as veterans from the Hundred Years War and other conflicts came to see soldiering as a profession rather than a temporary activity, and commanders sought long-term professionals rather than temporary feudal levies to fight their wars. Swiss mercenaries (Reisläufer) were valued throughout Late Medieval Europe for the power of their determined mass attack in deep columns with the pike and halberd. Hiring them was made even more attractive because entire ready-made Swiss mercenary contingents could be obtained by simply contracting with their local governments, the various Swiss cantonsthe cantons had a form of militia system in which the soldiers were bound to serve and were trained and equipped to do so. It should be noted, however, that the Swiss also hired themselves out individually or in small bands.[PARAGRAPH:1]The warriors of the Swiss cantons had gradually developed a reputation throughout Europe as skilled soldiers, due to their successful defense of their liberties against their Austrian Habsburg overlords, starting as early as the late thirteenth century, including such remarkable upset victories over heavily-armoured knights as Morgarten and Laupen. This was furthered by later successful campaigns of regional expansion (mainly into Italy). By the fifteenth century they were greatly valued as mercenary soldiers, particularly following their series of notable victories in the Burgundian Wars in the latter part of the century. As a result, bands of men, sometime acting independently, other times under the banners of their cantons, marched off to foreign lands to fight in the causes of others, for pay. The native term Reisläufer literally means "one who goes to war" and is derived from Middle High German Reise, meaning "military campaign."[PARAGRAPH:1]The Swiss, with their head-down attack in huge columns with the long pike, refusal to take prisoners, and consistent record of victory, were greatly feared and admiredfor instance, Machiavelli addresses their system of combat at length in The Prince. The Valois Kings of France, in fact, considered it a virtual impossibility to take the field of battle without Swiss pikemen as the infantry core of their armies. (Although often referred to as "pikemen," the Swiss mercenary units also contained halberdiers  as well until several decades into the sixteenth century, as well as a small number of skirmishers armed with crossbows or crude firearms to precede the rapid advance of the attack column.)[PARAGRAPH:1]The young men who went off to fight, and sometimes die, in foreign service had several incentiveslimited economic options in the still largely-rural cantons; adventure; pride in the reputation of the Swiss as soldiers; and finally what military historian Sir Charles Oman describes as a pure love of combat and warfighting in and of itself, forged by two centuries of conflict.</English>
		<French>[TAB]During the Late Middle Ages, mercenary forces grew in importance in Europe, as veterans from the Hundred Years War and other conflicts came to see soldiering as a profession rather than a temporary activity, and commanders sought long-term professionals rather than temporary feudal levies to fight their wars. Swiss mercenaries (Reisläufer) were valued throughout Late Medieval Europe for the power of their determined mass attack in deep columns with the pike and halberd. Hiring them was made even more attractive because entire ready-made Swiss mercenary contingents could be obtained by simply contracting with their local governments, the various Swiss cantonsthe cantons had a form of militia system in which the soldiers were bound to serve and were trained and equipped to do so. It should be noted, however, that the Swiss also hired themselves out individually or in small bands.[PARAGRAPH:1]The warriors of the Swiss cantons had gradually developed a reputation throughout Europe as skilled soldiers, due to their successful defense of their liberties against their Austrian Habsburg overlords, starting as early as the late thirteenth century, including such remarkable upset victories over heavily-armoured knights as Morgarten and Laupen. This was furthered by later successful campaigns of regional expansion (mainly into Italy). By the fifteenth century they were greatly valued as mercenary soldiers, particularly following their series of notable victories in the Burgundian Wars in the latter part of the century. As a result, bands of men, sometime acting independently, other times under the banners of their cantons, marched off to foreign lands to fight in the causes of others, for pay. The native term Reisläufer literally means "one who goes to war" and is derived from Middle High German Reise, meaning "military campaign."[PARAGRAPH:1]The Swiss, with their head-down attack in huge columns with the long pike, refusal to take prisoners, and consistent record of victory, were greatly feared and admiredfor instance, Machiavelli addresses their system of combat at length in The Prince. The Valois Kings of France, in fact, considered it a virtual impossibility to take the field of battle without Swiss pikemen as the infantry core of their armies. (Although often referred to as "pikemen," the Swiss mercenary units also contained halberdiers  as well until several decades into the sixteenth century, as well as a small number of skirmishers armed with crossbows or crude firearms to precede the rapid advance of the attack column.)[PARAGRAPH:1]The young men who went off to fight, and sometimes die, in foreign service had several incentiveslimited economic options in the still largely-rural cantons; adventure; pride in the reputation of the Swiss as soldiers; and finally what military historian Sir Charles Oman describes as a pure love of combat and warfighting in and of itself, forged by two centuries of conflict.</French>
		<German>[TAB]During the Late Middle Ages, mercenary forces grew in importance in Europe, as veterans from the Hundred Years War and other conflicts came to see soldiering as a profession rather than a temporary activity, and commanders sought long-term professionals rather than temporary feudal levies to fight their wars. Swiss mercenaries (Reisläufer) were valued throughout Late Medieval Europe for the power of their determined mass attack in deep columns with the pike and halberd. Hiring them was made even more attractive because entire ready-made Swiss mercenary contingents could be obtained by simply contracting with their local governments, the various Swiss cantonsthe cantons had a form of militia system in which the soldiers were bound to serve and were trained and equipped to do so. It should be noted, however, that the Swiss also hired themselves out individually or in small bands.[PARAGRAPH:1]The warriors of the Swiss cantons had gradually developed a reputation throughout Europe as skilled soldiers, due to their successful defense of their liberties against their Austrian Habsburg overlords, starting as early as the late thirteenth century, including such remarkable upset victories over heavily-armoured knights as Morgarten and Laupen. This was furthered by later successful campaigns of regional expansion (mainly into Italy). By the fifteenth century they were greatly valued as mercenary soldiers, particularly following their series of notable victories in the Burgundian Wars in the latter part of the century. As a result, bands of men, sometime acting independently, other times under the banners of their cantons, marched off to foreign lands to fight in the causes of others, for pay. The native term Reisläufer literally means "one who goes to war" and is derived from Middle High German Reise, meaning "military campaign."[PARAGRAPH:1]The Swiss, with their head-down attack in huge columns with the long pike, refusal to take prisoners, and consistent record of victory, were greatly feared and admiredfor instance, Machiavelli addresses their system of combat at length in The Prince. The Valois Kings of France, in fact, considered it a virtual impossibility to take the field of battle without Swiss pikemen as the infantry core of their armies. (Although often referred to as "pikemen," the Swiss mercenary units also contained halberdiers  as well until several decades into the sixteenth century, as well as a small number of skirmishers armed with crossbows or crude firearms to precede the rapid advance of the attack column.)[PARAGRAPH:1]The young men who went off to fight, and sometimes die, in foreign service had several incentiveslimited economic options in the still largely-rural cantons; adventure; pride in the reputation of the Swiss as soldiers; and finally what military historian Sir Charles Oman describes as a pure love of combat and warfighting in and of itself, forged by two centuries of conflict.</German>
		<Italian>[TAB]During the Late Middle Ages, mercenary forces grew in importance in Europe, as veterans from the Hundred Years War and other conflicts came to see soldiering as a profession rather than a temporary activity, and commanders sought long-term professionals rather than temporary feudal levies to fight their wars. Swiss mercenaries (Reisläufer) were valued throughout Late Medieval Europe for the power of their determined mass attack in deep columns with the pike and halberd. Hiring them was made even more attractive because entire ready-made Swiss mercenary contingents could be obtained by simply contracting with their local governments, the various Swiss cantonsthe cantons had a form of militia system in which the soldiers were bound to serve and were trained and equipped to do so. It should be noted, however, that the Swiss also hired themselves out individually or in small bands.[PARAGRAPH:1]The warriors of the Swiss cantons had gradually developed a reputation throughout Europe as skilled soldiers, due to their successful defense of their liberties against their Austrian Habsburg overlords, starting as early as the late thirteenth century, including such remarkable upset victories over heavily-armoured knights as Morgarten and Laupen. This was furthered by later successful campaigns of regional expansion (mainly into Italy). By the fifteenth century they were greatly valued as mercenary soldiers, particularly following their series of notable victories in the Burgundian Wars in the latter part of the century. As a result, bands of men, sometime acting independently, other times under the banners of their cantons, marched off to foreign lands to fight in the causes of others, for pay. The native term Reisläufer literally means "one who goes to war" and is derived from Middle High German Reise, meaning "military campaign."[PARAGRAPH:1]The Swiss, with their head-down attack in huge columns with the long pike, refusal to take prisoners, and consistent record of victory, were greatly feared and admiredfor instance, Machiavelli addresses their system of combat at length in The Prince. The Valois Kings of France, in fact, considered it a virtual impossibility to take the field of battle without Swiss pikemen as the infantry core of their armies. (Although often referred to as "pikemen," the Swiss mercenary units also contained halberdiers  as well until several decades into the sixteenth century, as well as a small number of skirmishers armed with crossbows or crude firearms to precede the rapid advance of the attack column.)[PARAGRAPH:1]The young men who went off to fight, and sometimes die, in foreign service had several incentiveslimited economic options in the still largely-rural cantons; adventure; pride in the reputation of the Swiss as soldiers; and finally what military historian Sir Charles Oman describes as a pure love of combat and warfighting in and of itself, forged by two centuries of conflict.</Italian>
		<Spanish>[TAB]During the Late Middle Ages, mercenary forces grew in importance in Europe, as veterans from the Hundred Years War and other conflicts came to see soldiering as a profession rather than a temporary activity, and commanders sought long-term professionals rather than temporary feudal levies to fight their wars. Swiss mercenaries (Reisläufer) were valued throughout Late Medieval Europe for the power of their determined mass attack in deep columns with the pike and halberd. Hiring them was made even more attractive because entire ready-made Swiss mercenary contingents could be obtained by simply contracting with their local governments, the various Swiss cantonsthe cantons had a form of militia system in which the soldiers were bound to serve and were trained and equipped to do so. It should be noted, however, that the Swiss also hired themselves out individually or in small bands.[PARAGRAPH:1]The warriors of the Swiss cantons had gradually developed a reputation throughout Europe as skilled soldiers, due to their successful defense of their liberties against their Austrian Habsburg overlords, starting as early as the late thirteenth century, including such remarkable upset victories over heavily-armoured knights as Morgarten and Laupen. This was furthered by later successful campaigns of regional expansion (mainly into Italy). By the fifteenth century they were greatly valued as mercenary soldiers, particularly following their series of notable victories in the Burgundian Wars in the latter part of the century. As a result, bands of men, sometime acting independently, other times under the banners of their cantons, marched off to foreign lands to fight in the causes of others, for pay. The native term Reisläufer literally means "one who goes to war" and is derived from Middle High German Reise, meaning "military campaign."[PARAGRAPH:1]The Swiss, with their head-down attack in huge columns with the long pike, refusal to take prisoners, and consistent record of victory, were greatly feared and admiredfor instance, Machiavelli addresses their system of combat at length in The Prince. The Valois Kings of France, in fact, considered it a virtual impossibility to take the field of battle without Swiss pikemen as the infantry core of their armies. (Although often referred to as "pikemen," the Swiss mercenary units also contained halberdiers  as well until several decades into the sixteenth century, as well as a small number of skirmishers armed with crossbows or crude firearms to precede the rapid advance of the attack column.)[PARAGRAPH:1]The young men who went off to fight, and sometimes die, in foreign service had several incentiveslimited economic options in the still largely-rural cantons; adventure; pride in the reputation of the Swiss as soldiers; and finally what military historian Sir Charles Oman describes as a pure love of combat and warfighting in and of itself, forged by two centuries of conflict.</Spanish>
	</TEXT>
	<TEXT>
		<Tag>TXT_KEY_UNIT_SWISS_HELLEBARDIER_STRATEGY</Tag>
		<English>The Swiss replacement for the [COLOR_UNIT_TEXT]Heavy Pikeman[COLOR_REVERT] is powerful in hills. Their tactics against cavalry are superior and his military dexterity and intensive training makes it a little stronger than normal. Defend the small Swiss cantons against much higher number enemies requires are well prepared but these benefits are paid expensive, so maintenance is more expensive than average and their recruitment a bit slower.</English>
		<French>L'équivalent suisse du [COLOR_UNIT_TEXT]piquier lourd[COLOR_REVERT] est très puissant dans les collines. Leur tactique contre la cavalerie est supérieure et leur dextérité militaire combiné à un entraînement intensif les rend plus forts que la normale. Ils peuvent défendre les petits cantons suisse contre un nombre bien plus élevé d'ennemis au détriment d'un coût d'entretien plus élevé et d'un recrutement plus lent.</French>
		<German>The Swiss replacement for the [COLOR_UNIT_TEXT]Heavy Pikeman[COLOR_REVERT] is powerful in hills. Their tactics against cavalry are superior and his military dexterity and intensive training makes it a little stronger than normal. Defend the small Swiss cantons against much higher number enemies requires are well prepared but these benefits are paid expensive, so maintenance is more expensive than average and their recruitment a bit slower.</German>
		<Italian>The Swiss replacement for the [COLOR_UNIT_TEXT]Heavy Pikeman[COLOR_REVERT] is powerful in hills. Their tactics against cavalry are superior and his military dexterity and intensive training makes it a little stronger than normal. Defend the small Swiss cantons against much higher number enemies requires are well prepared but these benefits are paid expensive, so maintenance is more expensive than average and their recruitment a bit slower.</Italian>
		<Spanish>The Swiss replacement for the [COLOR_UNIT_TEXT]Heavy Pikeman[COLOR_REVERT] is powerful in hills. Their tactics against cavalry are superior and his military dexterity and intensive training makes it a little stronger than normal. Defend the small Swiss cantons against much higher number enemies requires are well prepared but these benefits are paid expensive, so maintenance is more expensive than average and their recruitment a bit slower.</Spanish>
	</TEXT>
</Civ4GameText>
