<?xml version="1.0" encoding="ISO-8859-1"?>
<!-- Sid Meier's Civilization 4 Beyond the Sword -->
<!-- Modified by the Civ Gold Team -->
<!-- -->
<Civ4GameText xmlns="http://www.firaxis.com">
	<TEXT>
		<Tag>TXT_KEY_LEADER_YAGAN</Tag>
		<English>Yagan</English>
		<French>Yagan</French>
		<German>Yagan</German>
		<Italian>Yagan</Italian>
		<Spanish>Yagan</Spanish>
		<Russian>Yagan</Russian>
		<Japanese>Yagan</Japanese>
		<Chinese>Yagan</Chinese>
	</TEXT>
	<TEXT>
		<Tag>TXT_KEY_LEADER_YAGAN_PEDIA</Tag>
		<English>[H1]Yagan[\H1][NEWLINE][BOLD]Noongar Warrior [\BOLD][NEWLINE][BOLD]Lived: [\BOLD]c.1795 - 1833[NEWLINE][PARAGRAPH:1][BOLD]Background:[\BOLD][NEWLINE][TAB]Yagan was a Noongar warrior who played a key part in early indigenous Australian resistance to European settlement and rule in the area of Perth, Western Australia. After he led a series of attacks in which white settlers were killed, a bounty was offered for his capture dead or alive, and he was shot dead by a young settler. Yagan's death has passed into Western Australian folklore as a symbol of the unjust and sometimes brutal treatment of the indigenous peoples of Australia by colonial settlers.[PARAGRAPH:1]Yagan is thought to have been born around 1795. His father was Midgegooroo, an elder of the Beeliar people; his mother was presumably one of Midgegooroo's two wives. Yagan was probably a Ballaroke in the Noongar classification. According to Green, he had a wife and two children, but most other sources state that he was unmarried and childless. Described as taller than average with an impressive burly physique, Yagan had a distinctive tribal tattoo on his right shoulder which identified him as "a man of high degree in tribal law". He was generally acknowledged to be the most physically powerful of his tribe. [PARAGRAPH:1]In June 1832 Yagan led a party of Aborigines in an attack on two labourers who were sowing a field of wheat alongside the Canning River near Kelmscott. One of the men escaped, but the other, William Gaze, was wounded and later died, possibly through infection of the spear wound. In response to this, Yagan was declared an outlaw. Yagan managed to avoid capture until early October 1832. He was sentenced to death, but he was saved by the intercession of a settler named Robert Lyon, who argued that Yagan was defending his land against invasion, and was therefore not a criminal but a prisoner of war, and was entitled to be treated as such. At the recommendation of John Septimus Roe, Yagan and his friends were instead exiled on Carnac Island at the Governor's pleasure, under the supervision of Lyon and two soldiers. [PARAGRAPH:1]On 11 July 1833, two teenage brothers named William and James Keates were herding cattle along the Swan River north of Guildford when a group of Noongars approached. Being on friendly terms with Yagan, the Keates brothers suggested he remain with them to avoid arrest. Yagan remained with them all morning, during which time the boys decided to kill Yagan and claim the reward. William Keates tried once to shoot him but the gun stopped at half-cock; no further opportunity arose before they were rejoined by the other natives. When the natives attempted to depart, the Keates took their last opportunity. William Keates shot Yagan, and James shot another native, Heegan, in the act of throwing his spear. Both boys then ran for the river, but William was overtaken and speared to death. James escaped by swimming the river and returned shortly afterwards with a party of armed settlers from Bull's estate. [PARAGRAPH:1]Moore records that a party of soldiers passed by the area shortly after the incident, and speculates that they must have "frightened the natives (I supposed) or they would have carried off the bodies". When the party of settlers arrived, they found Yagan dead and Heegan dying. Heegan "was groaning and his brains were partly out when the party came, and whether humanity or brutality, a man put a gun to his head and blew it to pieces." Yagan's head was then cut from his body, and his back was skinned to obtain his tribal markings as a trophy. The bodies were buried a short distance from where they had been killed.</English>
		<French>[H1]Yagan[\H1][NEWLINE][BOLD]Noongar Warrior [\BOLD][NEWLINE][BOLD]Lived: [\BOLD]c.1795 - 1833[NEWLINE][PARAGRAPH:1][BOLD]Background:[\BOLD][NEWLINE][TAB]Yagan was a Noongar warrior who played a key part in early indigenous Australian resistance to European settlement and rule in the area of Perth, Western Australia. After he led a series of attacks in which white settlers were killed, a bounty was offered for his capture dead or alive, and he was shot dead by a young settler. Yagan's death has passed into Western Australian folklore as a symbol of the unjust and sometimes brutal treatment of the indigenous peoples of Australia by colonial settlers.[PARAGRAPH:1]Yagan is thought to have been born around 1795. His father was Midgegooroo, an elder of the Beeliar people; his mother was presumably one of Midgegooroo's two wives. Yagan was probably a Ballaroke in the Noongar classification. According to Green, he had a wife and two children, but most other sources state that he was unmarried and childless. Described as taller than average with an impressive burly physique, Yagan had a distinctive tribal tattoo on his right shoulder which identified him as "a man of high degree in tribal law". He was generally acknowledged to be the most physically powerful of his tribe. [PARAGRAPH:1]In June 1832 Yagan led a party of Aborigines in an attack on two labourers who were sowing a field of wheat alongside the Canning River near Kelmscott. One of the men escaped, but the other, William Gaze, was wounded and later died, possibly through infection of the spear wound. In response to this, Yagan was declared an outlaw. Yagan managed to avoid capture until early October 1832. He was sentenced to death, but he was saved by the intercession of a settler named Robert Lyon, who argued that Yagan was defending his land against invasion, and was therefore not a criminal but a prisoner of war, and was entitled to be treated as such. At the recommendation of John Septimus Roe, Yagan and his friends were instead exiled on Carnac Island at the Governor's pleasure, under the supervision of Lyon and two soldiers. [PARAGRAPH:1]On 11 July 1833, two teenage brothers named William and James Keates were herding cattle along the Swan River north of Guildford when a group of Noongars approached. Being on friendly terms with Yagan, the Keates brothers suggested he remain with them to avoid arrest. Yagan remained with them all morning, during which time the boys decided to kill Yagan and claim the reward. William Keates tried once to shoot him but the gun stopped at half-cock; no further opportunity arose before they were rejoined by the other natives. When the natives attempted to depart, the Keates took their last opportunity. William Keates shot Yagan, and James shot another native, Heegan, in the act of throwing his spear. Both boys then ran for the river, but William was overtaken and speared to death. James escaped by swimming the river and returned shortly afterwards with a party of armed settlers from Bull's estate. [PARAGRAPH:1]Moore records that a party of soldiers passed by the area shortly after the incident, and speculates that they must have "frightened the natives (I supposed) or they would have carried off the bodies". When the party of settlers arrived, they found Yagan dead and Heegan dying. Heegan "was groaning and his brains were partly out when the party came, and whether humanity or brutality, a man put a gun to his head and blew it to pieces." Yagan's head was then cut from his body, and his back was skinned to obtain his tribal markings as a trophy. The bodies were buried a short distance from where they had been killed.</French>
		<German>[H1]Yagan[\H1][NEWLINE][BOLD]Noongar Warrior [\BOLD][NEWLINE][BOLD]Lived: [\BOLD]c.1795 - 1833[NEWLINE][PARAGRAPH:1][BOLD]Background:[\BOLD][NEWLINE][TAB]Yagan was a Noongar warrior who played a key part in early indigenous Australian resistance to European settlement and rule in the area of Perth, Western Australia. After he led a series of attacks in which white settlers were killed, a bounty was offered for his capture dead or alive, and he was shot dead by a young settler. Yagan's death has passed into Western Australian folklore as a symbol of the unjust and sometimes brutal treatment of the indigenous peoples of Australia by colonial settlers.[PARAGRAPH:1]Yagan is thought to have been born around 1795. His father was Midgegooroo, an elder of the Beeliar people; his mother was presumably one of Midgegooroo's two wives. Yagan was probably a Ballaroke in the Noongar classification. According to Green, he had a wife and two children, but most other sources state that he was unmarried and childless. Described as taller than average with an impressive burly physique, Yagan had a distinctive tribal tattoo on his right shoulder which identified him as "a man of high degree in tribal law". He was generally acknowledged to be the most physically powerful of his tribe. [PARAGRAPH:1]In June 1832 Yagan led a party of Aborigines in an attack on two labourers who were sowing a field of wheat alongside the Canning River near Kelmscott. One of the men escaped, but the other, William Gaze, was wounded and later died, possibly through infection of the spear wound. In response to this, Yagan was declared an outlaw. Yagan managed to avoid capture until early October 1832. He was sentenced to death, but he was saved by the intercession of a settler named Robert Lyon, who argued that Yagan was defending his land against invasion, and was therefore not a criminal but a prisoner of war, and was entitled to be treated as such. At the recommendation of John Septimus Roe, Yagan and his friends were instead exiled on Carnac Island at the Governor's pleasure, under the supervision of Lyon and two soldiers. [PARAGRAPH:1]On 11 July 1833, two teenage brothers named William and James Keates were herding cattle along the Swan River north of Guildford when a group of Noongars approached. Being on friendly terms with Yagan, the Keates brothers suggested he remain with them to avoid arrest. Yagan remained with them all morning, during which time the boys decided to kill Yagan and claim the reward. William Keates tried once to shoot him but the gun stopped at half-cock; no further opportunity arose before they were rejoined by the other natives. When the natives attempted to depart, the Keates took their last opportunity. William Keates shot Yagan, and James shot another native, Heegan, in the act of throwing his spear. Both boys then ran for the river, but William was overtaken and speared to death. James escaped by swimming the river and returned shortly afterwards with a party of armed settlers from Bull's estate. [PARAGRAPH:1]Moore records that a party of soldiers passed by the area shortly after the incident, and speculates that they must have "frightened the natives (I supposed) or they would have carried off the bodies". When the party of settlers arrived, they found Yagan dead and Heegan dying. Heegan "was groaning and his brains were partly out when the party came, and whether humanity or brutality, a man put a gun to his head and blew it to pieces." Yagan's head was then cut from his body, and his back was skinned to obtain his tribal markings as a trophy. The bodies were buried a short distance from where they had been killed.</German>
		<Italian>[H1]Yagan[\H1][NEWLINE][BOLD]Noongar Warrior [\BOLD][NEWLINE][BOLD]Lived: [\BOLD]c.1795 - 1833[NEWLINE][PARAGRAPH:1][BOLD]Background:[\BOLD][NEWLINE][TAB]Yagan was a Noongar warrior who played a key part in early indigenous Australian resistance to European settlement and rule in the area of Perth, Western Australia. After he led a series of attacks in which white settlers were killed, a bounty was offered for his capture dead or alive, and he was shot dead by a young settler. Yagan's death has passed into Western Australian folklore as a symbol of the unjust and sometimes brutal treatment of the indigenous peoples of Australia by colonial settlers.[PARAGRAPH:1]Yagan is thought to have been born around 1795. His father was Midgegooroo, an elder of the Beeliar people; his mother was presumably one of Midgegooroo's two wives. Yagan was probably a Ballaroke in the Noongar classification. According to Green, he had a wife and two children, but most other sources state that he was unmarried and childless. Described as taller than average with an impressive burly physique, Yagan had a distinctive tribal tattoo on his right shoulder which identified him as "a man of high degree in tribal law". He was generally acknowledged to be the most physically powerful of his tribe. [PARAGRAPH:1]In June 1832 Yagan led a party of Aborigines in an attack on two labourers who were sowing a field of wheat alongside the Canning River near Kelmscott. One of the men escaped, but the other, William Gaze, was wounded and later died, possibly through infection of the spear wound. In response to this, Yagan was declared an outlaw. Yagan managed to avoid capture until early October 1832. He was sentenced to death, but he was saved by the intercession of a settler named Robert Lyon, who argued that Yagan was defending his land against invasion, and was therefore not a criminal but a prisoner of war, and was entitled to be treated as such. At the recommendation of John Septimus Roe, Yagan and his friends were instead exiled on Carnac Island at the Governor's pleasure, under the supervision of Lyon and two soldiers. [PARAGRAPH:1]On 11 July 1833, two teenage brothers named William and James Keates were herding cattle along the Swan River north of Guildford when a group of Noongars approached. Being on friendly terms with Yagan, the Keates brothers suggested he remain with them to avoid arrest. Yagan remained with them all morning, during which time the boys decided to kill Yagan and claim the reward. William Keates tried once to shoot him but the gun stopped at half-cock; no further opportunity arose before they were rejoined by the other natives. When the natives attempted to depart, the Keates took their last opportunity. William Keates shot Yagan, and James shot another native, Heegan, in the act of throwing his spear. Both boys then ran for the river, but William was overtaken and speared to death. James escaped by swimming the river and returned shortly afterwards with a party of armed settlers from Bull's estate. [PARAGRAPH:1]Moore records that a party of soldiers passed by the area shortly after the incident, and speculates that they must have "frightened the natives (I supposed) or they would have carried off the bodies". When the party of settlers arrived, they found Yagan dead and Heegan dying. Heegan "was groaning and his brains were partly out when the party came, and whether humanity or brutality, a man put a gun to his head and blew it to pieces." Yagan's head was then cut from his body, and his back was skinned to obtain his tribal markings as a trophy. The bodies were buried a short distance from where they had been killed.</Italian>
		<Spanish>[H1]Yagan[\H1][NEWLINE][BOLD]Noongar Warrior [\BOLD][NEWLINE][BOLD]Lived: [\BOLD]c.1795 - 1833[NEWLINE][PARAGRAPH:1][BOLD]Background:[\BOLD][NEWLINE][TAB]Yagan was a Noongar warrior who played a key part in early indigenous Australian resistance to European settlement and rule in the area of Perth, Western Australia. After he led a series of attacks in which white settlers were killed, a bounty was offered for his capture dead or alive, and he was shot dead by a young settler. Yagan's death has passed into Western Australian folklore as a symbol of the unjust and sometimes brutal treatment of the indigenous peoples of Australia by colonial settlers.[PARAGRAPH:1]Yagan is thought to have been born around 1795. His father was Midgegooroo, an elder of the Beeliar people; his mother was presumably one of Midgegooroo's two wives. Yagan was probably a Ballaroke in the Noongar classification. According to Green, he had a wife and two children, but most other sources state that he was unmarried and childless. Described as taller than average with an impressive burly physique, Yagan had a distinctive tribal tattoo on his right shoulder which identified him as "a man of high degree in tribal law". He was generally acknowledged to be the most physically powerful of his tribe. [PARAGRAPH:1]In June 1832 Yagan led a party of Aborigines in an attack on two labourers who were sowing a field of wheat alongside the Canning River near Kelmscott. One of the men escaped, but the other, William Gaze, was wounded and later died, possibly through infection of the spear wound. In response to this, Yagan was declared an outlaw. Yagan managed to avoid capture until early October 1832. He was sentenced to death, but he was saved by the intercession of a settler named Robert Lyon, who argued that Yagan was defending his land against invasion, and was therefore not a criminal but a prisoner of war, and was entitled to be treated as such. At the recommendation of John Septimus Roe, Yagan and his friends were instead exiled on Carnac Island at the Governor's pleasure, under the supervision of Lyon and two soldiers. [PARAGRAPH:1]On 11 July 1833, two teenage brothers named William and James Keates were herding cattle along the Swan River north of Guildford when a group of Noongars approached. Being on friendly terms with Yagan, the Keates brothers suggested he remain with them to avoid arrest. Yagan remained with them all morning, during which time the boys decided to kill Yagan and claim the reward. William Keates tried once to shoot him but the gun stopped at half-cock; no further opportunity arose before they were rejoined by the other natives. When the natives attempted to depart, the Keates took their last opportunity. William Keates shot Yagan, and James shot another native, Heegan, in the act of throwing his spear. Both boys then ran for the river, but William was overtaken and speared to death. James escaped by swimming the river and returned shortly afterwards with a party of armed settlers from Bull's estate. [PARAGRAPH:1]Moore records that a party of soldiers passed by the area shortly after the incident, and speculates that they must have "frightened the natives (I supposed) or they would have carried off the bodies". When the party of settlers arrived, they found Yagan dead and Heegan dying. Heegan "was groaning and his brains were partly out when the party came, and whether humanity or brutality, a man put a gun to his head and blew it to pieces." Yagan's head was then cut from his body, and his back was skinned to obtain his tribal markings as a trophy. The bodies were buried a short distance from where they had been killed.</Spanish>
		<Russian>[H1]Yagan[\H1][NEWLINE][BOLD]Noongar Warrior [\BOLD][NEWLINE][BOLD]Lived: [\BOLD]c.1795 - 1833[NEWLINE][PARAGRAPH:1][BOLD]Background:[\BOLD][NEWLINE][TAB]Yagan was a Noongar warrior who played a key part in early indigenous Australian resistance to European settlement and rule in the area of Perth, Western Australia. After he led a series of attacks in which white settlers were killed, a bounty was offered for his capture dead or alive, and he was shot dead by a young settler. Yagan's death has passed into Western Australian folklore as a symbol of the unjust and sometimes brutal treatment of the indigenous peoples of Australia by colonial settlers.[PARAGRAPH:1]Yagan is thought to have been born around 1795. His father was Midgegooroo, an elder of the Beeliar people; his mother was presumably one of Midgegooroo's two wives. Yagan was probably a Ballaroke in the Noongar classification. According to Green, he had a wife and two children, but most other sources state that he was unmarried and childless. Described as taller than average with an impressive burly physique, Yagan had a distinctive tribal tattoo on his right shoulder which identified him as "a man of high degree in tribal law". He was generally acknowledged to be the most physically powerful of his tribe. [PARAGRAPH:1]In June 1832 Yagan led a party of Aborigines in an attack on two labourers who were sowing a field of wheat alongside the Canning River near Kelmscott. One of the men escaped, but the other, William Gaze, was wounded and later died, possibly through infection of the spear wound. In response to this, Yagan was declared an outlaw. Yagan managed to avoid capture until early October 1832. He was sentenced to death, but he was saved by the intercession of a settler named Robert Lyon, who argued that Yagan was defending his land against invasion, and was therefore not a criminal but a prisoner of war, and was entitled to be treated as such. At the recommendation of John Septimus Roe, Yagan and his friends were instead exiled on Carnac Island at the Governor's pleasure, under the supervision of Lyon and two soldiers. [PARAGRAPH:1]On 11 July 1833, two teenage brothers named William and James Keates were herding cattle along the Swan River north of Guildford when a group of Noongars approached. Being on friendly terms with Yagan, the Keates brothers suggested he remain with them to avoid arrest. Yagan remained with them all morning, during which time the boys decided to kill Yagan and claim the reward. William Keates tried once to shoot him but the gun stopped at half-cock; no further opportunity arose before they were rejoined by the other natives. When the natives attempted to depart, the Keates took their last opportunity. William Keates shot Yagan, and James shot another native, Heegan, in the act of throwing his spear. Both boys then ran for the river, but William was overtaken and speared to death. James escaped by swimming the river and returned shortly afterwards with a party of armed settlers from Bull's estate. [PARAGRAPH:1]Moore records that a party of soldiers passed by the area shortly after the incident, and speculates that they must have "frightened the natives (I supposed) or they would have carried off the bodies". When the party of settlers arrived, they found Yagan dead and Heegan dying. Heegan "was groaning and his brains were partly out when the party came, and whether humanity or brutality, a man put a gun to his head and blew it to pieces." Yagan's head was then cut from his body, and his back was skinned to obtain his tribal markings as a trophy. The bodies were buried a short distance from where they had been killed.</Russian>
		<Japanese>[H1]Yagan[\H1][NEWLINE][BOLD]Noongar Warrior [\BOLD][NEWLINE][BOLD]Lived: [\BOLD]c.1795 - 1833[NEWLINE][PARAGRAPH:1][BOLD]Background:[\BOLD][NEWLINE][TAB]Yagan was a Noongar warrior who played a key part in early indigenous Australian resistance to European settlement and rule in the area of Perth, Western Australia. After he led a series of attacks in which white settlers were killed, a bounty was offered for his capture dead or alive, and he was shot dead by a young settler. Yagan's death has passed into Western Australian folklore as a symbol of the unjust and sometimes brutal treatment of the indigenous peoples of Australia by colonial settlers.[PARAGRAPH:1]Yagan is thought to have been born around 1795. His father was Midgegooroo, an elder of the Beeliar people; his mother was presumably one of Midgegooroo's two wives. Yagan was probably a Ballaroke in the Noongar classification. According to Green, he had a wife and two children, but most other sources state that he was unmarried and childless. Described as taller than average with an impressive burly physique, Yagan had a distinctive tribal tattoo on his right shoulder which identified him as "a man of high degree in tribal law". He was generally acknowledged to be the most physically powerful of his tribe. [PARAGRAPH:1]In June 1832 Yagan led a party of Aborigines in an attack on two labourers who were sowing a field of wheat alongside the Canning River near Kelmscott. One of the men escaped, but the other, William Gaze, was wounded and later died, possibly through infection of the spear wound. In response to this, Yagan was declared an outlaw. Yagan managed to avoid capture until early October 1832. He was sentenced to death, but he was saved by the intercession of a settler named Robert Lyon, who argued that Yagan was defending his land against invasion, and was therefore not a criminal but a prisoner of war, and was entitled to be treated as such. At the recommendation of John Septimus Roe, Yagan and his friends were instead exiled on Carnac Island at the Governor's pleasure, under the supervision of Lyon and two soldiers. [PARAGRAPH:1]On 11 July 1833, two teenage brothers named William and James Keates were herding cattle along the Swan River north of Guildford when a group of Noongars approached. Being on friendly terms with Yagan, the Keates brothers suggested he remain with them to avoid arrest. Yagan remained with them all morning, during which time the boys decided to kill Yagan and claim the reward. William Keates tried once to shoot him but the gun stopped at half-cock; no further opportunity arose before they were rejoined by the other natives. When the natives attempted to depart, the Keates took their last opportunity. William Keates shot Yagan, and James shot another native, Heegan, in the act of throwing his spear. Both boys then ran for the river, but William was overtaken and speared to death. James escaped by swimming the river and returned shortly afterwards with a party of armed settlers from Bull's estate. [PARAGRAPH:1]Moore records that a party of soldiers passed by the area shortly after the incident, and speculates that they must have "frightened the natives (I supposed) or they would have carried off the bodies". When the party of settlers arrived, they found Yagan dead and Heegan dying. Heegan "was groaning and his brains were partly out when the party came, and whether humanity or brutality, a man put a gun to his head and blew it to pieces." Yagan's head was then cut from his body, and his back was skinned to obtain his tribal markings as a trophy. The bodies were buried a short distance from where they had been killed.</Japanese>
		<Chinese>[H1]Yagan[\H1][NEWLINE][BOLD]Noongar Warrior [\BOLD][NEWLINE][BOLD]Lived: [\BOLD]c.1795 - 1833[NEWLINE][PARAGRAPH:1][BOLD]Background:[\BOLD][NEWLINE][TAB]Yagan was a Noongar warrior who played a key part in early indigenous Australian resistance to European settlement and rule in the area of Perth, Western Australia. After he led a series of attacks in which white settlers were killed, a bounty was offered for his capture dead or alive, and he was shot dead by a young settler. Yagan's death has passed into Western Australian folklore as a symbol of the unjust and sometimes brutal treatment of the indigenous peoples of Australia by colonial settlers.[PARAGRAPH:1]Yagan is thought to have been born around 1795. His father was Midgegooroo, an elder of the Beeliar people; his mother was presumably one of Midgegooroo's two wives. Yagan was probably a Ballaroke in the Noongar classification. According to Green, he had a wife and two children, but most other sources state that he was unmarried and childless. Described as taller than average with an impressive burly physique, Yagan had a distinctive tribal tattoo on his right shoulder which identified him as "a man of high degree in tribal law". He was generally acknowledged to be the most physically powerful of his tribe. [PARAGRAPH:1]In June 1832 Yagan led a party of Aborigines in an attack on two labourers who were sowing a field of wheat alongside the Canning River near Kelmscott. One of the men escaped, but the other, William Gaze, was wounded and later died, possibly through infection of the spear wound. In response to this, Yagan was declared an outlaw. Yagan managed to avoid capture until early October 1832. He was sentenced to death, but he was saved by the intercession of a settler named Robert Lyon, who argued that Yagan was defending his land against invasion, and was therefore not a criminal but a prisoner of war, and was entitled to be treated as such. At the recommendation of John Septimus Roe, Yagan and his friends were instead exiled on Carnac Island at the Governor's pleasure, under the supervision of Lyon and two soldiers. [PARAGRAPH:1]On 11 July 1833, two teenage brothers named William and James Keates were herding cattle along the Swan River north of Guildford when a group of Noongars approached. Being on friendly terms with Yagan, the Keates brothers suggested he remain with them to avoid arrest. Yagan remained with them all morning, during which time the boys decided to kill Yagan and claim the reward. William Keates tried once to shoot him but the gun stopped at half-cock; no further opportunity arose before they were rejoined by the other natives. When the natives attempted to depart, the Keates took their last opportunity. William Keates shot Yagan, and James shot another native, Heegan, in the act of throwing his spear. Both boys then ran for the river, but William was overtaken and speared to death. James escaped by swimming the river and returned shortly afterwards with a party of armed settlers from Bull's estate. [PARAGRAPH:1]Moore records that a party of soldiers passed by the area shortly after the incident, and speculates that they must have "frightened the natives (I supposed) or they would have carried off the bodies". When the party of settlers arrived, they found Yagan dead and Heegan dying. Heegan "was groaning and his brains were partly out when the party came, and whether humanity or brutality, a man put a gun to his head and blew it to pieces." Yagan's head was then cut from his body, and his back was skinned to obtain his tribal markings as a trophy. The bodies were buried a short distance from where they had been killed.</Chinese>
	</TEXT>
	<TEXT>
		<Tag>AI_DIPLO_FIRST_CONTACT_LEADER_YAGAN_1</Tag>
		<English>Greetings. I am [OUR_NAME] of the [OUR_EMPIRE]. We are all visitors to this time, this place. Our purpose here is to observe and grow, and then we return home.</English>
		<French>Enchant�. Je suis [OUR_NAME] de [OUR_EMPIRE]. Nous sommes tous des visiteurs du temps et de l'espace. Notre but est d'observer et de voir grandir, puis nous retournons � la maison.</French>
		<German>Greetings. I am [OUR_NAME] of the [OUR_EMPIRE]. We are all visitors to this time, this place. Our purpose here is to observe and grow, and then we return home.</German>
		<Italian>Greetings. I am [OUR_NAME] of the [OUR_EMPIRE]. We are all visitors to this time, this place. Our purpose here is to observe and grow, and then we return home.</Italian>
		<Spanish>Greetings. I am [OUR_NAME] of the [OUR_EMPIRE]. We are all visitors to this time, this place. Our purpose here is to observe and grow, and then we return home.</Spanish>
		<Russian>Greetings. I am [OUR_NAME] of the [OUR_EMPIRE]. We are all visitors to this time, this place. Our purpose here is to observe and grow, and then we return home.</Russian>
		<Japanese>Greetings. I am [OUR_NAME] of the [OUR_EMPIRE]. We are all visitors to this time, this place. Our purpose here is to observe and grow, and then we return home.</Japanese>
		<Chinese>Greetings. I am [OUR_NAME] of the [OUR_EMPIRE]. We are all visitors to this time, this place. Our purpose here is to observe and grow, and then we return home.</Chinese>
	</TEXT>
</Civ4GameText>