<?xml version="1.0" encoding="utf-8"?>
<!-- Sid Meier's Civilization 4 Beyond the Sword -->
<!-- Modified by the Civ Gold Team -->
<!-- -->
<Civ4GameText xmlns="http://www.firaxis.com">
	<TEXT>
		<Tag>TXT_KEY_BUILDING_TROY_AGORA</Tag>
		<English>Trojan Agora</English>
		<French>Agora troyenne</French>
		<German>Trojan Agora</German>
		<Italian>Trojan Agora</Italian>
		<Spanish>Trojan Agora</Spanish>
	</TEXT>
	<TEXT>
		<Tag>TXT_KEY_BUILDING_TROY_AGORA_STRATEGY</Tag>
		<English>A [COLOR_BUILDING_TEXT]Trojan Agora[COLOR_REVERT] (the Trojan replacement for a [COLOR_BUILDING_TEXT]Market[COLOR_REVERT]) increases a city's wealth and can convert an extra citizen in merchant. It also increases a city's happiness with access to [COLOR_HIGHLIGHT_TEXT]Fur[COLOR_REVERT], [COLOR_HIGHLIGHT_TEXT]Ivory[COLOR_REVERT], [COLOR_HIGHLIGHT_TEXT]Silk[COLOR_REVERT], or [COLOR_HIGHLIGHT_TEXT]Whales[COLOR_REVERT].</English>
		<French>L'[COLOR_BUILDING_TEXT]agora troyenne[COLOR_REVERT] (équivalent troyen du [COLOR_BUILDING_TEXT]marché[COLOR_REVERT]) augment la richesse de la ville et permet de convertir un citoyen supplémentaire en marchand. Cela augmente aussi le bonheur de la ville ayant accès aux [COLOR_HIGHLIGHT_TEXT]fourrures[COLOR_REVERT], à l'[COLOR_HIGHLIGHT_TEXT]ivoire[COLOR_REVERT], à la [COLOR_HIGHLIGHT_TEXT]soie[COLOR_REVERT], ou aux [COLOR_HIGHLIGHT_TEXT]baleines[COLOR_REVERT].</French>
		<German>A [COLOR_BUILDING_TEXT]Trojan Agora[COLOR_REVERT] (the Trojan replacement for a [COLOR_BUILDING_TEXT]Market[COLOR_REVERT]) increases a city's wealth and can convert an extra citizen in merchant. It also increases a city's happiness with access to [COLOR_HIGHLIGHT_TEXT]Fur[COLOR_REVERT], [COLOR_HIGHLIGHT_TEXT]Ivory[COLOR_REVERT], [COLOR_HIGHLIGHT_TEXT]Silk[COLOR_REVERT], or [COLOR_HIGHLIGHT_TEXT]Whales[COLOR_REVERT].</German>
		<Italian>A [COLOR_BUILDING_TEXT]Trojan Agora[COLOR_REVERT] (the Trojan replacement for a [COLOR_BUILDING_TEXT]Market[COLOR_REVERT]) increases a city's wealth and can convert an extra citizen in merchant. It also increases a city's happiness with access to [COLOR_HIGHLIGHT_TEXT]Fur[COLOR_REVERT], [COLOR_HIGHLIGHT_TEXT]Ivory[COLOR_REVERT], [COLOR_HIGHLIGHT_TEXT]Silk[COLOR_REVERT], or [COLOR_HIGHLIGHT_TEXT]Whales[COLOR_REVERT].</Italian>
		<Spanish>A [COLOR_BUILDING_TEXT]Trojan Agora[COLOR_REVERT] (the Trojan replacement for a [COLOR_BUILDING_TEXT]Market[COLOR_REVERT]) increases a city's wealth and can convert an extra citizen in merchant. It also increases a city's happiness with access to [COLOR_HIGHLIGHT_TEXT]Fur[COLOR_REVERT], [COLOR_HIGHLIGHT_TEXT]Ivory[COLOR_REVERT], [COLOR_HIGHLIGHT_TEXT]Silk[COLOR_REVERT], or [COLOR_HIGHLIGHT_TEXT]Whales[COLOR_REVERT].</Spanish>
	</TEXT>
	<TEXT>
		<Tag>TXT_KEY_BUILDING_TROY_AGORA_PEDIA</Tag>
		<English>[TAB]Central to every Greek city and town was the agora, a marketplace and meeting place. It was a large, usually rectangular space surrounded by buildings. Platforms, altars and statues of gods, sportsmen and political figures could also be found there. The stoa, which formed an edge of the agora, was a long building with columns. Shops were located in the stoa. More expensive items could be bought here.[PARAGRAPH:1]In some cities, local councils met in nearby buildings; other buildings were used to store public records and important political documents. Public spectators could watch criminals being placed on trial in the agora.[PARAGRAPH:1]Men and slaves usually did the shopping, with slaves and donkeys carrying the purchases; wealthier women may have visited to buy perfumes, jewellery and expensive cloth.[PARAGRAPH:1]Farmers came with their produce. In the large empty space of the agora, stallholders set up their sun shaded tables and sold such items as meat, fish, fruits and vegetables, cheeses, eggs, honey, wine, olive oil and animals (e.g. donkeys, horses, hens). Fresh meat and fish were displayed on marble slabs that kept the food cool. "Fast food" was also sold to hungry and thirsty shoppers. Slaves were placed on display and bought and sold.[PARAGRAPH:1]Merchants also bought and sold exotic foreign items in the agora. Ivory and gems came from Egypt, elephants from India, silk from China, wool from countries surrounding Greece, purple dye from the eastern countries, grain from areas around the Black Sea.[PARAGRAPH:1]Craftsmen had stalls, shops or workshops in or near the agora. Here they sold their goods or took orders. Sandles could be measured and made, barbers would trim hair and beards. Money changers and bankers would also conduct their business here.[PARAGRAPH:1]Men seeking employment would mix with employers looking for labourers. Some of those seeking work could be professionals or tradesmen, or they could have no skills.[PARAGRAPH:1]In the shady parts of the agora, family and friends could meet for a chat, while business people could make deals. Citizens could join in, or listen to, discussions about community and political issues. They may have watched musical and theatrical entertainments.[PARAGRAPH:1]Women and slaves could use a public fountain in the agora to collect their daily supply of water in pots.[PARAGRAPH:1]Busy and bustling, the agora was a vital area for a community.[PARAGRAPH:1]</English>
		<French>[TAB]Central to every Greek city and town was the agora, a marketplace and meeting place. It was a large, usually rectangular space surrounded by buildings. Platforms, altars and statues of gods, sportsmen and political figures could also be found there. The stoa, which formed an edge of the agora, was a long building with columns. Shops were located in the stoa. More expensive items could be bought here.[PARAGRAPH:1]In some cities, local councils met in nearby buildings; other buildings were used to store public records and important political documents. Public spectators could watch criminals being placed on trial in the agora.[PARAGRAPH:1]Men and slaves usually did the shopping, with slaves and donkeys carrying the purchases; wealthier women may have visited to buy perfumes, jewellery and expensive cloth.[PARAGRAPH:1]Farmers came with their produce. In the large empty space of the agora, stallholders set up their sun shaded tables and sold such items as meat, fish, fruits and vegetables, cheeses, eggs, honey, wine, olive oil and animals (e.g. donkeys, horses, hens). Fresh meat and fish were displayed on marble slabs that kept the food cool. "Fast food" was also sold to hungry and thirsty shoppers. Slaves were placed on display and bought and sold.[PARAGRAPH:1]Merchants also bought and sold exotic foreign items in the agora. Ivory and gems came from Egypt, elephants from India, silk from China, wool from countries surrounding Greece, purple dye from the eastern countries, grain from areas around the Black Sea.[PARAGRAPH:1]Craftsmen had stalls, shops or workshops in or near the agora. Here they sold their goods or took orders. Sandles could be measured and made, barbers would trim hair and beards. Money changers and bankers would also conduct their business here.[PARAGRAPH:1]Men seeking employment would mix with employers looking for labourers. Some of those seeking work could be professionals or tradesmen, or they could have no skills.[PARAGRAPH:1]In the shady parts of the agora, family and friends could meet for a chat, while business people could make deals. Citizens could join in, or listen to, discussions about community and political issues. They may have watched musical and theatrical entertainments.[PARAGRAPH:1]Women and slaves could use a public fountain in the agora to collect their daily supply of water in pots.[PARAGRAPH:1]Busy and bustling, the agora was a vital area for a community.[PARAGRAPH:1]</French>
		<German>[TAB]Central to every Greek city and town was the agora, a marketplace and meeting place. It was a large, usually rectangular space surrounded by buildings. Platforms, altars and statues of gods, sportsmen and political figures could also be found there. The stoa, which formed an edge of the agora, was a long building with columns. Shops were located in the stoa. More expensive items could be bought here.[PARAGRAPH:1]In some cities, local councils met in nearby buildings; other buildings were used to store public records and important political documents. Public spectators could watch criminals being placed on trial in the agora.[PARAGRAPH:1]Men and slaves usually did the shopping, with slaves and donkeys carrying the purchases; wealthier women may have visited to buy perfumes, jewellery and expensive cloth.[PARAGRAPH:1]Farmers came with their produce. In the large empty space of the agora, stallholders set up their sun shaded tables and sold such items as meat, fish, fruits and vegetables, cheeses, eggs, honey, wine, olive oil and animals (e.g. donkeys, horses, hens). Fresh meat and fish were displayed on marble slabs that kept the food cool. "Fast food" was also sold to hungry and thirsty shoppers. Slaves were placed on display and bought and sold.[PARAGRAPH:1]Merchants also bought and sold exotic foreign items in the agora. Ivory and gems came from Egypt, elephants from India, silk from China, wool from countries surrounding Greece, purple dye from the eastern countries, grain from areas around the Black Sea.[PARAGRAPH:1]Craftsmen had stalls, shops or workshops in or near the agora. Here they sold their goods or took orders. Sandles could be measured and made, barbers would trim hair and beards. Money changers and bankers would also conduct their business here.[PARAGRAPH:1]Men seeking employment would mix with employers looking for labourers. Some of those seeking work could be professionals or tradesmen, or they could have no skills.[PARAGRAPH:1]In the shady parts of the agora, family and friends could meet for a chat, while business people could make deals. Citizens could join in, or listen to, discussions about community and political issues. They may have watched musical and theatrical entertainments.[PARAGRAPH:1]Women and slaves could use a public fountain in the agora to collect their daily supply of water in pots.[PARAGRAPH:1]Busy and bustling, the agora was a vital area for a community.[PARAGRAPH:1]</German>
		<Italian>[TAB]Central to every Greek city and town was the agora, a marketplace and meeting place. It was a large, usually rectangular space surrounded by buildings. Platforms, altars and statues of gods, sportsmen and political figures could also be found there. The stoa, which formed an edge of the agora, was a long building with columns. Shops were located in the stoa. More expensive items could be bought here.[PARAGRAPH:1]In some cities, local councils met in nearby buildings; other buildings were used to store public records and important political documents. Public spectators could watch criminals being placed on trial in the agora.[PARAGRAPH:1]Men and slaves usually did the shopping, with slaves and donkeys carrying the purchases; wealthier women may have visited to buy perfumes, jewellery and expensive cloth.[PARAGRAPH:1]Farmers came with their produce. In the large empty space of the agora, stallholders set up their sun shaded tables and sold such items as meat, fish, fruits and vegetables, cheeses, eggs, honey, wine, olive oil and animals (e.g. donkeys, horses, hens). Fresh meat and fish were displayed on marble slabs that kept the food cool. "Fast food" was also sold to hungry and thirsty shoppers. Slaves were placed on display and bought and sold.[PARAGRAPH:1]Merchants also bought and sold exotic foreign items in the agora. Ivory and gems came from Egypt, elephants from India, silk from China, wool from countries surrounding Greece, purple dye from the eastern countries, grain from areas around the Black Sea.[PARAGRAPH:1]Craftsmen had stalls, shops or workshops in or near the agora. Here they sold their goods or took orders. Sandles could be measured and made, barbers would trim hair and beards. Money changers and bankers would also conduct their business here.[PARAGRAPH:1]Men seeking employment would mix with employers looking for labourers. Some of those seeking work could be professionals or tradesmen, or they could have no skills.[PARAGRAPH:1]In the shady parts of the agora, family and friends could meet for a chat, while business people could make deals. Citizens could join in, or listen to, discussions about community and political issues. They may have watched musical and theatrical entertainments.[PARAGRAPH:1]Women and slaves could use a public fountain in the agora to collect their daily supply of water in pots.[PARAGRAPH:1]Busy and bustling, the agora was a vital area for a community.[PARAGRAPH:1]</Italian>
		<Spanish>[TAB]Central to every Greek city and town was the agora, a marketplace and meeting place. It was a large, usually rectangular space surrounded by buildings. Platforms, altars and statues of gods, sportsmen and political figures could also be found there. The stoa, which formed an edge of the agora, was a long building with columns. Shops were located in the stoa. More expensive items could be bought here.[PARAGRAPH:1]In some cities, local councils met in nearby buildings; other buildings were used to store public records and important political documents. Public spectators could watch criminals being placed on trial in the agora.[PARAGRAPH:1]Men and slaves usually did the shopping, with slaves and donkeys carrying the purchases; wealthier women may have visited to buy perfumes, jewellery and expensive cloth.[PARAGRAPH:1]Farmers came with their produce. In the large empty space of the agora, stallholders set up their sun shaded tables and sold such items as meat, fish, fruits and vegetables, cheeses, eggs, honey, wine, olive oil and animals (e.g. donkeys, horses, hens). Fresh meat and fish were displayed on marble slabs that kept the food cool. "Fast food" was also sold to hungry and thirsty shoppers. Slaves were placed on display and bought and sold.[PARAGRAPH:1]Merchants also bought and sold exotic foreign items in the agora. Ivory and gems came from Egypt, elephants from India, silk from China, wool from countries surrounding Greece, purple dye from the eastern countries, grain from areas around the Black Sea.[PARAGRAPH:1]Craftsmen had stalls, shops or workshops in or near the agora. Here they sold their goods or took orders. Sandles could be measured and made, barbers would trim hair and beards. Money changers and bankers would also conduct their business here.[PARAGRAPH:1]Men seeking employment would mix with employers looking for labourers. Some of those seeking work could be professionals or tradesmen, or they could have no skills.[PARAGRAPH:1]In the shady parts of the agora, family and friends could meet for a chat, while business people could make deals. Citizens could join in, or listen to, discussions about community and political issues. They may have watched musical and theatrical entertainments.[PARAGRAPH:1]Women and slaves could use a public fountain in the agora to collect their daily supply of water in pots.[PARAGRAPH:1]Busy and bustling, the agora was a vital area for a community.[PARAGRAPH:1]</Spanish>
	</TEXT>
</Civ4GameText>
