<?xml version="1.0" encoding="utf-8"?>
<!-- Sid Meier's Civilization 4 Beyond the Sword -->
<!-- Modified by the Civ Gold Team -->
<!-- -->
<Civ4GameText xmlns="http://www.firaxis.com">
	<TEXT>
		<Tag>TXT_KEY_LEADER_MURADBEY</Tag>
		<English>Murad Bey</English>
		<French>Murad Bey</French>
		<German>Murad Bey</German>
		<Italian>Murad Bey</Italian>
		<Spanish>Murad Bey</Spanish>
	</TEXT>
	<TEXT>
		<Tag>TXT_KEY_LEADER_MURADBEY_PEDIA</Tag>
		<English>[H1]Murad Bey[\H1][NEWLINE][BOLD] Egyptian Mamluk Chieftain [\BOLD][NEWLINE][BOLD]Lived: [\BOLD] c.1750 - 1801 [NEWLINE][PARAGRAPH:2][BOLD]Background:[\BOLD][NEWLINE][TAB]Murad Bey was an Egyptian Mamluk chieftain (Bey), cavalry commander and joint ruler of Egypt with Ibrahim Bey. He was of Georgian descent.  Following his defeat at the hands of Napoleon's armies at the Battle of the Pyramids, Murad fled to Upper Egypt, mounting a brief guerrilla campaign that staved off Desaix for a year. In 1800, Murad made peace with Jean Baptiste Kléber, and agreed to garrison Cairo, but died of bubonic plague on his journey there.</English>
		<French>[H1]Murad Bey[\H1][NEWLINE][BOLD] Egyptian Mamluk Chieftain [\BOLD][NEWLINE][BOLD]Lived: [\BOLD] c.1750 - 1801 [NEWLINE][PARAGRAPH:2][BOLD]Background:[\BOLD][NEWLINE][TAB]Murad Bey was an Egyptian Mamluk chieftain (Bey), cavalry commander and joint ruler of Egypt with Ibrahim Bey. He was of Georgian descent.  Following his defeat at the hands of Napoleon's armies at the Battle of the Pyramids, Murad fled to Upper Egypt, mounting a brief guerrilla campaign that staved off Desaix for a year. In 1800, Murad made peace with Jean Baptiste Kléber, and agreed to garrison Cairo, but died of bubonic plague on his journey there.</French>
		<German>[H1]Murad Bey[\H1][NEWLINE][BOLD] Egyptian Mamluk Chieftain [\BOLD][NEWLINE][BOLD]Lived: [\BOLD] c.1750 - 1801 [NEWLINE][PARAGRAPH:2][BOLD]Background:[\BOLD][NEWLINE][TAB]Murad Bey was an Egyptian Mamluk chieftain (Bey), cavalry commander and joint ruler of Egypt with Ibrahim Bey. He was of Georgian descent.  Following his defeat at the hands of Napoleon's armies at the Battle of the Pyramids, Murad fled to Upper Egypt, mounting a brief guerrilla campaign that staved off Desaix for a year. In 1800, Murad made peace with Jean Baptiste Kléber, and agreed to garrison Cairo, but died of bubonic plague on his journey there.</German>
		<Italian>[H1]Murad Bey[\H1][NEWLINE][BOLD] Egyptian Mamluk Chieftain [\BOLD][NEWLINE][BOLD]Lived: [\BOLD] c.1750 - 1801 [NEWLINE][PARAGRAPH:2][BOLD]Background:[\BOLD][NEWLINE][TAB]Murad Bey was an Egyptian Mamluk chieftain (Bey), cavalry commander and joint ruler of Egypt with Ibrahim Bey. He was of Georgian descent.  Following his defeat at the hands of Napoleon's armies at the Battle of the Pyramids, Murad fled to Upper Egypt, mounting a brief guerrilla campaign that staved off Desaix for a year. In 1800, Murad made peace with Jean Baptiste Kléber, and agreed to garrison Cairo, but died of bubonic plague on his journey there.</Italian>
		<Spanish>[H1]Murad Bey[\H1][NEWLINE][BOLD] Egyptian Mamluk Chieftain [\BOLD][NEWLINE][BOLD]Lived: [\BOLD] c.1750 - 1801 [NEWLINE][PARAGRAPH:2][BOLD]Background:[\BOLD][NEWLINE][TAB]Murad Bey was an Egyptian Mamluk chieftain (Bey), cavalry commander and joint ruler of Egypt with Ibrahim Bey. He was of Georgian descent.  Following his defeat at the hands of Napoleon's armies at the Battle of the Pyramids, Murad fled to Upper Egypt, mounting a brief guerrilla campaign that staved off Desaix for a year. In 1800, Murad made peace with Jean Baptiste Kléber, and agreed to garrison Cairo, but died of bubonic plague on his journey there.</Spanish>
		<Russian>[H1]Murad Bey[\H1][NEWLINE][BOLD] Egyptian Mamluk Chieftain [\BOLD][NEWLINE][BOLD]Lived: [\BOLD] c.1750 - 1801 [NEWLINE][PARAGRAPH:2][BOLD]Background:[\BOLD][NEWLINE][TAB]Murad Bey was an Egyptian Mamluk chieftain (Bey), cavalry commander and joint ruler of Egypt with Ibrahim Bey. He was of Georgian descent.  Following his defeat at the hands of Napoleon's armies at the Battle of the Pyramids, Murad fled to Upper Egypt, mounting a brief guerrilla campaign that staved off Desaix for a year. In 1800, Murad made peace with Jean Baptiste Kléber, and agreed to garrison Cairo, but died of bubonic plague on his journey there.</Russian>
	</TEXT>
	<TEXT>
		<Tag>AI_DIPLO_FIRST_CONTACT_LEADER_MURADBEY_1</Tag>
		<English>I am [OUR_NAME]; ride by my side or be cut down.</English>
		<French>Je suis [OUR_NAME]; soyez à mes côtés ou soyez décapité.</French>
		<German>I am [OUR_NAME]; ride by my side or be cut down.</German>
		<Italian>I am [OUR_NAME]; ride by my side or be cut down.</Italian>
		<Spanish>I am [OUR_NAME]; ride by my side or be cut down.</Spanish>	
	</TEXT>
</Civ4GameText>
