<?xml version="1.0" encoding="ISO-8859-1"?>
<!-- Sid Meier's Civilization 4 Beyond the Sword -->
<!-- Modified by the Civ Gold Team -->
<!-- -->
<Civ4GameText xmlns="http://www.firaxis.com">
	<TEXT>
		<Tag>TXT_KEY_LEADER_PREMPEH</Tag>
		<English>Prempeh</English>
		<French>Prempeh</French>
		<German>Prempeh</German>
		<Italian>Prempeh</Italian>
		<Spanish>Prempeh</Spanish>
	</TEXT>
	<TEXT>
		<Tag>TXT_KEY_LEADER_PREMPEH_PEDIA</Tag>
		<English>[H1]Prempeh I[\H1][NEWLINE][BOLD]King of the Asante [\BOLD][NEWLINE][BOLD]Lived: [\BOLD]1872 - 1939 [NEWLINE][PARAGRAPH:2][BOLD]Background:[\BOLD][NEWLINE][TAB]In 1874, the British had declared the Gold Coast, located south of Asante, a British colony. In 1888 the Ashante enthroned 16-year-old Agyemang Prempeh I as king of the Asante, and he assumed the stool name Kwaku Dua III. Prempeh's kingship was beset by difficulties from the very onset of his reign. He tried to defend against British intentions of bringing Asante under its protectorate. When Prempeh I was asked by the British to accept a protectorate over his state, he rejected it and stated in his reply that the Governor had misjudged the situation. Ashantehemaa Yaa Akyaa, Prempeh I's mother and queen mother since 1884, had through strategic political marriages built the military power to secure the Golden Stool  for her son. Prempeh I began an active campaign of reunification of the Asante. The British offered to take the Ashanti Empire under their protection, but Prempeh I refused each request. In one of his replies Prempeh stated, "My kingdom of Asante will never commit itself to any such policy of protection; Asante must remain independent as of old, and at the same time be friends with all white men."</English>
		<French>[H1]Prempeh I[\H1][NEWLINE][BOLD]King of the Asante [\BOLD][NEWLINE][BOLD]Lived: [\BOLD]1872 - 1939 [NEWLINE][PARAGRAPH:2][BOLD]Background:[\BOLD][NEWLINE][TAB]In 1874, the British had declared the Gold Coast, located south of Asante, a British colony. In 1888 the Ashante enthroned 16-year-old Agyemang Prempeh I as king of the Asante, and he assumed the stool name Kwaku Dua III. Prempeh's kingship was beset by difficulties from the very onset of his reign. He tried to defend against British intentions of bringing Asante under its protectorate. When Prempeh I was asked by the British to accept a protectorate over his state, he rejected it and stated in his reply that the Governor had misjudged the situation. Ashantehemaa Yaa Akyaa, Prempeh I's mother and queen mother since 1884, had through strategic political marriages built the military power to secure the Golden Stool  for her son. Prempeh I began an active campaign of reunification of the Asante. The British offered to take the Ashanti Empire under their protection, but Prempeh I refused each request. In one of his replies Prempeh stated, "My kingdom of Asante will never commit itself to any such policy of protection; Asante must remain independent as of old, and at the same time be friends with all white men."</French>
		<German>[H1]Prempeh I[\H1][NEWLINE][BOLD]King of the Asante [\BOLD][NEWLINE][BOLD]Lived: [\BOLD]1872 - 1939 [NEWLINE][PARAGRAPH:2][BOLD]Background:[\BOLD][NEWLINE][TAB]In 1874, the British had declared the Gold Coast, located south of Asante, a British colony. In 1888 the Ashante enthroned 16-year-old Agyemang Prempeh I as king of the Asante, and he assumed the stool name Kwaku Dua III. Prempeh's kingship was beset by difficulties from the very onset of his reign. He tried to defend against British intentions of bringing Asante under its protectorate. When Prempeh I was asked by the British to accept a protectorate over his state, he rejected it and stated in his reply that the Governor had misjudged the situation. Ashantehemaa Yaa Akyaa, Prempeh I's mother and queen mother since 1884, had through strategic political marriages built the military power to secure the Golden Stool  for her son. Prempeh I began an active campaign of reunification of the Asante. The British offered to take the Ashanti Empire under their protection, but Prempeh I refused each request. In one of his replies Prempeh stated, "My kingdom of Asante will never commit itself to any such policy of protection; Asante must remain independent as of old, and at the same time be friends with all white men."</German>
		<Italian>[H1]Prempeh I[\H1][NEWLINE][BOLD]King of the Asante [\BOLD][NEWLINE][BOLD]Lived: [\BOLD]1872 - 1939 [NEWLINE][PARAGRAPH:2][BOLD]Background:[\BOLD][NEWLINE][TAB]In 1874, the British had declared the Gold Coast, located south of Asante, a British colony. In 1888 the Ashante enthroned 16-year-old Agyemang Prempeh I as king of the Asante, and he assumed the stool name Kwaku Dua III. Prempeh's kingship was beset by difficulties from the very onset of his reign. He tried to defend against British intentions of bringing Asante under its protectorate. When Prempeh I was asked by the British to accept a protectorate over his state, he rejected it and stated in his reply that the Governor had misjudged the situation. Ashantehemaa Yaa Akyaa, Prempeh I's mother and queen mother since 1884, had through strategic political marriages built the military power to secure the Golden Stool  for her son. Prempeh I began an active campaign of reunification of the Asante. The British offered to take the Ashanti Empire under their protection, but Prempeh I refused each request. In one of his replies Prempeh stated, "My kingdom of Asante will never commit itself to any such policy of protection; Asante must remain independent as of old, and at the same time be friends with all white men."</Italian>
		<Spanish>[H1]Prempeh I[\H1][NEWLINE][BOLD]King of the Asante [\BOLD][NEWLINE][BOLD]Lived: [\BOLD]1872 - 1939 [NEWLINE][PARAGRAPH:2][BOLD]Background:[\BOLD][NEWLINE][TAB]In 1874, the British had declared the Gold Coast, located south of Asante, a British colony. In 1888 the Ashante enthroned 16-year-old Agyemang Prempeh I as king of the Asante, and he assumed the stool name Kwaku Dua III. Prempeh's kingship was beset by difficulties from the very onset of his reign. He tried to defend against British intentions of bringing Asante under its protectorate. When Prempeh I was asked by the British to accept a protectorate over his state, he rejected it and stated in his reply that the Governor had misjudged the situation. Ashantehemaa Yaa Akyaa, Prempeh I's mother and queen mother since 1884, had through strategic political marriages built the military power to secure the Golden Stool  for her son. Prempeh I began an active campaign of reunification of the Asante. The British offered to take the Ashanti Empire under their protection, but Prempeh I refused each request. In one of his replies Prempeh stated, "My kingdom of Asante will never commit itself to any such policy of protection; Asante must remain independent as of old, and at the same time be friends with all white men."</Spanish>
	</TEXT>
</Civ4GameText>