<?xml version="1.0" encoding="utf-8"?>
<!-- Sid Meier's Civilization 4 Beyond the Sword -->
<!-- Modified by the Civ Gold Team -->
<!-- -->
<Civ4GameText xmlns="http://www.firaxis.com">
	<TEXT>
		<Tag>TXT_KEY_UNIT_SCYTHIA_SCYTHIAN_RIDER</Tag>
		<English>Scythian Rider</English>
    <French>Chevaucheur scythe</French>
		<German>Scythian Rider</German>
		<Italian>Scythian Rider</Italian>
		<Spanish>Scythian Rider</Spanish>
	</TEXT>
    	<TEXT>
		<Tag>TXT_KEY_UNIT_SCYTHIA_SCYTHIAN_RIDER_PEDIA</Tag>
		<English>[TAB]These nomadic tribes live for war. War, and horses. A Scythian rider will drink the blood of their first kill as a right of passage. They scalp their victims and wear their skin like handkerchiefs as a sign of status in their tribe. They're even known to flay an entire enemy and use their hide as a cloak, or as a cover for their quivers. In fact, if a Scythian tribesman doesn't make a kill during a given year, they're left out of their main annual ceremony, where warriors drink wine from the gilded skulls of their enemies.</English>
		<French>[TAB]These nomadic tribes live for war. War, and horses. A Scythian rider will drink the blood of their first kill as a right of passage. They scalp their victims and wear their skin like handkerchiefs as a sign of status in their tribe. They're even known to flay an entire enemy and use their hide as a cloak, or as a cover for their quivers. In fact, if a Scythian tribesman doesn't make a kill during a given year, they're left out of their main annual ceremony, where warriors drink wine from the gilded skulls of their enemies.</French>
		<German>[TAB]These nomadic tribes live for war. War, and horses. A Scythian rider will drink the blood of their first kill as a right of passage. They scalp their victims and wear their skin like handkerchiefs as a sign of status in their tribe. They're even known to flay an entire enemy and use their hide as a cloak, or as a cover for their quivers. In fact, if a Scythian tribesman doesn't make a kill during a given year, they're left out of their main annual ceremony, where warriors drink wine from the gilded skulls of their enemies.</German>
		<Italian>[TAB]These nomadic tribes live for war. War, and horses. A Scythian rider will drink the blood of their first kill as a right of passage. They scalp their victims and wear their skin like handkerchiefs as a sign of status in their tribe. They're even known to flay an entire enemy and use their hide as a cloak, or as a cover for their quivers. In fact, if a Scythian tribesman doesn't make a kill during a given year, they're left out of their main annual ceremony, where warriors drink wine from the gilded skulls of their enemies.</Italian>
		<Spanish>[TAB]These nomadic tribes live for war. War, and horses. A Scythian rider will drink the blood of their first kill as a right of passage. They scalp their victims and wear their skin like handkerchiefs as a sign of status in their tribe. They're even known to flay an entire enemy and use their hide as a cloak, or as a cover for their quivers. In fact, if a Scythian tribesman doesn't make a kill during a given year, they're left out of their main annual ceremony, where warriors drink wine from the gilded skulls of their enemies.</Spanish>
	</TEXT>
	<TEXT>
		<Tag>TXT_KEY_UNIT_SCYTHIA_SCYTHIAN_RIDER_STRATEGY</Tag>
		<English>The Scythian replacement for the [COLOR_UNIT_TEXT]Horse Archer[COLOR_REVERT] has the ability to attack quickly and withdraw from combat with few casualties if the going gets tough.</English>
		<French>L'équivalent scythe de l'[COLOR_UNIT_TEXT]archer monté[COLOR_REVERT] est capable d'attaquer rapidement et de se retirer rapidement sans trop de dommages si la situation tourne mal.</French>
		<German>The Scythian replacement for the [COLOR_UNIT_TEXT]Horse Archer[COLOR_REVERT] has the ability to attack quickly and withdraw from combat with few casualties if the going gets tough.</German>
		<Italian>The Scythian replacement for the [COLOR_UNIT_TEXT]Horse Archer[COLOR_REVERT] has the ability to attack quickly and withdraw from combat with few casualties if the going gets tough.</Italian>
		<Spanish>The Scythian replacement for the [COLOR_UNIT_TEXT]Horse Archer[COLOR_REVERT] has the ability to attack quickly and withdraw from combat with few casualties if the going gets tough.</Spanish>
	</TEXT>
</Civ4GameText>	