<?xml version="1.0" encoding="ISO-8859-1"?>
<!-- Sid Meier's Civilization 4 Beyond the Sword -->
<!-- Modified by the Civ Gold Team -->
<!-- -->
<Civ4GameText xmlns="http://www.firaxis.com">
	<TEXT>
		<Tag>TXT_KEY_BUILDING_NORWAY_FISHMARKET</Tag>
		<English>Stockfish</English>
		<French>Stockfish</French>
		<German>Stockfish</German>
		<Italian>Stockfish</Italian>
		<Spanish>Stockfish</Spanish>
	</TEXT>
	<TEXT>
		<Tag>TXT_KEY_BUILDING_NORWAY_FISHMARKET_STRATEGY</Tag>
		<English>[COLOR_BUILDING_TEXT]Stockfish[COLOR_REVERT] is great for growth, if you have the resources.</English>
		<French>Le [COLOR_BUILDING_TEXT]stockfish[COLOR_REVERT] est bon pour la croissance, si vous disposez des ressources.</French>
		<German>[COLOR_BUILDING_TEXT]Stockfish[COLOR_REVERT] is great for growth, if you have the resources.</German>
		<Italian>[COLOR_BUILDING_TEXT]Stockfish[COLOR_REVERT] is great for growth, if you have the resources.</Italian>
		<Spanish>[COLOR_BUILDING_TEXT]Stockfish[COLOR_REVERT] is great for growth, if you have the resources.</Spanish>
	</TEXT>
	<TEXT>
		<Tag>TXT_KEY_BUILDING_NORWAY_FISHMARKET_PEDIA</Tag>
		<English>[TAB]Beside oil, gas, and income from the merchant fleet, stockfish is Norway's longest sustained export commodity, and the socioeconomically most profitable export over the centuries.  Stockfish is unsalted fish, especially cod, dried by sun and wind on wooden racks on the foreshore called flakes, or in special drying houses. The drying of food  is the world's oldest known preservation method, and dried fish has a storage life of several years. The method is cheap and effective in suitable climates, the work can be done by the fisherman and family, and the resulting product is easily transported to market.  Cod is the most common fish used in stockfish production, while other whitefish, such as pollock, haddock, ling and tusk, are used to a lesser degree.  Over the centuries, several variants of stockfish have evolved, notably salt cod. Salting was not economically feasible before the 17th century, when cheap salt from southern Europe became available to the maritime nations of northern Europe.</English>
		<French>[TAB]Beside oil, gas, and income from the merchant fleet, stockfish is Norway's longest sustained export commodity, and the socioeconomically most profitable export over the centuries.  Stockfish is unsalted fish, especially cod, dried by sun and wind on wooden racks on the foreshore called flakes, or in special drying houses. The drying of food  is the world's oldest known preservation method, and dried fish has a storage life of several years. The method is cheap and effective in suitable climates, the work can be done by the fisherman and family, and the resulting product is easily transported to market.  Cod is the most common fish used in stockfish production, while other whitefish, such as pollock, haddock, ling and tusk, are used to a lesser degree.  Over the centuries, several variants of stockfish have evolved, notably salt cod. Salting was not economically feasible before the 17th century, when cheap salt from southern Europe became available to the maritime nations of northern Europe.</French>
		<German>[TAB]Beside oil, gas, and income from the merchant fleet, stockfish is Norway's longest sustained export commodity, and the socioeconomically most profitable export over the centuries.  Stockfish is unsalted fish, especially cod, dried by sun and wind on wooden racks on the foreshore called flakes, or in special drying houses. The drying of food  is the world's oldest known preservation method, and dried fish has a storage life of several years. The method is cheap and effective in suitable climates, the work can be done by the fisherman and family, and the resulting product is easily transported to market.  Cod is the most common fish used in stockfish production, while other whitefish, such as pollock, haddock, ling and tusk, are used to a lesser degree.  Over the centuries, several variants of stockfish have evolved, notably salt cod. Salting was not economically feasible before the 17th century, when cheap salt from southern Europe became available to the maritime nations of northern Europe.</German>
		<Italian>[TAB]Beside oil, gas, and income from the merchant fleet, stockfish is Norway's longest sustained export commodity, and the socioeconomically most profitable export over the centuries.  Stockfish is unsalted fish, especially cod, dried by sun and wind on wooden racks on the foreshore called flakes, or in special drying houses. The drying of food  is the world's oldest known preservation method, and dried fish has a storage life of several years. The method is cheap and effective in suitable climates, the work can be done by the fisherman and family, and the resulting product is easily transported to market.  Cod is the most common fish used in stockfish production, while other whitefish, such as pollock, haddock, ling and tusk, are used to a lesser degree.  Over the centuries, several variants of stockfish have evolved, notably salt cod. Salting was not economically feasible before the 17th century, when cheap salt from southern Europe became available to the maritime nations of northern Europe.</Italian>
		<Spanish>[TAB]Beside oil, gas, and income from the merchant fleet, stockfish is Norway's longest sustained export commodity, and the socioeconomically most profitable export over the centuries.  Stockfish is unsalted fish, especially cod, dried by sun and wind on wooden racks on the foreshore called flakes, or in special drying houses. The drying of food  is the world's oldest known preservation method, and dried fish has a storage life of several years. The method is cheap and effective in suitable climates, the work can be done by the fisherman and family, and the resulting product is easily transported to market.  Cod is the most common fish used in stockfish production, while other whitefish, such as pollock, haddock, ling and tusk, are used to a lesser degree.  Over the centuries, several variants of stockfish have evolved, notably salt cod. Salting was not economically feasible before the 17th century, when cheap salt from southern Europe became available to the maritime nations of northern Europe.</Spanish>
	</TEXT>
</Civ4GameText>
