<?xml version="1.0" encoding="utf-8"?>
<!-- Sid Meier's Civilization 4 Beyond the Sword -->
<!-- Modified by the Civ Gold Team -->
<!-- -->
<Civ4GameText xmlns="http://www.firaxis.com">
	<TEXT>
		<Tag>TXT_KEY_LEADER_SHISHUNAGA</Tag>
		<English>Shishunaga</English>
		<French>Shishunaga</French>
		<German>Shishunaga</German>
		<Italian>Shishunaga</Italian>
		<Spanish>Shishunaga</Spanish>
	</TEXT>
	<TEXT>
		<Tag>TXT_KEY_LEADER_SHISHUNAGA_PEDIA</Tag>
		<English>[H1]Shishunaga[\H1][NEWLINE][BOLD]Founder of the Shishunaga Dynasty of the Magadha Empire[\BOLD][NEWLINE][BOLD]Lived: [\BOLD] c. 413 - 395 BC [NEWLINE][PARAGRAPH:2][BOLD]Background:[\BOLD][NEWLINE][TAB]Shishunaga (or Shusunaga) was the founder of the Shishunaga dynasty of the Magadha Empire in the present day northern India. Initially, he was an amatya (official) of the Magadha empire under the Haryanka dynasty. He was placed on the throne by the people who revolted against the Haryanka dynasty rule. The Puranas tell us that he placed his son at Varanasi and himself ruled from Girivraja (Rajagriha).  Initially, his capital was Rajagriha and Vaishali  was his second royal residence. Later he shifted his capital to Vaishali. His most significant achievement was the destruction of the 'glory' of the Pradyota dynasty of the Avanti  kingdom. Most probably the king of Avanti whom Shishunaga humbled was Avantivardhana. The Magadhan victory must have been helped by the revolution that placed Aryaka on the thone of Ujjayini.  He was succeeded by his son Kakavarna Kalashoka.</English>
		<French>[H1]Shishunaga[\H1][NEWLINE][BOLD]Founder of the Shishunaga Dynasty of the Magadha Empire[\BOLD][NEWLINE][BOLD]Lived: [\BOLD] c. 413 - 395 BC [NEWLINE][PARAGRAPH:2][BOLD]Background:[\BOLD][NEWLINE][TAB]Shishunaga (or Shusunaga) was the founder of the Shishunaga dynasty of the Magadha Empire in the present day northern India. Initially, he was an amatya (official) of the Magadha empire under the Haryanka dynasty. He was placed on the throne by the people who revolted against the Haryanka dynasty rule. The Puranas tell us that he placed his son at Varanasi and himself ruled from Girivraja (Rajagriha).  Initially, his capital was Rajagriha and Vaishali  was his second royal residence. Later he shifted his capital to Vaishali. His most significant achievement was the destruction of the 'glory' of the Pradyota dynasty of the Avanti  kingdom. Most probably the king of Avanti whom Shishunaga humbled was Avantivardhana. The Magadhan victory must have been helped by the revolution that placed Aryaka on the thone of Ujjayini.  He was succeeded by his son Kakavarna Kalashoka.</French>
		<German>[H1]Shishunaga[\H1][NEWLINE][BOLD]Founder of the Shishunaga Dynasty of the Magadha Empire[\BOLD][NEWLINE][BOLD]Lived: [\BOLD] c. 413 - 395 BC [NEWLINE][PARAGRAPH:2][BOLD]Background:[\BOLD][NEWLINE][TAB]Shishunaga (or Shusunaga) was the founder of the Shishunaga dynasty of the Magadha Empire in the present day northern India. Initially, he was an amatya (official) of the Magadha empire under the Haryanka dynasty. He was placed on the throne by the people who revolted against the Haryanka dynasty rule. The Puranas tell us that he placed his son at Varanasi and himself ruled from Girivraja (Rajagriha).  Initially, his capital was Rajagriha and Vaishali  was his second royal residence. Later he shifted his capital to Vaishali. His most significant achievement was the destruction of the 'glory' of the Pradyota dynasty of the Avanti  kingdom. Most probably the king of Avanti whom Shishunaga humbled was Avantivardhana. The Magadhan victory must have been helped by the revolution that placed Aryaka on the thone of Ujjayini.  He was succeeded by his son Kakavarna Kalashoka.</German>
		<Italian>[H1]Shishunaga[\H1][NEWLINE][BOLD]Founder of the Shishunaga Dynasty of the Magadha Empire[\BOLD][NEWLINE][BOLD]Lived: [\BOLD] c. 413 - 395 BC [NEWLINE][PARAGRAPH:2][BOLD]Background:[\BOLD][NEWLINE][TAB]Shishunaga (or Shusunaga) was the founder of the Shishunaga dynasty of the Magadha Empire in the present day northern India. Initially, he was an amatya (official) of the Magadha empire under the Haryanka dynasty. He was placed on the throne by the people who revolted against the Haryanka dynasty rule. The Puranas tell us that he placed his son at Varanasi and himself ruled from Girivraja (Rajagriha).  Initially, his capital was Rajagriha and Vaishali  was his second royal residence. Later he shifted his capital to Vaishali. His most significant achievement was the destruction of the 'glory' of the Pradyota dynasty of the Avanti  kingdom. Most probably the king of Avanti whom Shishunaga humbled was Avantivardhana. The Magadhan victory must have been helped by the revolution that placed Aryaka on the thone of Ujjayini.  He was succeeded by his son Kakavarna Kalashoka.</Italian>
		<Spanish>[H1]Shishunaga[\H1][NEWLINE][BOLD]Founder of the Shishunaga Dynasty of the Magadha Empire[\BOLD][NEWLINE][BOLD]Lived: [\BOLD] c. 413 - 395 BC [NEWLINE][PARAGRAPH:2][BOLD]Background:[\BOLD][NEWLINE][TAB]Shishunaga (or Shusunaga) was the founder of the Shishunaga dynasty of the Magadha Empire in the present day northern India. Initially, he was an amatya (official) of the Magadha empire under the Haryanka dynasty. He was placed on the throne by the people who revolted against the Haryanka dynasty rule. The Puranas tell us that he placed his son at Varanasi and himself ruled from Girivraja (Rajagriha).  Initially, his capital was Rajagriha and Vaishali  was his second royal residence. Later he shifted his capital to Vaishali. His most significant achievement was the destruction of the 'glory' of the Pradyota dynasty of the Avanti  kingdom. Most probably the king of Avanti whom Shishunaga humbled was Avantivardhana. The Magadhan victory must have been helped by the revolution that placed Aryaka on the thone of Ujjayini.  He was succeeded by his son Kakavarna Kalashoka.</Spanish>
	</TEXT>
	<TEXT>
		<Tag>AI_DIPLO_FIRST_CONTACT_LEADER_SHISHUNAGA_1</Tag>
		<English>Humble yourself, [CT_NAME].  A sacred land demands piety.</English>
		<French>Soyez humble, [CT_NAME].  Une terre sacrée requiert de la piété.</French>
		<German>Humble yourself, [CT_NAME].  A sacred land demands piety.</German>
		<Italian>Humble yourself, [CT_NAME].  A sacred land demands piety.</Italian>
		<Spanish>Humble yourself, [CT_NAME].  A sacred land demands piety.</Spanish>
	</TEXT>
</Civ4GameText>