<?xml version="1.0" encoding="ISO-8859-1"?>
<!-- Sid Meier's Civilization 4 Beyond the Sword -->
<!-- Modified by the Civ Gold Team -->
<!-- -->
<Civ4GameText xmlns="http://www.firaxis.com">
	<TEXT>
		<Tag>TXT_KEY_LEADER_KHOMEINI</Tag>
		<English>Khomeini</English>
		<French>Khomeini</French>
		<German>Khomeini</German>
		<Italian>Khomeini</Italian>
		<Spanish>Khomeini</Spanish>
	</TEXT>
	<TEXT>
		<Tag>TXT_KEY_LEADER_KHOMEINI_PEDIA</Tag>
		<English>[H1]Ayatollah Ruhollah Musavi Khomeini[\H1][NEWLINE][BOLD]1st Supreme Leader of Iran[\BOLD][NEWLINE][BOLD]Lived: [\BOLD]1902 - 1989[NEWLINE][PARAGRAPH:2][BOLD]Background:[\BOLD][NEWLINE][TAB]Sayyid Ruhollah Musavi Khomeini -was an Iranian religious leader and scholar, politician, and leader of the 1979 Iranian Revolution which saw the overthrow of Mohammad Reza Pahlavi, the Shah of Iran. Following the revolution and a national referendum, Khomeini became the country's Supreme Leader, a position created in the constitution as the highest ranking political and religious authority of the nation, until his death.[PARAGRAPH:1]Khomeini was a marja or marja al-taqlid ("source of emulation") or Grand Ayatollah in Twelver Shi'a Islam, but is most famous for his political role. In his writings and preachings he expanded the Shi'a Usuli theory of velayat-e faqih, the "guardianship of the jurisconsult (clerical authority)" to include theocratic political rule by Islamic jurists and to provide the theological basis for his rule of Iran.[PARAGRAPH:1]Beloved by millions of Iranians, Khomeini was a "charismatic leader of immense popularity," and both his return from exile and his funeral were occasions of great emotional outpouring for millions. Abroad he was known for his support of the hostage takers during the Iranian hostage crisis and his fatwa calling for the death of British suject and writer Salman Rushdie. The "virtual face of Islam in Western popular culture," Khomeini was named Man of the Year in 1979 by TIME magazine, and became known outside of his supporters as a "fanatic whose judgments are harsh, reasoning bizarre, and conclusions surreal" who "inculcated fear and distrust towards Islam" during his reign.[PARAGRAPH:1]Khomeini is usually known as "Imam Khomeini" inside Iran and "Ayatollah Khomeini" outside of Iran.</English>
		<French>[H1]Ayatollah Ruhollah Musavi Khomeini[\H1][NEWLINE][BOLD]1st Supreme Leader of Iran[\BOLD][NEWLINE][BOLD]Lived: [\BOLD]1902 - 1989[NEWLINE][PARAGRAPH:2][BOLD]Background:[\BOLD][NEWLINE][TAB]Sayyid Ruhollah Musavi Khomeini -was an Iranian religious leader and scholar, politician, and leader of the 1979 Iranian Revolution which saw the overthrow of Mohammad Reza Pahlavi, the Shah of Iran. Following the revolution and a national referendum, Khomeini became the country's Supreme Leader, a position created in the constitution as the highest ranking political and religious authority of the nation, until his death.[PARAGRAPH:1]Khomeini was a marja or marja al-taqlid ("source of emulation") or Grand Ayatollah in Twelver Shi'a Islam, but is most famous for his political role. In his writings and preachings he expanded the Shi'a Usuli theory of velayat-e faqih, the "guardianship of the jurisconsult (clerical authority)" to include theocratic political rule by Islamic jurists and to provide the theological basis for his rule of Iran.[PARAGRAPH:1]Beloved by millions of Iranians, Khomeini was a "charismatic leader of immense popularity," and both his return from exile and his funeral were occasions of great emotional outpouring for millions. Abroad he was known for his support of the hostage takers during the Iranian hostage crisis and his fatwa calling for the death of British suject and writer Salman Rushdie. The "virtual face of Islam in Western popular culture," Khomeini was named Man of the Year in 1979 by TIME magazine, and became known outside of his supporters as a "fanatic whose judgments are harsh, reasoning bizarre, and conclusions surreal" who "inculcated fear and distrust towards Islam" during his reign.[PARAGRAPH:1]Khomeini is usually known as "Imam Khomeini" inside Iran and "Ayatollah Khomeini" outside of Iran.</French>
		<German>[H1]Ayatollah Ruhollah Musavi Khomeini[\H1][NEWLINE][BOLD]1st Supreme Leader of Iran[\BOLD][NEWLINE][BOLD]Lived: [\BOLD]1902 - 1989[NEWLINE][PARAGRAPH:2][BOLD]Background:[\BOLD][NEWLINE][TAB]Sayyid Ruhollah Musavi Khomeini -was an Iranian religious leader and scholar, politician, and leader of the 1979 Iranian Revolution which saw the overthrow of Mohammad Reza Pahlavi, the Shah of Iran. Following the revolution and a national referendum, Khomeini became the country's Supreme Leader, a position created in the constitution as the highest ranking political and religious authority of the nation, until his death.[PARAGRAPH:1]Khomeini was a marja or marja al-taqlid ("source of emulation") or Grand Ayatollah in Twelver Shi'a Islam, but is most famous for his political role. In his writings and preachings he expanded the Shi'a Usuli theory of velayat-e faqih, the "guardianship of the jurisconsult (clerical authority)" to include theocratic political rule by Islamic jurists and to provide the theological basis for his rule of Iran.[PARAGRAPH:1]Beloved by millions of Iranians, Khomeini was a "charismatic leader of immense popularity," and both his return from exile and his funeral were occasions of great emotional outpouring for millions. Abroad he was known for his support of the hostage takers during the Iranian hostage crisis and his fatwa calling for the death of British suject and writer Salman Rushdie. The "virtual face of Islam in Western popular culture," Khomeini was named Man of the Year in 1979 by TIME magazine, and became known outside of his supporters as a "fanatic whose judgments are harsh, reasoning bizarre, and conclusions surreal" who "inculcated fear and distrust towards Islam" during his reign.[PARAGRAPH:1]Khomeini is usually known as "Imam Khomeini" inside Iran and "Ayatollah Khomeini" outside of Iran.</German>
		<Italian>[H1]Ayatollah Ruhollah Musavi Khomeini[\H1][NEWLINE][BOLD]1st Supreme Leader of Iran[\BOLD][NEWLINE][BOLD]Lived: [\BOLD]1902 - 1989[NEWLINE][PARAGRAPH:2][BOLD]Background:[\BOLD][NEWLINE][TAB]Sayyid Ruhollah Musavi Khomeini -was an Iranian religious leader and scholar, politician, and leader of the 1979 Iranian Revolution which saw the overthrow of Mohammad Reza Pahlavi, the Shah of Iran. Following the revolution and a national referendum, Khomeini became the country's Supreme Leader, a position created in the constitution as the highest ranking political and religious authority of the nation, until his death.[PARAGRAPH:1]Khomeini was a marja or marja al-taqlid ("source of emulation") or Grand Ayatollah in Twelver Shi'a Islam, but is most famous for his political role. In his writings and preachings he expanded the Shi'a Usuli theory of velayat-e faqih, the "guardianship of the jurisconsult (clerical authority)" to include theocratic political rule by Islamic jurists and to provide the theological basis for his rule of Iran.[PARAGRAPH:1]Beloved by millions of Iranians, Khomeini was a "charismatic leader of immense popularity," and both his return from exile and his funeral were occasions of great emotional outpouring for millions. Abroad he was known for his support of the hostage takers during the Iranian hostage crisis and his fatwa calling for the death of British suject and writer Salman Rushdie. The "virtual face of Islam in Western popular culture," Khomeini was named Man of the Year in 1979 by TIME magazine, and became known outside of his supporters as a "fanatic whose judgments are harsh, reasoning bizarre, and conclusions surreal" who "inculcated fear and distrust towards Islam" during his reign.[PARAGRAPH:1]Khomeini is usually known as "Imam Khomeini" inside Iran and "Ayatollah Khomeini" outside of Iran.</Italian>
		<Spanish>[H1]Ayatollah Ruhollah Musavi Khomeini[\H1][NEWLINE][BOLD]1st Supreme Leader of Iran[\BOLD][NEWLINE][BOLD]Lived: [\BOLD]1902 - 1989[NEWLINE][PARAGRAPH:2][BOLD]Background:[\BOLD][NEWLINE][TAB]Sayyid Ruhollah Musavi Khomeini -was an Iranian religious leader and scholar, politician, and leader of the 1979 Iranian Revolution which saw the overthrow of Mohammad Reza Pahlavi, the Shah of Iran. Following the revolution and a national referendum, Khomeini became the country's Supreme Leader, a position created in the constitution as the highest ranking political and religious authority of the nation, until his death.[PARAGRAPH:1]Khomeini was a marja or marja al-taqlid ("source of emulation") or Grand Ayatollah in Twelver Shi'a Islam, but is most famous for his political role. In his writings and preachings he expanded the Shi'a Usuli theory of velayat-e faqih, the "guardianship of the jurisconsult (clerical authority)" to include theocratic political rule by Islamic jurists and to provide the theological basis for his rule of Iran.[PARAGRAPH:1]Beloved by millions of Iranians, Khomeini was a "charismatic leader of immense popularity," and both his return from exile and his funeral were occasions of great emotional outpouring for millions. Abroad he was known for his support of the hostage takers during the Iranian hostage crisis and his fatwa calling for the death of British suject and writer Salman Rushdie. The "virtual face of Islam in Western popular culture," Khomeini was named Man of the Year in 1979 by TIME magazine, and became known outside of his supporters as a "fanatic whose judgments are harsh, reasoning bizarre, and conclusions surreal" who "inculcated fear and distrust towards Islam" during his reign.[PARAGRAPH:1]Khomeini is usually known as "Imam Khomeini" inside Iran and "Ayatollah Khomeini" outside of Iran.</Spanish>
	</TEXT>
	<TEXT>
		<Tag>AI_DIPLO_FIRST_CONTACT_LEADER_KHOMEINI_1</Tag>
		<English>There is no room for play in Islam, [CT_NAME]. It is deadly serious about everything. </English>
		<French>Il n'y a pas de place pour les divertissements dans l'Islam, [CT_NAME]. Nous sommes mortellement s�rieux � propos de tout.</French>
		<German>There is no room for play in Islam, [CT_NAME]. It is deadly serious about everything.</German>
		<Italian>There is no room for play in Islam, [CT_NAME]. It is deadly serious about everything.</Italian>
		<Spanish>There is no room for play in Islam, [CT_NAME]. It is deadly serious about everything.</Spanish>
	</TEXT>
</Civ4GameText>
