<?xml version="1.0" encoding="ISO-8859-1"?>
<!-- Sid Meier's Civilization 4 Beyond the Sword -->
<!-- Modified by the Civ Gold Team -->
<!-- -->
<Civ4GameText xmlns="http://www.firaxis.com">
	<TEXT>
		<Tag>TXT_KEY_BUILDING_SELEUKEION</Tag>
		<English>Seleukeion</English>
		<French>Seleukeion</French>
		<German>Seleukeion</German>
		<Italian>Seleukeion</Italian>
		<Spanish>Seleukeion</Spanish>
	</TEXT>
	<TEXT>
		<Tag>TXT_KEY_BUILDING_SELEUKEION_PEDIA</Tag>
		<English>[TAB]When Alexander the Great died he left behind a power vacuum only to be filled by his generals, the Diadochi, who carved up his empire for themselves.  One of these generals, Seleucus I, was proclaimed chiliach, or General of the Army, under Perdiccas.[NEWLINE][TAB]When Perdiccas was murdered in 321bc, which Seleucus had a hand in; he moved quickly to seize Babylon and the entirety of the Old Persian Empire.  At the time of Seleucus own murder he was in control of the largest of the Successor kingdoms, with an empire that stretched from Asia Minor to India.[NEWLINE][TAB]To help control the towns and cities local magistrates worked from a building called the Seleukeion.  These buildings managed everything from day to day running of the city.  To trade along the vital trade routes east.  Principles among those were the Persian Royal Road and the Silk Road.</English>
		<French>[TAB]When Alexander the Great died he left behind a power vacuum only to be filled by his generals, the Diadochi, who carved up his empire for themselves.  One of these generals, Seleucus I, was proclaimed chiliach, or General of the Army, under Perdiccas.[NEWLINE][TAB]When Perdiccas was murdered in 321bc, which Seleucus had a hand in; he moved quickly to seize Babylon and the entirety of the Old Persian Empire.  At the time of Seleucus own murder he was in control of the largest of the Successor kingdoms, with an empire that stretched from Asia Minor to India.[NEWLINE][TAB]To help control the towns and cities local magistrates worked from a building called the Seleukeion.  These buildings managed everything from day to day running of the city.  To trade along the vital trade routes east.  Principles among those were the Persian Royal Road and the Silk Road.</French>
		<German>[TAB]When Alexander the Great died he left behind a power vacuum only to be filled by his generals, the Diadochi, who carved up his empire for themselves.  One of these generals, Seleucus I, was proclaimed chiliach, or General of the Army, under Perdiccas.[NEWLINE][TAB]When Perdiccas was murdered in 321bc, which Seleucus had a hand in; he moved quickly to seize Babylon and the entirety of the Old Persian Empire.  At the time of Seleucus own murder he was in control of the largest of the Successor kingdoms, with an empire that stretched from Asia Minor to India.[NEWLINE][TAB]To help control the towns and cities local magistrates worked from a building called the Seleukeion.  These buildings managed everything from day to day running of the city.  To trade along the vital trade routes east.  Principles among those were the Persian Royal Road and the Silk Road.</German>
		<Italian>[TAB]When Alexander the Great died he left behind a power vacuum only to be filled by his generals, the Diadochi, who carved up his empire for themselves.  One of these generals, Seleucus I, was proclaimed chiliach, or General of the Army, under Perdiccas.[NEWLINE][TAB]When Perdiccas was murdered in 321bc, which Seleucus had a hand in; he moved quickly to seize Babylon and the entirety of the Old Persian Empire.  At the time of Seleucus own murder he was in control of the largest of the Successor kingdoms, with an empire that stretched from Asia Minor to India.[NEWLINE][TAB]To help control the towns and cities local magistrates worked from a building called the Seleukeion.  These buildings managed everything from day to day running of the city.  To trade along the vital trade routes east.  Principles among those were the Persian Royal Road and the Silk Road.</Italian>
		<Spanish>[TAB]When Alexander the Great died he left behind a power vacuum only to be filled by his generals, the Diadochi, who carved up his empire for themselves.  One of these generals, Seleucus I, was proclaimed chiliach, or General of the Army, under Perdiccas.[NEWLINE][TAB]When Perdiccas was murdered in 321bc, which Seleucus had a hand in; he moved quickly to seize Babylon and the entirety of the Old Persian Empire.  At the time of Seleucus own murder he was in control of the largest of the Successor kingdoms, with an empire that stretched from Asia Minor to India.[NEWLINE][TAB]To help control the towns and cities local magistrates worked from a building called the Seleukeion.  These buildings managed everything from day to day running of the city.  To trade along the vital trade routes east.  Principles among those were the Persian Royal Road and the Silk Road.</Spanish>
	</TEXT>
	<TEXT>
		<Tag>TXT_KEY_BUILDING_SELEUKEION_STRATEGY</Tag>
		<English>The [COLOR_BUILDING_TEXT]Seleukeion[COLOR_REVERT] replaces the [COLOR_BUILDING_TEXT]Courthouse[COLOR_REVERT] and provides additional gold in the city it is built.</English>
		<French>Le [COLOR_BUILDING_TEXT]seleukeion[COLOR_REVERT] remplace le [COLOR_BUILDING_TEXT]tribunal[COLOR_REVERT] et procure de l'or suppl�mentaire dans la ville o� il est construit.</French>
		<German>The [COLOR_BUILDING_TEXT]Seleukeion[COLOR_REVERT] replaces the [COLOR_BUILDING_TEXT]Courthouse[COLOR_REVERT] and provides additional gold in the city it is built.</German>
		<Italian>The [COLOR_BUILDING_TEXT]Seleukeion[COLOR_REVERT] replaces the [COLOR_BUILDING_TEXT]Courthouse[COLOR_REVERT] and provides additional gold in the city it is built.</Italian>
		<Spanish>The [COLOR_BUILDING_TEXT]Seleukeion[COLOR_REVERT] replaces the [COLOR_BUILDING_TEXT]Courthouse[COLOR_REVERT] and provides additional gold in the city it is built.</Spanish>
	</TEXT>
</Civ4GameText>