<?xml version="1.0" encoding="ISO-8859-1"?>
<!-- Sid Meier's Civilization 4 Beyond the Sword -->
<!-- Modified by the Civ Gold Team -->
<!-- -->
<Civ4GameText xmlns="http://www.firaxis.com">
	<TEXT>
		<Tag>TXT_KEY_BUILDING_IRAN_SCIENCE</Tag>
		<English>IMIDRO</English>
		<French>IMIDRO</French>
		<German>IMIDRO</German>
		<Italian>IMIDRO</Italian>
		<Spanish>IMIDRO</Spanish>
	</TEXT>
	<TEXT>
		<Tag>TXT_KEY_BUILDING_IRAN_SCIENCE_PEDIA</Tag>
		<English>[TAB]Iranian Mines and Mining Industries Development and Renovation Organization (IMIDRO) is a major holding company active in the mining sector in Iran. IMIDRO has 8 major companies and 55 operational subsidiaries active in steel, aluminum, copper, cement and mineral exploitation fields.

Due to diversifying its oil-based economy, and the current sanctions against Iran, Iran has developed its biotechnology, nanotechnology, and pharmaceuticals industries.</English>
		<French>[TAB]Iranian Mines and Mining Industries Development and Renovation Organization (IMIDRO) is a major holding company active in the mining sector in Iran. IMIDRO has 8 major companies and 55 operational subsidiaries active in steel, aluminum, copper, cement and mineral exploitation fields.

Due to diversifying its oil-based economy, and the current sanctions against Iran, Iran has developed its biotechnology, nanotechnology, and pharmaceuticals industries.</French>
		<German>[TAB]Iranian Mines and Mining Industries Development and Renovation Organization (IMIDRO) is a major holding company active in the mining sector in Iran. IMIDRO has 8 major companies and 55 operational subsidiaries active in steel, aluminum, copper, cement and mineral exploitation fields.

Due to diversifying its oil-based economy, and the current sanctions against Iran, Iran has developed its biotechnology, nanotechnology, and pharmaceuticals industries.</German>
		<Italian>[TAB]Iranian Mines and Mining Industries Development and Renovation Organization (IMIDRO) is a major holding company active in the mining sector in Iran. IMIDRO has 8 major companies and 55 operational subsidiaries active in steel, aluminum, copper, cement and mineral exploitation fields.

Due to diversifying its oil-based economy, and the current sanctions against Iran, Iran has developed its biotechnology, nanotechnology, and pharmaceuticals industries.</Italian>
		<Spanish>[TAB]Iranian Mines and Mining Industries Development and Renovation Organization (IMIDRO) is a major holding company active in the mining sector in Iran. IMIDRO has 8 major companies and 55 operational subsidiaries active in steel, aluminum, copper, cement and mineral exploitation fields.

Due to diversifying its oil-based economy, and the current sanctions against Iran, Iran has developed its biotechnology, nanotechnology, and pharmaceuticals industries.</Spanish>
	</TEXT>
	<TEXT>
		<Tag>TXT_KEY_BUILDING_IRAN_SCIENCE_STRATEGY</Tag>
		<English>The [COLOR_BUILDING_TEXT]IMIDRO[COLOR_REVERT] replaces the [COLOR_BUILDING_TEXT]Laboratory[COLOR_REVERT] and adds production.</English>
		<French>[COLOR_BUILDING_TEXT]IMIDRO[COLOR_REVERT] remplace le [COLOR_BUILDING_TEXT]laboratoire[COLOR_REVERT] et am�liore la production.</French>
		<German>The [COLOR_BUILDING_TEXT]IMIDRO[COLOR_REVERT] replaces the [COLOR_BUILDING_TEXT]Laboratory[COLOR_REVERT] and adds production.</German>
		<Italian>The [COLOR_BUILDING_TEXT]IMIDRO[COLOR_REVERT] replaces the [COLOR_BUILDING_TEXT]Laboratory[COLOR_REVERT] and adds production.</Italian>
		<Spanish>The [COLOR_BUILDING_TEXT]IMIDRO[COLOR_REVERT] replaces the [COLOR_BUILDING_TEXT]Laboratory[COLOR_REVERT] and adds production.</Spanish>
	</TEXT>
</Civ4GameText>